monitoring_location_id,parameter_code,statistic_id,Date,q_cfs,unit_of_measure,approval_status,last_modified,qualifier,time_series_id,site_no,agency_cd,Site
USGS-06752260,00060,00003,2020-10-01,6.64,ft^3/s,Approved,2025-02-21T16:41:42Z,,272a1fc51e7a4da584101aad9cdd2601,06752260,USGS,Lincoln
USGS-06752280,00060,00003,2020-10-01,0.64,ft^3/s,Approved,2025-02-24T16:24:39Z,,af36731baeac4ee5a7a5b5d47e298ee3,06752280,USGS,Boxelder
USGS-06752260,00060,00003,2020-10-02,7.41,ft^3/s,Approved,2025-02-21T16:41:42Z,,272a1fc51e7a4da584101aad9cdd2601,06752260,USGS,Lincoln
USGS-06752280,00060,00003,2020-10-02,0.69,ft^3/s,Approved,2025-02-24T16:24:39Z,,af36731baeac4ee5a7a5b5d47e298ee3,06752280,USGS,Boxelder
USGS-06752260,00060,00003,2020-10-03,7.04,ft^3/s,Approved,2025-02-21T16:41:42Z,,272a1fc51e7a4da584101aad9cdd2601,06752260,USGS,Lincoln
USGS-06752280,00060,00003,2020-10-03,0.53,ft^3/s,Approved,2025-02-24T16:24:39Z,,af36731baeac4ee5a7a5b5d47e298ee3,06752280,USGS,Boxelder
USGS-06752260,00060,00003,2020-10-04,6.84,ft^3/s,Approved,2025-02-21T16:41:42Z,,272a1fc51e7a4da584101aad9cdd2601,06752260,USGS,Lincoln
USGS-06752280,00060,00003,2020-10-04,0.44,ft^3/s,Approved,2025-02-24T16:24:39Z,,af36731baeac4ee5a7a5b5d47e298ee3,06752280,USGS,Boxelder
USGS-06752260,00060,00003,2020-10-05,6.79,ft^3/s,Approved,2025-02-21T16:41:42Z,,272a1fc51e7a4da584101aad9cdd2601,06752260,USGS,Lincoln
USGS-06752280,00060,00003,2020-10-05,0.5,ft^3/s,Approved,2025-02-24T16:24:39Z,,af36731baeac4ee5a7a5b5d47e298ee3,06752280,USGS,Boxelder
USGS-06752260,00060,00003,2020-10-06,7.81,ft^3/s,Approved,2025-02-21T16:41:42Z,,272a1fc51e7a4da584101aad9cdd2601,06752260,USGS,Lincoln
USGS-06752280,00060,00003,2020-10-06,0.66,ft^3/s,Approved,2025-02-24T16:24:39Z,,af36731baeac4ee5a7a5b5d47e298ee3,06752280,USGS,Boxelder
USGS-06752260,00060,00003,2020-10-07,6.49,ft^3/s,Approved,2025-02-21T16:41:42Z,,272a1fc51e7a4da584101aad9cdd2601,06752260,USGS,Lincoln
USGS-06752280,00060,00003,2020-10-07,0.84,ft^3/s,Approved,2025-02-24T16:24:39Z,,af36731baeac4ee5a7a5b5d47e298ee3,06752280,USGS,Boxelder
USGS-06752260,00060,00003,2020-10-08,11.3,ft^3/s,Approved,2025-02-21T16:41:42Z,,272a1fc51e7a4da584101aad9cdd2601,06752260,USGS,Lincoln
USGS-06752280,00060,00003,2020-10-08,0.9,ft^3/s,Approved,2025-02-24T16:24:39Z,,af36731baeac4ee5a7a5b5d47e298ee3,06752280,USGS,Boxelder
USGS-06752260,00060,00003,2020-10-09,20.2,ft^3/s,Approved,2025-02-21T16:41:42Z,,272a1fc51e7a4da584101aad9cdd2601,06752260,USGS,Lincoln
USGS-06752280,00060,00003,2020-10-09,3.47,ft^3/s,Approved,2025-02-24T16:24:39Z,,af36731baeac4ee5a7a5b5d47e298ee3,06752280,USGS,Boxelder
USGS-06752260,00060,00003,2020-10-10,15.2,ft^3/s,Approved,2025-02-21T16:41:42Z,,272a1fc51e7a4da584101aad9cdd2601,06752260,USGS,Lincoln
USGS-06752280,00060,00003,2020-10-10,9.6,ft^3/s,Approved,2025-02-24T16:24:39Z,,af36731baeac4ee5a7a5b5d47e298ee3,06752280,USGS,Boxelder
USGS-06752260,00060,00003,2020-10-11,11.2,ft^3/s,Approved,2025-02-21T16:41:42Z,,272a1fc51e7a4da584101aad9cdd2601,06752260,USGS,Lincoln
USGS-06752280,00060,00003,2020-10-11,11.7,ft^3/s,Approved,2025-02-24T16:24:39Z,,af36731baeac4ee5a7a5b5d47e298ee3,06752280,USGS,Boxelder
USGS-06752260,00060,00003,2020-10-12,11.8,ft^3/s,Approved,2025-02-21T16:41:42Z,,272a1fc51e7a4da584101aad9cdd2601,06752260,USGS,Lincoln
USGS-06752280,00060,00003,2020-10-12,7.4,ft^3/s,Approved,2025-02-24T16:24:39Z,,af36731baeac4ee5a7a5b5d47e298ee3,06752280,USGS,Boxelder
USGS-06752260,00060,00003,2020-10-13,18.4,ft^3/s,Approved,2025-02-21T16:41:42Z,,272a1fc51e7a4da584101aad9cdd2601,06752260,USGS,Lincoln
USGS-06752280,00060,00003,2020-10-13,15,ft^3/s,Approved,2025-02-24T16:24:39Z,,af36731baeac4ee5a7a5b5d47e298ee3,06752280,USGS,Boxelder
USGS-06752260,00060,00003,2020-10-14,19.9,ft^3/s,Approved,2025-02-21T16:41:42Z,,272a1fc51e7a4da584101aad9cdd2601,06752260,USGS,Lincoln
USGS-06752280,00060,00003,2020-10-14,12.8,ft^3/s,Approved,2025-02-24T16:24:39Z,,af36731baeac4ee5a7a5b5d47e298ee3,06752280,USGS,Boxelder
USGS-06752260,00060,00003,2020-10-15,18.2,ft^3/s,Approved,2025-02-21T16:41:42Z,,272a1fc51e7a4da584101aad9cdd2601,06752260,USGS,Lincoln
USGS-06752280,00060,00003,2020-10-15,9.9,ft^3/s,Approved,2025-02-24T16:24:39Z,,af36731baeac4ee5a7a5b5d47e298ee3,06752280,USGS,Boxelder
USGS-06752260,00060,00003,2020-10-16,10.2,ft^3/s,Approved,2025-02-21T16:41:42Z,,272a1fc51e7a4da584101aad9cdd2601,06752260,USGS,Lincoln
USGS-06752280,00060,00003,2020-10-16,6.95,ft^3/s,Approved,2025-02-24T16:24:39Z,,af36731baeac4ee5a7a5b5d47e298ee3,06752280,USGS,Boxelder
USGS-06752260,00060,00003,2020-10-17,10.5,ft^3/s,Approved,2025-02-21T16:41:42Z,,272a1fc51e7a4da584101aad9cdd2601,06752260,USGS,Lincoln
USGS-06752280,00060,00003,2020-10-17,9.65,ft^3/s,Approved,2025-02-24T16:24:39Z,,af36731baeac4ee5a7a5b5d47e298ee3,06752280,USGS,Boxelder
USGS-06752260,00060,00003,2020-10-18,9.69,ft^3/s,Approved,2025-02-21T16:41:42Z,,272a1fc51e7a4da584101aad9cdd2601,06752260,USGS,Lincoln
USGS-06752280,00060,00003,2020-10-18,7.8,ft^3/s,Approved,2025-02-24T16:24:39Z,,af36731baeac4ee5a7a5b5d47e298ee3,06752280,USGS,Boxelder
USGS-06752260,00060,00003,2020-10-19,11.9,ft^3/s,Approved,2025-02-21T16:41:42Z,,272a1fc51e7a4da584101aad9cdd2601,06752260,USGS,Lincoln
USGS-06752280,00060,00003,2020-10-19,8.88,ft^3/s,Approved,2025-02-24T16:24:39Z,,af36731baeac4ee5a7a5b5d47e298ee3,06752280,USGS,Boxelder
USGS-06752260,00060,00003,2020-10-20,11.3,ft^3/s,Approved,2025-02-21T16:41:42Z,,272a1fc51e7a4da584101aad9cdd2601,06752260,USGS,Lincoln
USGS-06752280,00060,00003,2020-10-20,14,ft^3/s,Approved,2025-02-24T16:24:39Z,,af36731baeac4ee5a7a5b5d47e298ee3,06752280,USGS,Boxelder
USGS-06752260,00060,00003,2020-10-21,6.03,ft^3/s,Approved,2025-02-21T16:41:42Z,,272a1fc51e7a4da584101aad9cdd2601,06752260,USGS,Lincoln
USGS-06752280,00060,00003,2020-10-21,13.2,ft^3/s,Approved,2025-02-24T16:24:39Z,,af36731baeac4ee5a7a5b5d47e298ee3,06752280,USGS,Boxelder
USGS-06752260,00060,00003,2020-10-22,6.19,ft^3/s,Approved,2025-02-21T16:41:42Z,,272a1fc51e7a4da584101aad9cdd2601,06752260,USGS,Lincoln
USGS-06752280,00060,00003,2020-10-22,11.1,ft^3/s,Approved,2025-02-24T16:24:39Z,,af36731baeac4ee5a7a5b5d47e298ee3,06752280,USGS,Boxelder
USGS-06752260,00060,00003,2020-10-23,98.6,ft^3/s,Approved,2025-02-21T16:41:42Z,,272a1fc51e7a4da584101aad9cdd2601,06752260,USGS,Lincoln
USGS-06752280,00060,00003,2020-10-23,51.3,ft^3/s,Approved,2025-02-24T16:24:39Z,,af36731baeac4ee5a7a5b5d47e298ee3,06752280,USGS,Boxelder
USGS-06752260,00060,00003,2020-10-24,327,ft^3/s,Approved,2025-02-21T16:41:42Z,,272a1fc51e7a4da584101aad9cdd2601,06752260,USGS,Lincoln
USGS-06752280,00060,00003,2020-10-24,244,ft^3/s,Approved,2025-02-24T16:24:39Z,,af36731baeac4ee5a7a5b5d47e298ee3,06752280,USGS,Boxelder
USGS-06752260,00060,00003,2020-10-25,418,ft^3/s,Approved,2025-02-21T16:41:42Z,,272a1fc51e7a4da584101aad9cdd2601,06752260,USGS,Lincoln
USGS-06752280,00060,00003,2020-10-25,342,ft^3/s,Approved,2025-02-24T16:24:39Z,,af36731baeac4ee5a7a5b5d47e298ee3,06752280,USGS,Boxelder
USGS-06752260,00060,00003,2020-10-26,395,ft^3/s,Approved,2025-02-21T16:41:42Z,,272a1fc51e7a4da584101aad9cdd2601,06752260,USGS,Lincoln
USGS-06752280,00060,00003,2020-10-26,323,ft^3/s,Approved,2025-02-24T16:24:39Z,,af36731baeac4ee5a7a5b5d47e298ee3,06752280,USGS,Boxelder
USGS-06752260,00060,00003,2020-10-27,402,ft^3/s,Approved,2025-02-21T16:41:42Z,,272a1fc51e7a4da584101aad9cdd2601,06752260,USGS,Lincoln
USGS-06752280,00060,00003,2020-10-27,326,ft^3/s,Approved,2025-02-24T16:24:39Z,,af36731baeac4ee5a7a5b5d47e298ee3,06752280,USGS,Boxelder
USGS-06752260,00060,00003,2020-10-28,419,ft^3/s,Approved,2025-02-21T16:41:42Z,,272a1fc51e7a4da584101aad9cdd2601,06752260,USGS,Lincoln
USGS-06752280,00060,00003,2020-10-28,328,ft^3/s,Approved,2025-02-24T16:24:39Z,,af36731baeac4ee5a7a5b5d47e298ee3,06752280,USGS,Boxelder
USGS-06752260,00060,00003,2020-10-29,351,ft^3/s,Approved,2025-02-21T16:41:42Z,,272a1fc51e7a4da584101aad9cdd2601,06752260,USGS,Lincoln
USGS-06752280,00060,00003,2020-10-29,255,ft^3/s,Approved,2025-02-24T16:24:39Z,,af36731baeac4ee5a7a5b5d47e298ee3,06752280,USGS,Boxelder
USGS-06752260,00060,00003,2020-10-30,191,ft^3/s,Approved,2025-02-21T16:41:42Z,,272a1fc51e7a4da584101aad9cdd2601,06752260,USGS,Lincoln
USGS-06752280,00060,00003,2020-10-30,138,ft^3/s,Approved,2025-02-24T16:24:39Z,,af36731baeac4ee5a7a5b5d47e298ee3,06752280,USGS,Boxelder
USGS-06752260,00060,00003,2020-10-31,41.4,ft^3/s,Approved,2025-02-21T16:41:42Z,,272a1fc51e7a4da584101aad9cdd2601,06752260,USGS,Lincoln
USGS-06752280,00060,00003,2020-10-31,29.4,ft^3/s,Approved,2025-02-24T16:24:39Z,,af36731baeac4ee5a7a5b5d47e298ee3,06752280,USGS,Boxelder
USGS-06752260,00060,00003,2020-11-01,9.83,ft^3/s,Approved,2025-02-21T16:41:42Z,,272a1fc51e7a4da584101aad9cdd2601,06752260,USGS,Lincoln
USGS-06752280,00060,00003,2020-11-01,4.95,ft^3/s,Approved,2025-02-24T16:24:39Z,,af36731baeac4ee5a7a5b5d47e298ee3,06752280,USGS,Boxelder
USGS-06752260,00060,00003,2020-11-02,9.6,ft^3/s,Approved,2025-02-21T16:41:42Z,,272a1fc51e7a4da584101aad9cdd2601,06752260,USGS,Lincoln
USGS-06752280,00060,00003,2020-11-02,4.18,ft^3/s,Approved,2025-02-24T16:24:39Z,,af36731baeac4ee5a7a5b5d47e298ee3,06752280,USGS,Boxelder
USGS-06752260,00060,00003,2020-11-03,8.64,ft^3/s,Approved,2025-02-21T16:41:42Z,,272a1fc51e7a4da584101aad9cdd2601,06752260,USGS,Lincoln
USGS-06752280,00060,00003,2020-11-03,1.54,ft^3/s,Approved,2025-02-24T16:24:39Z,,af36731baeac4ee5a7a5b5d47e298ee3,06752280,USGS,Boxelder
USGS-06752260,00060,00003,2020-11-04,8.56,ft^3/s,Approved,2025-02-21T16:41:42Z,,272a1fc51e7a4da584101aad9cdd2601,06752260,USGS,Lincoln
USGS-06752280,00060,00003,2020-11-04,1.77,ft^3/s,Approved,2025-02-24T16:24:39Z,,af36731baeac4ee5a7a5b5d47e298ee3,06752280,USGS,Boxelder
USGS-06752260,00060,00003,2020-11-05,8.82,ft^3/s,Approved,2025-02-21T16:41:42Z,,272a1fc51e7a4da584101aad9cdd2601,06752260,USGS,Lincoln
USGS-06752280,00060,00003,2020-11-05,2.02,ft^3/s,Approved,2025-02-24T16:24:39Z,,af36731baeac4ee5a7a5b5d47e298ee3,06752280,USGS,Boxelder
USGS-06752260,00060,00003,2020-11-06,12.3,ft^3/s,Approved,2025-02-21T16:41:42Z,,272a1fc51e7a4da584101aad9cdd2601,06752260,USGS,Lincoln
USGS-06752280,00060,00003,2020-11-06,2.1,ft^3/s,Approved,2025-02-24T16:24:39Z,,af36731baeac4ee5a7a5b5d47e298ee3,06752280,USGS,Boxelder
USGS-06752260,00060,00003,2020-11-07,11.5,ft^3/s,Approved,2025-02-21T16:41:42Z,,272a1fc51e7a4da584101aad9cdd2601,06752260,USGS,Lincoln
USGS-06752280,00060,00003,2020-11-07,2.06,ft^3/s,Approved,2025-02-24T16:24:39Z,,af36731baeac4ee5a7a5b5d47e298ee3,06752280,USGS,Boxelder
USGS-06752260,00060,00003,2020-11-08,10.4,ft^3/s,Approved,2025-02-21T16:41:42Z,,272a1fc51e7a4da584101aad9cdd2601,06752260,USGS,Lincoln
USGS-06752280,00060,00003,2020-11-08,2.21,ft^3/s,Approved,2025-02-24T16:24:39Z,,af36731baeac4ee5a7a5b5d47e298ee3,06752280,USGS,Boxelder
USGS-06752260,00060,00003,2020-11-09,11,ft^3/s,Approved,2025-02-21T16:41:42Z,,272a1fc51e7a4da584101aad9cdd2601,06752260,USGS,Lincoln
USGS-06752280,00060,00003,2020-11-09,2.22,ft^3/s,Approved,2025-02-24T16:24:39Z,,af36731baeac4ee5a7a5b5d47e298ee3,06752280,USGS,Boxelder
USGS-06752260,00060,00003,2020-11-10,10.4,ft^3/s,Approved,2025-02-21T16:41:42Z,,272a1fc51e7a4da584101aad9cdd2601,06752260,USGS,Lincoln
USGS-06752280,00060,00003,2020-11-10,2.1,ft^3/s,Approved,2025-02-24T16:24:39Z,,af36731baeac4ee5a7a5b5d47e298ee3,06752280,USGS,Boxelder
USGS-06752260,00060,00003,2020-11-11,10.3,ft^3/s,Approved,2025-02-21T16:41:42Z,,272a1fc51e7a4da584101aad9cdd2601,06752260,USGS,Lincoln
USGS-06752280,00060,00003,2020-11-11,2.21,ft^3/s,Approved,2025-02-24T16:24:39Z,,af36731baeac4ee5a7a5b5d47e298ee3,06752280,USGS,Boxelder
USGS-06752260,00060,00003,2020-11-12,9.17,ft^3/s,Approved,2025-02-21T16:41:42Z,,272a1fc51e7a4da584101aad9cdd2601,06752260,USGS,Lincoln
USGS-06752280,00060,00003,2020-11-12,2.09,ft^3/s,Approved,2025-02-24T16:24:39Z,,af36731baeac4ee5a7a5b5d47e298ee3,06752280,USGS,Boxelder
USGS-06752260,00060,00003,2020-11-13,8.74,ft^3/s,Approved,2025-02-21T16:41:42Z,,272a1fc51e7a4da584101aad9cdd2601,06752260,USGS,Lincoln
USGS-06752280,00060,00003,2020-11-13,1.99,ft^3/s,Approved,2025-02-24T16:24:39Z,,af36731baeac4ee5a7a5b5d47e298ee3,06752280,USGS,Boxelder
USGS-06752260,00060,00003,2020-11-14,8.27,ft^3/s,Approved,2025-02-21T16:41:42Z,,272a1fc51e7a4da584101aad9cdd2601,06752260,USGS,Lincoln
USGS-06752280,00060,00003,2020-11-14,1.93,ft^3/s,Approved,2025-02-24T16:24:39Z,,af36731baeac4ee5a7a5b5d47e298ee3,06752280,USGS,Boxelder
USGS-06752260,00060,00003,2020-11-15,8.02,ft^3/s,Approved,2025-02-21T16:41:42Z,,272a1fc51e7a4da584101aad9cdd2601,06752260,USGS,Lincoln
USGS-06752280,00060,00003,2020-11-15,1.96,ft^3/s,Approved,2025-02-24T16:24:39Z,,af36731baeac4ee5a7a5b5d47e298ee3,06752280,USGS,Boxelder
USGS-06752260,00060,00003,2020-11-16,8.04,ft^3/s,Approved,2025-02-21T16:41:42Z,,272a1fc51e7a4da584101aad9cdd2601,06752260,USGS,Lincoln
USGS-06752280,00060,00003,2020-11-16,1.93,ft^3/s,Approved,2025-02-24T16:24:39Z,,af36731baeac4ee5a7a5b5d47e298ee3,06752280,USGS,Boxelder
USGS-06752260,00060,00003,2020-11-17,7.97,ft^3/s,Approved,2025-02-21T16:41:42Z,,272a1fc51e7a4da584101aad9cdd2601,06752260,USGS,Lincoln
USGS-06752280,00060,00003,2020-11-17,1.86,ft^3/s,Approved,2025-02-24T16:24:39Z,,af36731baeac4ee5a7a5b5d47e298ee3,06752280,USGS,Boxelder
USGS-06752260,00060,00003,2020-11-18,8.01,ft^3/s,Approved,2025-02-21T16:41:42Z,,272a1fc51e7a4da584101aad9cdd2601,06752260,USGS,Lincoln
USGS-06752280,00060,00003,2020-11-18,1.89,ft^3/s,Approved,2025-02-24T16:24:39Z,,af36731baeac4ee5a7a5b5d47e298ee3,06752280,USGS,Boxelder
USGS-06752260,00060,00003,2020-11-19,8.92,ft^3/s,Approved,2025-02-21T16:41:42Z,,272a1fc51e7a4da584101aad9cdd2601,06752260,USGS,Lincoln
USGS-06752280,00060,00003,2020-11-19,1.92,ft^3/s,Approved,2025-02-24T16:24:39Z,,af36731baeac4ee5a7a5b5d47e298ee3,06752280,USGS,Boxelder
USGS-06752260,00060,00003,2020-11-20,10.3,ft^3/s,Approved,2025-02-21T16:41:42Z,,272a1fc51e7a4da584101aad9cdd2601,06752260,USGS,Lincoln
USGS-06752280,00060,00003,2020-11-20,1.82,ft^3/s,Approved,2025-02-24T16:24:39Z,,af36731baeac4ee5a7a5b5d47e298ee3,06752280,USGS,Boxelder
USGS-06752260,00060,00003,2020-11-21,10.1,ft^3/s,Approved,2025-02-21T16:41:42Z,,272a1fc51e7a4da584101aad9cdd2601,06752260,USGS,Lincoln
USGS-06752280,00060,00003,2020-11-21,1.77,ft^3/s,Approved,2025-02-24T16:24:39Z,,af36731baeac4ee5a7a5b5d47e298ee3,06752280,USGS,Boxelder
USGS-06752260,00060,00003,2020-11-22,9.97,ft^3/s,Approved,2025-02-21T16:41:42Z,,272a1fc51e7a4da584101aad9cdd2601,06752260,USGS,Lincoln
USGS-06752280,00060,00003,2020-11-22,1.88,ft^3/s,Approved,2025-02-24T16:24:39Z,,af36731baeac4ee5a7a5b5d47e298ee3,06752280,USGS,Boxelder
USGS-06752260,00060,00003,2020-11-23,10,ft^3/s,Approved,2025-02-21T16:41:42Z,,272a1fc51e7a4da584101aad9cdd2601,06752260,USGS,Lincoln
USGS-06752280,00060,00003,2020-11-23,1.89,ft^3/s,Approved,2025-02-24T16:24:39Z,,af36731baeac4ee5a7a5b5d47e298ee3,06752280,USGS,Boxelder
USGS-06752260,00060,00003,2020-11-24,12.4,ft^3/s,Approved,2025-02-21T16:41:42Z,,272a1fc51e7a4da584101aad9cdd2601,06752260,USGS,Lincoln
USGS-06752280,00060,00003,2020-11-24,2.08,ft^3/s,Approved,2025-02-24T16:24:39Z,,af36731baeac4ee5a7a5b5d47e298ee3,06752280,USGS,Boxelder
USGS-06752260,00060,00003,2020-11-25,10.2,ft^3/s,Approved,2025-02-21T16:41:42Z,,272a1fc51e7a4da584101aad9cdd2601,06752260,USGS,Lincoln
USGS-06752280,00060,00003,2020-11-25,1.9,ft^3/s,Approved,2025-02-24T16:24:39Z,,af36731baeac4ee5a7a5b5d47e298ee3,06752280,USGS,Boxelder
USGS-06752260,00060,00003,2020-11-26,10.1,ft^3/s,Approved,2025-02-21T16:41:42Z,,272a1fc51e7a4da584101aad9cdd2601,06752260,USGS,Lincoln
USGS-06752280,00060,00003,2020-11-26,1.85,ft^3/s,Approved,2025-02-24T16:24:39Z,,af36731baeac4ee5a7a5b5d47e298ee3,06752280,USGS,Boxelder
USGS-06752260,00060,00003,2020-11-27,9.9,ft^3/s,Approved,2025-02-21T16:41:42Z,,272a1fc51e7a4da584101aad9cdd2601,06752260,USGS,Lincoln
USGS-06752280,00060,00003,2020-11-27,1.77,ft^3/s,Approved,2025-02-24T16:24:39Z,,af36731baeac4ee5a7a5b5d47e298ee3,06752280,USGS,Boxelder
USGS-06752260,00060,00003,2020-11-28,9.87,ft^3/s,Approved,2025-02-21T16:41:42Z,,272a1fc51e7a4da584101aad9cdd2601,06752260,USGS,Lincoln
USGS-06752280,00060,00003,2020-11-28,1.73,ft^3/s,Approved,2025-02-24T16:24:39Z,ESTIMATED,af36731baeac4ee5a7a5b5d47e298ee3,06752280,USGS,Boxelder
USGS-06752260,00060,00003,2020-11-29,9.51,ft^3/s,Approved,2025-02-21T16:41:42Z,,272a1fc51e7a4da584101aad9cdd2601,06752260,USGS,Lincoln
USGS-06752280,00060,00003,2020-11-29,1.69,ft^3/s,Approved,2026-01-15T00:42:43Z,,af36731baeac4ee5a7a5b5d47e298ee3,06752280,USGS,Boxelder
USGS-06752260,00060,00003,2020-11-30,9.56,ft^3/s,Approved,2025-02-21T16:41:42Z,,272a1fc51e7a4da584101aad9cdd2601,06752260,USGS,Lincoln
USGS-06752280,00060,00003,2020-11-30,1.73,ft^3/s,Approved,2025-02-24T16:24:39Z,,af36731baeac4ee5a7a5b5d47e298ee3,06752280,USGS,Boxelder
USGS-06752260,00060,00003,2020-12-01,15.5,ft^3/s,Approved,2025-02-21T16:41:42Z,,272a1fc51e7a4da584101aad9cdd2601,06752260,USGS,Lincoln
USGS-06752280,00060,00003,2020-12-01,1.69,ft^3/s,Approved,2025-02-24T16:24:39Z,,af36731baeac4ee5a7a5b5d47e298ee3,06752280,USGS,Boxelder
USGS-06752260,00060,00003,2020-12-02,19.6,ft^3/s,Approved,2025-02-21T16:41:42Z,,272a1fc51e7a4da584101aad9cdd2601,06752260,USGS,Lincoln
USGS-06752280,00060,00003,2020-12-02,1.69,ft^3/s,Approved,2025-02-24T16:24:39Z,,af36731baeac4ee5a7a5b5d47e298ee3,06752280,USGS,Boxelder
USGS-06752260,00060,00003,2020-12-03,20.4,ft^3/s,Approved,2025-02-21T16:41:42Z,,272a1fc51e7a4da584101aad9cdd2601,06752260,USGS,Lincoln
USGS-06752280,00060,00003,2020-12-03,1.73,ft^3/s,Approved,2025-02-24T16:24:39Z,,af36731baeac4ee5a7a5b5d47e298ee3,06752280,USGS,Boxelder
USGS-06752260,00060,00003,2020-12-04,17.6,ft^3/s,Approved,2025-02-21T16:41:42Z,,272a1fc51e7a4da584101aad9cdd2601,06752260,USGS,Lincoln
USGS-06752280,00060,00003,2020-12-04,1.74,ft^3/s,Approved,2025-02-24T16:24:39Z,,af36731baeac4ee5a7a5b5d47e298ee3,06752280,USGS,Boxelder
USGS-06752260,00060,00003,2020-12-05,20.9,ft^3/s,Approved,2025-02-21T16:41:42Z,,272a1fc51e7a4da584101aad9cdd2601,06752260,USGS,Lincoln
USGS-06752280,00060,00003,2020-12-05,1.74,ft^3/s,Approved,2025-02-24T16:24:39Z,,af36731baeac4ee5a7a5b5d47e298ee3,06752280,USGS,Boxelder
USGS-06752260,00060,00003,2020-12-06,26.8,ft^3/s,Approved,2025-02-21T16:41:42Z,,272a1fc51e7a4da584101aad9cdd2601,06752260,USGS,Lincoln
USGS-06752280,00060,00003,2020-12-06,1.74,ft^3/s,Approved,2025-02-24T16:24:39Z,,af36731baeac4ee5a7a5b5d47e298ee3,06752280,USGS,Boxelder
USGS-06752260,00060,00003,2020-12-07,34,ft^3/s,Approved,2025-02-21T16:41:42Z,,272a1fc51e7a4da584101aad9cdd2601,06752260,USGS,Lincoln
USGS-06752280,00060,00003,2020-12-07,1.77,ft^3/s,Approved,2025-02-24T16:24:39Z,,af36731baeac4ee5a7a5b5d47e298ee3,06752280,USGS,Boxelder
USGS-06752260,00060,00003,2020-12-08,33.9,ft^3/s,Approved,2025-02-21T16:41:42Z,,272a1fc51e7a4da584101aad9cdd2601,06752260,USGS,Lincoln
USGS-06752280,00060,00003,2020-12-08,1.89,ft^3/s,Approved,2025-02-24T16:24:39Z,,af36731baeac4ee5a7a5b5d47e298ee3,06752280,USGS,Boxelder
USGS-06752260,00060,00003,2020-12-09,36.2,ft^3/s,Approved,2025-02-21T16:41:42Z,,272a1fc51e7a4da584101aad9cdd2601,06752260,USGS,Lincoln
USGS-06752280,00060,00003,2020-12-09,2.16,ft^3/s,Approved,2025-02-24T16:24:39Z,,af36731baeac4ee5a7a5b5d47e298ee3,06752280,USGS,Boxelder
USGS-06752260,00060,00003,2020-12-10,39.6,ft^3/s,Approved,2025-02-21T16:41:42Z,,272a1fc51e7a4da584101aad9cdd2601,06752260,USGS,Lincoln
USGS-06752280,00060,00003,2020-12-10,2.17,ft^3/s,Approved,2025-02-24T16:24:39Z,,af36731baeac4ee5a7a5b5d47e298ee3,06752280,USGS,Boxelder
USGS-06752260,00060,00003,2020-12-11,44.7,ft^3/s,Approved,2025-02-21T16:41:42Z,,272a1fc51e7a4da584101aad9cdd2601,06752260,USGS,Lincoln
USGS-06752280,00060,00003,2020-12-11,2.22,ft^3/s,Approved,2025-02-24T16:24:39Z,,af36731baeac4ee5a7a5b5d47e298ee3,06752280,USGS,Boxelder
USGS-06752260,00060,00003,2020-12-12,33.6,ft^3/s,Approved,2025-02-21T16:41:42Z,,272a1fc51e7a4da584101aad9cdd2601,06752260,USGS,Lincoln
USGS-06752280,00060,00003,2020-12-12,2.05,ft^3/s,Approved,2025-02-24T16:24:39Z,,af36731baeac4ee5a7a5b5d47e298ee3,06752280,USGS,Boxelder
USGS-06752260,00060,00003,2020-12-13,28.8,ft^3/s,Approved,2025-02-21T16:41:42Z,,272a1fc51e7a4da584101aad9cdd2601,06752260,USGS,Lincoln
USGS-06752280,00060,00003,2020-12-13,1.89,ft^3/s,Approved,2025-02-24T16:24:39Z,,af36731baeac4ee5a7a5b5d47e298ee3,06752280,USGS,Boxelder
USGS-06752260,00060,00003,2020-12-14,23.5,ft^3/s,Approved,2025-02-21T16:41:42Z,ESTIMATED,272a1fc51e7a4da584101aad9cdd2601,06752260,USGS,Lincoln
USGS-06752280,00060,00003,2020-12-14,1.83,ft^3/s,Approved,2025-02-24T16:24:39Z,,af36731baeac4ee5a7a5b5d47e298ee3,06752280,USGS,Boxelder
USGS-06752260,00060,00003,2020-12-15,35.4,ft^3/s,Approved,2026-01-14T23:29:26Z,,272a1fc51e7a4da584101aad9cdd2601,06752260,USGS,Lincoln
USGS-06752280,00060,00003,2020-12-15,1.8,ft^3/s,Approved,2025-02-24T16:24:39Z,,af36731baeac4ee5a7a5b5d47e298ee3,06752280,USGS,Boxelder
USGS-06752260,00060,00003,2020-12-16,30.1,ft^3/s,Approved,2025-02-21T16:41:42Z,,272a1fc51e7a4da584101aad9cdd2601,06752260,USGS,Lincoln
USGS-06752280,00060,00003,2020-12-16,1.84,ft^3/s,Approved,2025-02-24T16:24:39Z,,af36731baeac4ee5a7a5b5d47e298ee3,06752280,USGS,Boxelder
USGS-06752260,00060,00003,2020-12-17,40.7,ft^3/s,Approved,2025-02-21T16:41:42Z,,272a1fc51e7a4da584101aad9cdd2601,06752260,USGS,Lincoln
USGS-06752280,00060,00003,2020-12-17,1.82,ft^3/s,Approved,2025-02-24T16:24:39Z,,af36731baeac4ee5a7a5b5d47e298ee3,06752280,USGS,Boxelder
USGS-06752260,00060,00003,2020-12-18,39,ft^3/s,Approved,2025-02-21T16:41:42Z,,272a1fc51e7a4da584101aad9cdd2601,06752260,USGS,Lincoln
USGS-06752280,00060,00003,2020-12-18,1.93,ft^3/s,Approved,2025-02-24T16:24:39Z,,af36731baeac4ee5a7a5b5d47e298ee3,06752280,USGS,Boxelder
USGS-06752260,00060,00003,2020-12-19,36.7,ft^3/s,Approved,2025-02-21T16:41:42Z,,272a1fc51e7a4da584101aad9cdd2601,06752260,USGS,Lincoln
USGS-06752280,00060,00003,2020-12-19,1.84,ft^3/s,Approved,2025-02-24T16:24:39Z,,af36731baeac4ee5a7a5b5d47e298ee3,06752280,USGS,Boxelder
USGS-06752260,00060,00003,2020-12-20,32.9,ft^3/s,Approved,2025-02-21T16:41:42Z,,272a1fc51e7a4da584101aad9cdd2601,06752260,USGS,Lincoln
USGS-06752280,00060,00003,2020-12-20,1.81,ft^3/s,Approved,2025-02-24T16:24:39Z,,af36731baeac4ee5a7a5b5d47e298ee3,06752280,USGS,Boxelder
USGS-06752260,00060,00003,2020-12-21,37.4,ft^3/s,Approved,2025-02-21T16:41:42Z,,272a1fc51e7a4da584101aad9cdd2601,06752260,USGS,Lincoln
USGS-06752280,00060,00003,2020-12-21,1.8,ft^3/s,Approved,2025-02-24T16:24:39Z,,af36731baeac4ee5a7a5b5d47e298ee3,06752280,USGS,Boxelder
USGS-06752260,00060,00003,2020-12-22,42.5,ft^3/s,Approved,2025-02-21T16:41:42Z,,272a1fc51e7a4da584101aad9cdd2601,06752260,USGS,Lincoln
USGS-06752280,00060,00003,2020-12-22,1.92,ft^3/s,Approved,2025-02-24T16:24:39Z,,af36731baeac4ee5a7a5b5d47e298ee3,06752280,USGS,Boxelder
USGS-06752260,00060,00003,2020-12-23,30.9,ft^3/s,Approved,2025-02-21T16:41:42Z,ESTIMATED,272a1fc51e7a4da584101aad9cdd2601,06752260,USGS,Lincoln
USGS-06752280,00060,00003,2020-12-23,2.89,ft^3/s,Approved,2025-02-24T16:24:39Z,,af36731baeac4ee5a7a5b5d47e298ee3,06752280,USGS,Boxelder
USGS-06752260,00060,00003,2020-12-24,24.6,ft^3/s,Approved,2025-02-21T16:41:42Z,ESTIMATED,272a1fc51e7a4da584101aad9cdd2601,06752260,USGS,Lincoln
USGS-06752280,00060,00003,2020-12-24,2.48,ft^3/s,Approved,2025-02-24T16:24:39Z,,af36731baeac4ee5a7a5b5d47e298ee3,06752280,USGS,Boxelder
USGS-06752260,00060,00003,2020-12-25,23.6,ft^3/s,Approved,2025-02-21T16:41:42Z,ESTIMATED,272a1fc51e7a4da584101aad9cdd2601,06752260,USGS,Lincoln
USGS-06752280,00060,00003,2020-12-25,2.42,ft^3/s,Approved,2025-02-24T16:24:39Z,,af36731baeac4ee5a7a5b5d47e298ee3,06752280,USGS,Boxelder
USGS-06752260,00060,00003,2020-12-26,37,ft^3/s,Approved,2026-01-14T23:29:26Z,,272a1fc51e7a4da584101aad9cdd2601,06752260,USGS,Lincoln
USGS-06752280,00060,00003,2020-12-26,2.41,ft^3/s,Approved,2025-02-24T16:24:39Z,,af36731baeac4ee5a7a5b5d47e298ee3,06752280,USGS,Boxelder
USGS-06752260,00060,00003,2020-12-27,39.9,ft^3/s,Approved,2025-02-21T16:41:42Z,,272a1fc51e7a4da584101aad9cdd2601,06752260,USGS,Lincoln
USGS-06752280,00060,00003,2020-12-27,2.57,ft^3/s,Approved,2025-02-24T16:24:39Z,,af36731baeac4ee5a7a5b5d47e298ee3,06752280,USGS,Boxelder
USGS-06752260,00060,00003,2020-12-28,31.8,ft^3/s,Approved,2025-02-21T16:41:42Z,,272a1fc51e7a4da584101aad9cdd2601,06752260,USGS,Lincoln
USGS-06752280,00060,00003,2020-12-28,2.43,ft^3/s,Approved,2025-02-24T16:24:39Z,,af36731baeac4ee5a7a5b5d47e298ee3,06752280,USGS,Boxelder
USGS-06752260,00060,00003,2020-12-29,32.1,ft^3/s,Approved,2025-02-21T16:41:42Z,,272a1fc51e7a4da584101aad9cdd2601,06752260,USGS,Lincoln
USGS-06752280,00060,00003,2020-12-29,2.44,ft^3/s,Approved,2025-02-24T16:24:39Z,,af36731baeac4ee5a7a5b5d47e298ee3,06752280,USGS,Boxelder
USGS-06752260,00060,00003,2020-12-30,31.4,ft^3/s,Approved,2025-02-21T16:41:42Z,ESTIMATED,272a1fc51e7a4da584101aad9cdd2601,06752260,USGS,Lincoln
USGS-06752280,00060,00003,2020-12-30,2.48,ft^3/s,Approved,2025-02-24T16:24:39Z,,af36731baeac4ee5a7a5b5d47e298ee3,06752280,USGS,Boxelder
USGS-06752260,00060,00003,2020-12-31,22.6,ft^3/s,Approved,2025-02-21T16:41:42Z,ESTIMATED,272a1fc51e7a4da584101aad9cdd2601,06752260,USGS,Lincoln
USGS-06752280,00060,00003,2020-12-31,2.41,ft^3/s,Approved,2025-02-24T16:24:39Z,,af36731baeac4ee5a7a5b5d47e298ee3,06752280,USGS,Boxelder
USGS-06752260,00060,00003,2021-01-01,27.8,ft^3/s,Approved,2026-01-14T23:29:26Z,,272a1fc51e7a4da584101aad9cdd2601,06752260,USGS,Lincoln
USGS-06752280,00060,00003,2021-01-01,2.36,ft^3/s,Approved,2025-02-24T16:24:39Z,,af36731baeac4ee5a7a5b5d47e298ee3,06752280,USGS,Boxelder
USGS-06752260,00060,00003,2021-01-02,33.9,ft^3/s,Approved,2025-02-21T16:41:42Z,,272a1fc51e7a4da584101aad9cdd2601,06752260,USGS,Lincoln
USGS-06752280,00060,00003,2021-01-02,2.4,ft^3/s,Approved,2025-02-24T16:24:39Z,,af36731baeac4ee5a7a5b5d47e298ee3,06752280,USGS,Boxelder
USGS-06752260,00060,00003,2021-01-03,33.1,ft^3/s,Approved,2025-02-21T16:41:42Z,,272a1fc51e7a4da584101aad9cdd2601,06752260,USGS,Lincoln
USGS-06752280,00060,00003,2021-01-03,2.37,ft^3/s,Approved,2025-02-24T16:24:39Z,,af36731baeac4ee5a7a5b5d47e298ee3,06752280,USGS,Boxelder
USGS-06752260,00060,00003,2021-01-04,29.4,ft^3/s,Approved,2025-02-21T16:41:42Z,,272a1fc51e7a4da584101aad9cdd2601,06752260,USGS,Lincoln
USGS-06752280,00060,00003,2021-01-04,2.31,ft^3/s,Approved,2025-02-24T16:24:39Z,,af36731baeac4ee5a7a5b5d47e298ee3,06752280,USGS,Boxelder
USGS-06752260,00060,00003,2021-01-05,25.1,ft^3/s,Approved,2025-02-21T16:41:42Z,,272a1fc51e7a4da584101aad9cdd2601,06752260,USGS,Lincoln
USGS-06752280,00060,00003,2021-01-05,2.19,ft^3/s,Approved,2025-02-24T16:24:39Z,,af36731baeac4ee5a7a5b5d47e298ee3,06752280,USGS,Boxelder
USGS-06752260,00060,00003,2021-01-06,23.4,ft^3/s,Approved,2025-02-21T16:41:42Z,,272a1fc51e7a4da584101aad9cdd2601,06752260,USGS,Lincoln
USGS-06752280,00060,00003,2021-01-06,2.21,ft^3/s,Approved,2025-02-24T16:24:39Z,,af36731baeac4ee5a7a5b5d47e298ee3,06752280,USGS,Boxelder
USGS-06752260,00060,00003,2021-01-07,19.3,ft^3/s,Approved,2025-02-21T16:41:42Z,,272a1fc51e7a4da584101aad9cdd2601,06752260,USGS,Lincoln
USGS-06752280,00060,00003,2021-01-07,2.19,ft^3/s,Approved,2025-02-24T16:24:39Z,,af36731baeac4ee5a7a5b5d47e298ee3,06752280,USGS,Boxelder
USGS-06752260,00060,00003,2021-01-08,16.2,ft^3/s,Approved,2025-02-21T16:41:42Z,,272a1fc51e7a4da584101aad9cdd2601,06752260,USGS,Lincoln
USGS-06752280,00060,00003,2021-01-08,2.15,ft^3/s,Approved,2025-02-24T16:24:39Z,,af36731baeac4ee5a7a5b5d47e298ee3,06752280,USGS,Boxelder
USGS-06752260,00060,00003,2021-01-09,16,ft^3/s,Approved,2025-02-21T16:41:42Z,,272a1fc51e7a4da584101aad9cdd2601,06752260,USGS,Lincoln
USGS-06752280,00060,00003,2021-01-09,2.12,ft^3/s,Approved,2025-02-24T16:24:39Z,,af36731baeac4ee5a7a5b5d47e298ee3,06752280,USGS,Boxelder
USGS-06752260,00060,00003,2021-01-10,16.9,ft^3/s,Approved,2025-02-21T16:41:42Z,,272a1fc51e7a4da584101aad9cdd2601,06752260,USGS,Lincoln
USGS-06752280,00060,00003,2021-01-10,2.18,ft^3/s,Approved,2025-02-24T16:24:39Z,,af36731baeac4ee5a7a5b5d47e298ee3,06752280,USGS,Boxelder
USGS-06752260,00060,00003,2021-01-11,22.4,ft^3/s,Approved,2025-02-21T16:41:42Z,,272a1fc51e7a4da584101aad9cdd2601,06752260,USGS,Lincoln
USGS-06752280,00060,00003,2021-01-11,2.1,ft^3/s,Approved,2025-02-24T16:24:39Z,,af36731baeac4ee5a7a5b5d47e298ee3,06752280,USGS,Boxelder
USGS-06752260,00060,00003,2021-01-12,19.9,ft^3/s,Approved,2025-02-21T16:41:42Z,,272a1fc51e7a4da584101aad9cdd2601,06752260,USGS,Lincoln
USGS-06752280,00060,00003,2021-01-12,2,ft^3/s,Approved,2025-02-24T16:24:39Z,,af36731baeac4ee5a7a5b5d47e298ee3,06752280,USGS,Boxelder
USGS-06752260,00060,00003,2021-01-13,7.24,ft^3/s,Approved,2025-02-21T16:41:42Z,,272a1fc51e7a4da584101aad9cdd2601,06752260,USGS,Lincoln
USGS-06752280,00060,00003,2021-01-13,1.88,ft^3/s,Approved,2025-02-24T16:24:39Z,,af36731baeac4ee5a7a5b5d47e298ee3,06752280,USGS,Boxelder
USGS-06752260,00060,00003,2021-01-14,22.9,ft^3/s,Approved,2025-02-21T16:41:42Z,,272a1fc51e7a4da584101aad9cdd2601,06752260,USGS,Lincoln
USGS-06752280,00060,00003,2021-01-14,1.9,ft^3/s,Approved,2025-02-24T16:24:39Z,,af36731baeac4ee5a7a5b5d47e298ee3,06752280,USGS,Boxelder
USGS-06752260,00060,00003,2021-01-15,35,ft^3/s,Approved,2025-02-21T16:41:42Z,,272a1fc51e7a4da584101aad9cdd2601,06752260,USGS,Lincoln
USGS-06752280,00060,00003,2021-01-15,3.29,ft^3/s,Approved,2025-02-24T16:24:39Z,,af36731baeac4ee5a7a5b5d47e298ee3,06752280,USGS,Boxelder
USGS-06752260,00060,00003,2021-01-16,15,ft^3/s,Approved,2025-02-21T16:41:42Z,,272a1fc51e7a4da584101aad9cdd2601,06752260,USGS,Lincoln
USGS-06752280,00060,00003,2021-01-16,2.28,ft^3/s,Approved,2025-02-24T16:24:39Z,,af36731baeac4ee5a7a5b5d47e298ee3,06752280,USGS,Boxelder
USGS-06752260,00060,00003,2021-01-17,14.4,ft^3/s,Approved,2025-02-21T16:41:42Z,,272a1fc51e7a4da584101aad9cdd2601,06752260,USGS,Lincoln
USGS-06752280,00060,00003,2021-01-17,2.02,ft^3/s,Approved,2025-02-24T16:24:39Z,,af36731baeac4ee5a7a5b5d47e298ee3,06752280,USGS,Boxelder
USGS-06752260,00060,00003,2021-01-18,17.7,ft^3/s,Approved,2025-02-21T16:41:42Z,,272a1fc51e7a4da584101aad9cdd2601,06752260,USGS,Lincoln
USGS-06752280,00060,00003,2021-01-18,2.18,ft^3/s,Approved,2025-02-24T16:24:39Z,,af36731baeac4ee5a7a5b5d47e298ee3,06752280,USGS,Boxelder
USGS-06752260,00060,00003,2021-01-19,17.7,ft^3/s,Approved,2025-02-21T16:41:42Z,,272a1fc51e7a4da584101aad9cdd2601,06752260,USGS,Lincoln
USGS-06752280,00060,00003,2021-01-19,2.28,ft^3/s,Approved,2025-02-24T16:24:39Z,,af36731baeac4ee5a7a5b5d47e298ee3,06752280,USGS,Boxelder
USGS-06752260,00060,00003,2021-01-20,18.9,ft^3/s,Approved,2025-02-21T16:41:42Z,,272a1fc51e7a4da584101aad9cdd2601,06752260,USGS,Lincoln
USGS-06752280,00060,00003,2021-01-20,2.29,ft^3/s,Approved,2025-02-24T16:24:39Z,,af36731baeac4ee5a7a5b5d47e298ee3,06752280,USGS,Boxelder
USGS-06752260,00060,00003,2021-01-21,18.5,ft^3/s,Approved,2025-02-21T16:41:42Z,,272a1fc51e7a4da584101aad9cdd2601,06752260,USGS,Lincoln
USGS-06752280,00060,00003,2021-01-21,2.26,ft^3/s,Approved,2025-02-24T16:24:39Z,,af36731baeac4ee5a7a5b5d47e298ee3,06752280,USGS,Boxelder
USGS-06752260,00060,00003,2021-01-22,20.6,ft^3/s,Approved,2025-02-21T16:41:42Z,,272a1fc51e7a4da584101aad9cdd2601,06752260,USGS,Lincoln
USGS-06752280,00060,00003,2021-01-22,2.38,ft^3/s,Approved,2025-02-24T16:24:39Z,,af36731baeac4ee5a7a5b5d47e298ee3,06752280,USGS,Boxelder
USGS-06752260,00060,00003,2021-01-23,20.8,ft^3/s,Approved,2025-02-21T16:41:42Z,,272a1fc51e7a4da584101aad9cdd2601,06752260,USGS,Lincoln
USGS-06752280,00060,00003,2021-01-23,2.28,ft^3/s,Approved,2025-02-24T16:24:39Z,,af36731baeac4ee5a7a5b5d47e298ee3,06752280,USGS,Boxelder
USGS-06752260,00060,00003,2021-01-24,22.5,ft^3/s,Approved,2025-02-21T16:41:42Z,,272a1fc51e7a4da584101aad9cdd2601,06752260,USGS,Lincoln
USGS-06752280,00060,00003,2021-01-24,2.42,ft^3/s,Approved,2025-02-24T16:24:39Z,,af36731baeac4ee5a7a5b5d47e298ee3,06752280,USGS,Boxelder
USGS-06752260,00060,00003,2021-01-25,21.8,ft^3/s,Approved,2025-02-21T16:41:42Z,,272a1fc51e7a4da584101aad9cdd2601,06752260,USGS,Lincoln
USGS-06752280,00060,00003,2021-01-25,2.49,ft^3/s,Approved,2025-02-24T16:24:39Z,,af36731baeac4ee5a7a5b5d47e298ee3,06752280,USGS,Boxelder
USGS-06752260,00060,00003,2021-01-26,21.2,ft^3/s,Approved,2025-02-21T16:41:42Z,,272a1fc51e7a4da584101aad9cdd2601,06752260,USGS,Lincoln
USGS-06752280,00060,00003,2021-01-26,2.5,ft^3/s,Approved,2025-02-24T16:24:39Z,,af36731baeac4ee5a7a5b5d47e298ee3,06752280,USGS,Boxelder
USGS-06752260,00060,00003,2021-01-27,21.3,ft^3/s,Approved,2025-02-21T16:41:42Z,ESTIMATED,272a1fc51e7a4da584101aad9cdd2601,06752260,USGS,Lincoln
USGS-06752280,00060,00003,2021-01-27,2.5,ft^3/s,Approved,2025-02-24T16:24:39Z,,af36731baeac4ee5a7a5b5d47e298ee3,06752280,USGS,Boxelder
USGS-06752260,00060,00003,2021-01-28,25.1,ft^3/s,Approved,2025-02-21T16:41:42Z,ESTIMATED,272a1fc51e7a4da584101aad9cdd2601,06752260,USGS,Lincoln
USGS-06752280,00060,00003,2021-01-28,2.65,ft^3/s,Approved,2025-02-24T16:24:39Z,,af36731baeac4ee5a7a5b5d47e298ee3,06752280,USGS,Boxelder
USGS-06752260,00060,00003,2021-01-29,31.2,ft^3/s,Approved,2025-02-21T16:41:42Z,ESTIMATED,272a1fc51e7a4da584101aad9cdd2601,06752260,USGS,Lincoln
USGS-06752280,00060,00003,2021-01-29,3.08,ft^3/s,Approved,2025-02-24T16:24:39Z,,af36731baeac4ee5a7a5b5d47e298ee3,06752280,USGS,Boxelder
USGS-06752260,00060,00003,2021-01-30,29.3,ft^3/s,Approved,2026-01-14T23:29:26Z,,272a1fc51e7a4da584101aad9cdd2601,06752260,USGS,Lincoln
USGS-06752280,00060,00003,2021-01-30,3.33,ft^3/s,Approved,2025-02-24T16:24:39Z,,af36731baeac4ee5a7a5b5d47e298ee3,06752280,USGS,Boxelder
USGS-06752260,00060,00003,2021-01-31,27.5,ft^3/s,Approved,2025-02-21T16:41:42Z,,272a1fc51e7a4da584101aad9cdd2601,06752260,USGS,Lincoln
USGS-06752280,00060,00003,2021-01-31,3.07,ft^3/s,Approved,2025-02-24T16:24:39Z,,af36731baeac4ee5a7a5b5d47e298ee3,06752280,USGS,Boxelder
USGS-06752260,00060,00003,2021-02-01,26.2,ft^3/s,Approved,2025-02-21T16:41:42Z,,272a1fc51e7a4da584101aad9cdd2601,06752260,USGS,Lincoln
USGS-06752280,00060,00003,2021-02-01,2.9,ft^3/s,Approved,2025-02-24T16:24:39Z,,af36731baeac4ee5a7a5b5d47e298ee3,06752280,USGS,Boxelder
USGS-06752260,00060,00003,2021-02-02,28.3,ft^3/s,Approved,2025-02-21T16:41:42Z,,272a1fc51e7a4da584101aad9cdd2601,06752260,USGS,Lincoln
USGS-06752280,00060,00003,2021-02-02,2.89,ft^3/s,Approved,2025-02-24T16:24:39Z,,af36731baeac4ee5a7a5b5d47e298ee3,06752280,USGS,Boxelder
USGS-06752260,00060,00003,2021-02-03,30.5,ft^3/s,Approved,2025-02-21T16:41:42Z,,272a1fc51e7a4da584101aad9cdd2601,06752260,USGS,Lincoln
USGS-06752280,00060,00003,2021-02-03,2.94,ft^3/s,Approved,2025-02-24T16:24:39Z,,af36731baeac4ee5a7a5b5d47e298ee3,06752280,USGS,Boxelder
USGS-06752260,00060,00003,2021-02-04,30.8,ft^3/s,Approved,2025-02-21T16:41:42Z,,272a1fc51e7a4da584101aad9cdd2601,06752260,USGS,Lincoln
USGS-06752280,00060,00003,2021-02-04,3.18,ft^3/s,Approved,2025-02-24T16:24:39Z,,af36731baeac4ee5a7a5b5d47e298ee3,06752280,USGS,Boxelder
USGS-06752260,00060,00003,2021-02-05,26.2,ft^3/s,Approved,2025-02-21T16:41:42Z,,272a1fc51e7a4da584101aad9cdd2601,06752260,USGS,Lincoln
USGS-06752280,00060,00003,2021-02-05,3.12,ft^3/s,Approved,2025-02-24T16:24:39Z,,af36731baeac4ee5a7a5b5d47e298ee3,06752280,USGS,Boxelder
USGS-06752260,00060,00003,2021-02-06,27.7,ft^3/s,Approved,2025-02-21T16:41:42Z,,272a1fc51e7a4da584101aad9cdd2601,06752260,USGS,Lincoln
USGS-06752280,00060,00003,2021-02-06,2.95,ft^3/s,Approved,2025-02-24T16:24:39Z,,af36731baeac4ee5a7a5b5d47e298ee3,06752280,USGS,Boxelder
USGS-06752260,00060,00003,2021-02-07,28.9,ft^3/s,Approved,2025-02-21T16:41:42Z,,272a1fc51e7a4da584101aad9cdd2601,06752260,USGS,Lincoln
USGS-06752280,00060,00003,2021-02-07,3.01,ft^3/s,Approved,2025-02-24T16:24:39Z,,af36731baeac4ee5a7a5b5d47e298ee3,06752280,USGS,Boxelder
USGS-06752260,00060,00003,2021-02-08,24.5,ft^3/s,Approved,2025-02-21T16:41:42Z,,272a1fc51e7a4da584101aad9cdd2601,06752260,USGS,Lincoln
USGS-06752280,00060,00003,2021-02-08,2.97,ft^3/s,Approved,2025-02-24T16:24:39Z,,af36731baeac4ee5a7a5b5d47e298ee3,06752280,USGS,Boxelder
USGS-06752260,00060,00003,2021-02-09,18.9,ft^3/s,Approved,2025-02-21T16:41:42Z,ESTIMATED,272a1fc51e7a4da584101aad9cdd2601,06752260,USGS,Lincoln
USGS-06752280,00060,00003,2021-02-09,2.75,ft^3/s,Approved,2025-02-24T16:24:39Z,,af36731baeac4ee5a7a5b5d47e298ee3,06752280,USGS,Boxelder
USGS-06752260,00060,00003,2021-02-10,20.3,ft^3/s,Approved,2025-02-21T16:41:42Z,ESTIMATED,272a1fc51e7a4da584101aad9cdd2601,06752260,USGS,Lincoln
USGS-06752280,00060,00003,2021-02-10,2.74,ft^3/s,Approved,2025-02-24T16:24:39Z,,af36731baeac4ee5a7a5b5d47e298ee3,06752280,USGS,Boxelder
USGS-06752260,00060,00003,2021-02-11,21.6,ft^3/s,Approved,2025-02-21T16:41:42Z,ESTIMATED,272a1fc51e7a4da584101aad9cdd2601,06752260,USGS,Lincoln
USGS-06752280,00060,00003,2021-02-11,2.72,ft^3/s,Approved,2025-02-24T16:24:39Z,,af36731baeac4ee5a7a5b5d47e298ee3,06752280,USGS,Boxelder
USGS-06752260,00060,00003,2021-02-12,26.8,ft^3/s,Approved,2025-02-21T16:41:42Z,ESTIMATED,272a1fc51e7a4da584101aad9cdd2601,06752260,USGS,Lincoln
USGS-06752280,00060,00003,2021-02-12,2.73,ft^3/s,Approved,2025-02-24T16:24:39Z,,af36731baeac4ee5a7a5b5d47e298ee3,06752280,USGS,Boxelder
USGS-06752260,00060,00003,2021-02-13,28.1,ft^3/s,Approved,2025-02-21T16:41:42Z,ESTIMATED,272a1fc51e7a4da584101aad9cdd2601,06752260,USGS,Lincoln
USGS-06752280,00060,00003,2021-02-13,3.21,ft^3/s,Approved,2025-02-24T16:24:39Z,,af36731baeac4ee5a7a5b5d47e298ee3,06752280,USGS,Boxelder
USGS-06752260,00060,00003,2021-02-14,27.2,ft^3/s,Approved,2025-02-21T16:41:42Z,ESTIMATED,272a1fc51e7a4da584101aad9cdd2601,06752260,USGS,Lincoln
USGS-06752280,00060,00003,2021-02-14,5.13,ft^3/s,Approved,2025-02-24T16:24:39Z,ESTIMATED,af36731baeac4ee5a7a5b5d47e298ee3,06752280,USGS,Boxelder
USGS-06752260,00060,00003,2021-02-15,27.2,ft^3/s,Approved,2025-02-21T16:41:42Z,ESTIMATED,272a1fc51e7a4da584101aad9cdd2601,06752260,USGS,Lincoln
USGS-06752280,00060,00003,2021-02-15,6.31,ft^3/s,Approved,2025-02-24T16:24:39Z,ESTIMATED,af36731baeac4ee5a7a5b5d47e298ee3,06752280,USGS,Boxelder
USGS-06752260,00060,00003,2021-02-16,30.3,ft^3/s,Approved,2026-01-14T23:29:26Z,,272a1fc51e7a4da584101aad9cdd2601,06752260,USGS,Lincoln
USGS-06752280,00060,00003,2021-02-16,6.95,ft^3/s,Approved,2025-02-24T16:24:39Z,ESTIMATED,af36731baeac4ee5a7a5b5d47e298ee3,06752280,USGS,Boxelder
USGS-06752260,00060,00003,2021-02-17,37.9,ft^3/s,Approved,2025-02-21T16:41:42Z,,272a1fc51e7a4da584101aad9cdd2601,06752260,USGS,Lincoln
USGS-06752280,00060,00003,2021-02-17,5.48,ft^3/s,Approved,2026-01-15T00:42:43Z,,af36731baeac4ee5a7a5b5d47e298ee3,06752280,USGS,Boxelder
USGS-06752260,00060,00003,2021-02-18,54.5,ft^3/s,Approved,2025-02-21T16:41:42Z,,272a1fc51e7a4da584101aad9cdd2601,06752260,USGS,Lincoln
USGS-06752280,00060,00003,2021-02-18,5.53,ft^3/s,Approved,2025-02-24T16:24:39Z,,af36731baeac4ee5a7a5b5d47e298ee3,06752280,USGS,Boxelder
USGS-06752260,00060,00003,2021-02-19,52.3,ft^3/s,Approved,2025-02-21T16:41:42Z,,272a1fc51e7a4da584101aad9cdd2601,06752260,USGS,Lincoln
USGS-06752280,00060,00003,2021-02-19,5.22,ft^3/s,Approved,2025-02-24T16:24:39Z,,af36731baeac4ee5a7a5b5d47e298ee3,06752280,USGS,Boxelder
USGS-06752260,00060,00003,2021-02-20,45.8,ft^3/s,Approved,2025-02-21T16:41:42Z,,272a1fc51e7a4da584101aad9cdd2601,06752260,USGS,Lincoln
USGS-06752280,00060,00003,2021-02-20,4.85,ft^3/s,Approved,2025-02-24T16:24:39Z,,af36731baeac4ee5a7a5b5d47e298ee3,06752280,USGS,Boxelder
USGS-06752260,00060,00003,2021-02-21,36.5,ft^3/s,Approved,2025-02-21T16:41:42Z,,272a1fc51e7a4da584101aad9cdd2601,06752260,USGS,Lincoln
USGS-06752280,00060,00003,2021-02-21,5.13,ft^3/s,Approved,2025-02-24T16:24:39Z,,af36731baeac4ee5a7a5b5d47e298ee3,06752280,USGS,Boxelder
USGS-06752260,00060,00003,2021-02-22,28.3,ft^3/s,Approved,2025-02-21T16:41:42Z,,272a1fc51e7a4da584101aad9cdd2601,06752260,USGS,Lincoln
USGS-06752280,00060,00003,2021-02-22,4.74,ft^3/s,Approved,2025-02-24T16:24:39Z,,af36731baeac4ee5a7a5b5d47e298ee3,06752280,USGS,Boxelder
USGS-06752260,00060,00003,2021-02-23,29.4,ft^3/s,Approved,2025-02-21T16:41:42Z,,272a1fc51e7a4da584101aad9cdd2601,06752260,USGS,Lincoln
USGS-06752280,00060,00003,2021-02-23,4.46,ft^3/s,Approved,2025-02-24T16:24:39Z,,af36731baeac4ee5a7a5b5d47e298ee3,06752280,USGS,Boxelder
USGS-06752260,00060,00003,2021-02-24,36.3,ft^3/s,Approved,2025-02-21T16:41:42Z,,272a1fc51e7a4da584101aad9cdd2601,06752260,USGS,Lincoln
USGS-06752280,00060,00003,2021-02-24,5.07,ft^3/s,Approved,2025-02-24T16:24:39Z,,af36731baeac4ee5a7a5b5d47e298ee3,06752280,USGS,Boxelder
USGS-06752260,00060,00003,2021-02-25,34,ft^3/s,Approved,2025-02-21T16:41:42Z,,272a1fc51e7a4da584101aad9cdd2601,06752260,USGS,Lincoln
USGS-06752280,00060,00003,2021-02-25,6.16,ft^3/s,Approved,2025-02-24T16:24:39Z,,af36731baeac4ee5a7a5b5d47e298ee3,06752280,USGS,Boxelder
USGS-06752260,00060,00003,2021-02-26,34.8,ft^3/s,Approved,2025-02-21T16:41:42Z,,272a1fc51e7a4da584101aad9cdd2601,06752260,USGS,Lincoln
USGS-06752280,00060,00003,2021-02-26,6.71,ft^3/s,Approved,2025-02-24T16:24:39Z,,af36731baeac4ee5a7a5b5d47e298ee3,06752280,USGS,Boxelder
USGS-06752260,00060,00003,2021-02-27,33.1,ft^3/s,Approved,2025-02-21T16:41:42Z,,272a1fc51e7a4da584101aad9cdd2601,06752260,USGS,Lincoln
USGS-06752280,00060,00003,2021-02-27,6.07,ft^3/s,Approved,2025-02-24T16:24:39Z,,af36731baeac4ee5a7a5b5d47e298ee3,06752280,USGS,Boxelder
USGS-06752260,00060,00003,2021-02-28,34.2,ft^3/s,Approved,2025-02-21T16:41:42Z,,272a1fc51e7a4da584101aad9cdd2601,06752260,USGS,Lincoln
USGS-06752280,00060,00003,2021-02-28,5.65,ft^3/s,Approved,2025-02-24T16:24:39Z,,af36731baeac4ee5a7a5b5d47e298ee3,06752280,USGS,Boxelder
USGS-06752260,00060,00003,2021-03-01,20.4,ft^3/s,Approved,2025-02-21T16:41:42Z,,272a1fc51e7a4da584101aad9cdd2601,06752260,USGS,Lincoln
USGS-06752280,00060,00003,2021-03-01,5.48,ft^3/s,Approved,2025-02-24T16:24:39Z,,af36731baeac4ee5a7a5b5d47e298ee3,06752280,USGS,Boxelder
USGS-06752260,00060,00003,2021-03-02,10.4,ft^3/s,Approved,2025-02-21T16:41:42Z,,272a1fc51e7a4da584101aad9cdd2601,06752260,USGS,Lincoln
USGS-06752280,00060,00003,2021-03-02,4.71,ft^3/s,Approved,2025-02-24T16:24:39Z,,af36731baeac4ee5a7a5b5d47e298ee3,06752280,USGS,Boxelder
USGS-06752260,00060,00003,2021-03-03,7.01,ft^3/s,Approved,2025-02-21T16:41:42Z,,272a1fc51e7a4da584101aad9cdd2601,06752260,USGS,Lincoln
USGS-06752280,00060,00003,2021-03-03,4.12,ft^3/s,Approved,2025-02-24T16:24:39Z,,af36731baeac4ee5a7a5b5d47e298ee3,06752280,USGS,Boxelder
USGS-06752260,00060,00003,2021-03-04,7.1,ft^3/s,Approved,2025-02-21T16:41:42Z,,272a1fc51e7a4da584101aad9cdd2601,06752260,USGS,Lincoln
USGS-06752280,00060,00003,2021-03-04,4.31,ft^3/s,Approved,2025-02-24T16:24:39Z,,af36731baeac4ee5a7a5b5d47e298ee3,06752280,USGS,Boxelder
USGS-06752260,00060,00003,2021-03-05,7.15,ft^3/s,Approved,2025-02-21T16:41:42Z,,272a1fc51e7a4da584101aad9cdd2601,06752260,USGS,Lincoln
USGS-06752280,00060,00003,2021-03-05,4.66,ft^3/s,Approved,2025-02-24T16:24:39Z,,af36731baeac4ee5a7a5b5d47e298ee3,06752280,USGS,Boxelder
USGS-06752260,00060,00003,2021-03-06,7.4,ft^3/s,Approved,2025-02-21T16:41:42Z,,272a1fc51e7a4da584101aad9cdd2601,06752260,USGS,Lincoln
USGS-06752280,00060,00003,2021-03-06,3.75,ft^3/s,Approved,2025-02-24T16:24:39Z,,af36731baeac4ee5a7a5b5d47e298ee3,06752280,USGS,Boxelder
USGS-06752260,00060,00003,2021-03-07,7.51,ft^3/s,Approved,2025-02-21T16:41:42Z,,272a1fc51e7a4da584101aad9cdd2601,06752260,USGS,Lincoln
USGS-06752280,00060,00003,2021-03-07,3.75,ft^3/s,Approved,2025-02-24T16:24:39Z,,af36731baeac4ee5a7a5b5d47e298ee3,06752280,USGS,Boxelder
USGS-06752260,00060,00003,2021-03-08,7.56,ft^3/s,Approved,2025-02-21T16:41:42Z,,272a1fc51e7a4da584101aad9cdd2601,06752260,USGS,Lincoln
USGS-06752280,00060,00003,2021-03-08,3.79,ft^3/s,Approved,2025-02-24T16:24:39Z,,af36731baeac4ee5a7a5b5d47e298ee3,06752280,USGS,Boxelder
USGS-06752260,00060,00003,2021-03-09,7.35,ft^3/s,Approved,2025-02-21T16:41:42Z,,272a1fc51e7a4da584101aad9cdd2601,06752260,USGS,Lincoln
USGS-06752280,00060,00003,2021-03-09,4.03,ft^3/s,Approved,2025-02-24T16:24:39Z,,af36731baeac4ee5a7a5b5d47e298ee3,06752280,USGS,Boxelder
USGS-06752260,00060,00003,2021-03-10,7.89,ft^3/s,Approved,2025-02-21T16:41:42Z,,272a1fc51e7a4da584101aad9cdd2601,06752260,USGS,Lincoln
USGS-06752280,00060,00003,2021-03-10,4.18,ft^3/s,Approved,2025-02-24T16:24:39Z,,af36731baeac4ee5a7a5b5d47e298ee3,06752280,USGS,Boxelder
USGS-06752260,00060,00003,2021-03-11,11.6,ft^3/s,Approved,2025-02-21T16:41:42Z,,272a1fc51e7a4da584101aad9cdd2601,06752260,USGS,Lincoln
USGS-06752280,00060,00003,2021-03-11,4.9,ft^3/s,Approved,2025-02-24T16:24:39Z,,af36731baeac4ee5a7a5b5d47e298ee3,06752280,USGS,Boxelder
USGS-06752260,00060,00003,2021-03-12,15.2,ft^3/s,Approved,2025-02-21T16:41:42Z,,272a1fc51e7a4da584101aad9cdd2601,06752260,USGS,Lincoln
USGS-06752280,00060,00003,2021-03-12,5.4,ft^3/s,Approved,2025-02-24T16:24:39Z,,af36731baeac4ee5a7a5b5d47e298ee3,06752280,USGS,Boxelder
USGS-06752260,00060,00003,2021-03-13,21.8,ft^3/s,Approved,2025-02-21T16:41:42Z,,272a1fc51e7a4da584101aad9cdd2601,06752260,USGS,Lincoln
USGS-06752280,00060,00003,2021-03-13,8.08,ft^3/s,Approved,2025-02-24T16:24:39Z,,af36731baeac4ee5a7a5b5d47e298ee3,06752280,USGS,Boxelder
USGS-06752260,00060,00003,2021-03-14,32.3,ft^3/s,Approved,2025-02-21T16:41:42Z,,272a1fc51e7a4da584101aad9cdd2601,06752260,USGS,Lincoln
USGS-06752280,00060,00003,2021-03-14,13.8,ft^3/s,Approved,2025-02-24T16:24:39Z,,af36731baeac4ee5a7a5b5d47e298ee3,06752280,USGS,Boxelder
USGS-06752260,00060,00003,2021-03-15,40.8,ft^3/s,Approved,2025-02-21T16:41:42Z,,272a1fc51e7a4da584101aad9cdd2601,06752260,USGS,Lincoln
USGS-06752280,00060,00003,2021-03-15,9.14,ft^3/s,Approved,2025-02-24T16:24:39Z,,af36731baeac4ee5a7a5b5d47e298ee3,06752280,USGS,Boxelder
USGS-06752260,00060,00003,2021-03-16,17,ft^3/s,Approved,2025-02-21T16:41:42Z,,272a1fc51e7a4da584101aad9cdd2601,06752260,USGS,Lincoln
USGS-06752280,00060,00003,2021-03-16,9.32,ft^3/s,Approved,2025-02-24T16:24:39Z,,af36731baeac4ee5a7a5b5d47e298ee3,06752280,USGS,Boxelder
USGS-06752260,00060,00003,2021-03-17,30.2,ft^3/s,Approved,2025-02-21T16:41:42Z,,272a1fc51e7a4da584101aad9cdd2601,06752260,USGS,Lincoln
USGS-06752280,00060,00003,2021-03-17,11,ft^3/s,Approved,2025-02-24T16:24:39Z,,af36731baeac4ee5a7a5b5d47e298ee3,06752280,USGS,Boxelder
USGS-06752260,00060,00003,2021-03-18,24.7,ft^3/s,Approved,2025-02-21T16:41:42Z,,272a1fc51e7a4da584101aad9cdd2601,06752260,USGS,Lincoln
USGS-06752280,00060,00003,2021-03-18,13.9,ft^3/s,Approved,2025-02-24T16:24:39Z,,af36731baeac4ee5a7a5b5d47e298ee3,06752280,USGS,Boxelder
USGS-06752260,00060,00003,2021-03-19,19.7,ft^3/s,Approved,2025-02-21T16:41:42Z,,272a1fc51e7a4da584101aad9cdd2601,06752260,USGS,Lincoln
USGS-06752280,00060,00003,2021-03-19,14.9,ft^3/s,Approved,2025-02-24T16:24:39Z,,af36731baeac4ee5a7a5b5d47e298ee3,06752280,USGS,Boxelder
USGS-06752260,00060,00003,2021-03-20,33.1,ft^3/s,Approved,2025-02-21T16:41:42Z,,272a1fc51e7a4da584101aad9cdd2601,06752260,USGS,Lincoln
USGS-06752280,00060,00003,2021-03-20,17,ft^3/s,Approved,2025-02-24T16:24:39Z,,af36731baeac4ee5a7a5b5d47e298ee3,06752280,USGS,Boxelder
USGS-06752260,00060,00003,2021-03-21,45.7,ft^3/s,Approved,2025-02-21T16:41:42Z,,272a1fc51e7a4da584101aad9cdd2601,06752260,USGS,Lincoln
USGS-06752280,00060,00003,2021-03-21,18.2,ft^3/s,Approved,2025-02-24T16:24:39Z,,af36731baeac4ee5a7a5b5d47e298ee3,06752280,USGS,Boxelder
USGS-06752260,00060,00003,2021-03-22,35.8,ft^3/s,Approved,2025-02-21T16:41:42Z,,272a1fc51e7a4da584101aad9cdd2601,06752260,USGS,Lincoln
USGS-06752280,00060,00003,2021-03-22,15.2,ft^3/s,Approved,2025-02-24T16:24:39Z,,af36731baeac4ee5a7a5b5d47e298ee3,06752280,USGS,Boxelder
USGS-06752260,00060,00003,2021-03-23,34.7,ft^3/s,Approved,2025-02-21T16:41:42Z,,272a1fc51e7a4da584101aad9cdd2601,06752260,USGS,Lincoln
USGS-06752280,00060,00003,2021-03-23,12.5,ft^3/s,Approved,2025-02-24T16:24:39Z,,af36731baeac4ee5a7a5b5d47e298ee3,06752280,USGS,Boxelder
USGS-06752260,00060,00003,2021-03-24,41.9,ft^3/s,Approved,2025-02-21T16:41:42Z,,272a1fc51e7a4da584101aad9cdd2601,06752260,USGS,Lincoln
USGS-06752280,00060,00003,2021-03-24,12.2,ft^3/s,Approved,2025-02-24T16:24:39Z,,af36731baeac4ee5a7a5b5d47e298ee3,06752280,USGS,Boxelder
USGS-06752260,00060,00003,2021-03-25,32.4,ft^3/s,Approved,2025-02-21T16:41:42Z,,272a1fc51e7a4da584101aad9cdd2601,06752260,USGS,Lincoln
USGS-06752280,00060,00003,2021-03-25,11.3,ft^3/s,Approved,2025-02-24T16:24:39Z,,af36731baeac4ee5a7a5b5d47e298ee3,06752280,USGS,Boxelder
USGS-06752260,00060,00003,2021-03-26,25.6,ft^3/s,Approved,2025-02-21T16:41:42Z,,272a1fc51e7a4da584101aad9cdd2601,06752260,USGS,Lincoln
USGS-06752280,00060,00003,2021-03-26,10.4,ft^3/s,Approved,2025-02-24T16:24:39Z,,af36731baeac4ee5a7a5b5d47e298ee3,06752280,USGS,Boxelder
USGS-06752260,00060,00003,2021-03-27,22.4,ft^3/s,Approved,2025-02-21T16:41:42Z,,272a1fc51e7a4da584101aad9cdd2601,06752260,USGS,Lincoln
USGS-06752280,00060,00003,2021-03-27,10.8,ft^3/s,Approved,2025-02-24T16:24:39Z,,af36731baeac4ee5a7a5b5d47e298ee3,06752280,USGS,Boxelder
USGS-06752260,00060,00003,2021-03-28,20.6,ft^3/s,Approved,2025-02-21T16:41:42Z,,272a1fc51e7a4da584101aad9cdd2601,06752260,USGS,Lincoln
USGS-06752280,00060,00003,2021-03-28,9.04,ft^3/s,Approved,2025-02-24T16:24:39Z,,af36731baeac4ee5a7a5b5d47e298ee3,06752280,USGS,Boxelder
USGS-06752260,00060,00003,2021-03-29,35.2,ft^3/s,Approved,2025-02-21T16:41:42Z,,272a1fc51e7a4da584101aad9cdd2601,06752260,USGS,Lincoln
USGS-06752280,00060,00003,2021-03-29,9.09,ft^3/s,Approved,2025-02-24T16:24:39Z,,af36731baeac4ee5a7a5b5d47e298ee3,06752280,USGS,Boxelder
USGS-06752260,00060,00003,2021-03-30,50.6,ft^3/s,Approved,2025-02-21T16:41:42Z,,272a1fc51e7a4da584101aad9cdd2601,06752260,USGS,Lincoln
USGS-06752280,00060,00003,2021-03-30,19.7,ft^3/s,Approved,2025-02-24T16:24:39Z,,af36731baeac4ee5a7a5b5d47e298ee3,06752280,USGS,Boxelder
USGS-06752260,00060,00003,2021-03-31,20.9,ft^3/s,Approved,2025-02-21T16:41:42Z,,272a1fc51e7a4da584101aad9cdd2601,06752260,USGS,Lincoln
USGS-06752280,00060,00003,2021-03-31,9.02,ft^3/s,Approved,2025-02-24T16:24:39Z,,af36731baeac4ee5a7a5b5d47e298ee3,06752280,USGS,Boxelder
USGS-06752260,00060,00003,2021-04-01,17.9,ft^3/s,Approved,2025-02-21T16:41:42Z,,272a1fc51e7a4da584101aad9cdd2601,06752260,USGS,Lincoln
USGS-06752280,00060,00003,2021-04-01,8.61,ft^3/s,Approved,2025-02-24T16:24:39Z,,af36731baeac4ee5a7a5b5d47e298ee3,06752280,USGS,Boxelder
USGS-06752260,00060,00003,2021-04-02,16.2,ft^3/s,Approved,2025-02-21T16:41:42Z,,272a1fc51e7a4da584101aad9cdd2601,06752260,USGS,Lincoln
USGS-06752280,00060,00003,2021-04-02,7.91,ft^3/s,Approved,2025-02-24T16:24:39Z,,af36731baeac4ee5a7a5b5d47e298ee3,06752280,USGS,Boxelder
USGS-06752260,00060,00003,2021-04-03,15.6,ft^3/s,Approved,2025-02-21T16:41:42Z,,272a1fc51e7a4da584101aad9cdd2601,06752260,USGS,Lincoln
USGS-06752280,00060,00003,2021-04-03,7.8,ft^3/s,Approved,2025-02-24T16:24:39Z,,af36731baeac4ee5a7a5b5d47e298ee3,06752280,USGS,Boxelder
USGS-06752260,00060,00003,2021-04-04,16.5,ft^3/s,Approved,2025-02-21T16:41:42Z,,272a1fc51e7a4da584101aad9cdd2601,06752260,USGS,Lincoln
USGS-06752280,00060,00003,2021-04-04,7.56,ft^3/s,Approved,2025-02-24T16:24:39Z,,af36731baeac4ee5a7a5b5d47e298ee3,06752280,USGS,Boxelder
USGS-06752260,00060,00003,2021-04-05,17.8,ft^3/s,Approved,2025-02-21T16:41:42Z,,272a1fc51e7a4da584101aad9cdd2601,06752260,USGS,Lincoln
USGS-06752280,00060,00003,2021-04-05,7.61,ft^3/s,Approved,2025-02-24T16:24:39Z,,af36731baeac4ee5a7a5b5d47e298ee3,06752280,USGS,Boxelder
USGS-06752260,00060,00003,2021-04-06,19.1,ft^3/s,Approved,2025-02-21T16:41:42Z,,272a1fc51e7a4da584101aad9cdd2601,06752260,USGS,Lincoln
USGS-06752280,00060,00003,2021-04-06,7.69,ft^3/s,Approved,2025-02-24T16:24:39Z,,af36731baeac4ee5a7a5b5d47e298ee3,06752280,USGS,Boxelder
USGS-06752260,00060,00003,2021-04-07,20.4,ft^3/s,Approved,2025-02-21T16:41:42Z,,272a1fc51e7a4da584101aad9cdd2601,06752260,USGS,Lincoln
USGS-06752280,00060,00003,2021-04-07,9.03,ft^3/s,Approved,2025-02-24T16:24:39Z,,af36731baeac4ee5a7a5b5d47e298ee3,06752280,USGS,Boxelder
USGS-06752260,00060,00003,2021-04-08,23.1,ft^3/s,Approved,2025-02-21T16:41:42Z,,272a1fc51e7a4da584101aad9cdd2601,06752260,USGS,Lincoln
USGS-06752280,00060,00003,2021-04-08,8.21,ft^3/s,Approved,2025-02-24T16:24:39Z,,af36731baeac4ee5a7a5b5d47e298ee3,06752280,USGS,Boxelder
USGS-06752260,00060,00003,2021-04-09,16.6,ft^3/s,Approved,2025-02-21T16:41:42Z,,272a1fc51e7a4da584101aad9cdd2601,06752260,USGS,Lincoln
USGS-06752280,00060,00003,2021-04-09,7.91,ft^3/s,Approved,2025-02-24T16:24:39Z,,af36731baeac4ee5a7a5b5d47e298ee3,06752280,USGS,Boxelder
USGS-06752260,00060,00003,2021-04-10,15.2,ft^3/s,Approved,2025-02-21T16:41:42Z,,272a1fc51e7a4da584101aad9cdd2601,06752260,USGS,Lincoln
USGS-06752280,00060,00003,2021-04-10,5.71,ft^3/s,Approved,2025-02-24T16:24:39Z,,af36731baeac4ee5a7a5b5d47e298ee3,06752280,USGS,Boxelder
USGS-06752260,00060,00003,2021-04-11,15.7,ft^3/s,Approved,2025-02-21T16:41:42Z,,272a1fc51e7a4da584101aad9cdd2601,06752260,USGS,Lincoln
USGS-06752280,00060,00003,2021-04-11,2.69,ft^3/s,Approved,2025-02-24T16:24:39Z,,af36731baeac4ee5a7a5b5d47e298ee3,06752280,USGS,Boxelder
USGS-06752260,00060,00003,2021-04-12,15.7,ft^3/s,Approved,2025-02-21T16:41:42Z,,272a1fc51e7a4da584101aad9cdd2601,06752260,USGS,Lincoln
USGS-06752280,00060,00003,2021-04-12,2.73,ft^3/s,Approved,2025-02-24T16:24:39Z,,af36731baeac4ee5a7a5b5d47e298ee3,06752280,USGS,Boxelder
USGS-06752260,00060,00003,2021-04-13,14.8,ft^3/s,Approved,2025-02-21T16:41:42Z,,272a1fc51e7a4da584101aad9cdd2601,06752260,USGS,Lincoln
USGS-06752280,00060,00003,2021-04-13,2.57,ft^3/s,Approved,2025-02-24T16:24:39Z,,af36731baeac4ee5a7a5b5d47e298ee3,06752280,USGS,Boxelder
USGS-06752260,00060,00003,2021-04-14,15.1,ft^3/s,Approved,2025-02-21T16:41:42Z,,272a1fc51e7a4da584101aad9cdd2601,06752260,USGS,Lincoln
USGS-06752280,00060,00003,2021-04-14,2.37,ft^3/s,Approved,2025-02-24T16:24:39Z,,af36731baeac4ee5a7a5b5d47e298ee3,06752280,USGS,Boxelder
USGS-06752260,00060,00003,2021-04-15,16.8,ft^3/s,Approved,2025-02-21T16:41:42Z,,272a1fc51e7a4da584101aad9cdd2601,06752260,USGS,Lincoln
USGS-06752280,00060,00003,2021-04-15,2.65,ft^3/s,Approved,2025-02-24T16:24:39Z,,af36731baeac4ee5a7a5b5d47e298ee3,06752280,USGS,Boxelder
USGS-06752260,00060,00003,2021-04-16,19.6,ft^3/s,Approved,2025-02-21T16:41:42Z,,272a1fc51e7a4da584101aad9cdd2601,06752260,USGS,Lincoln
USGS-06752280,00060,00003,2021-04-16,3.1,ft^3/s,Approved,2025-02-24T16:24:39Z,,af36731baeac4ee5a7a5b5d47e298ee3,06752280,USGS,Boxelder
USGS-06752260,00060,00003,2021-04-17,18.1,ft^3/s,Approved,2025-02-21T16:41:42Z,,272a1fc51e7a4da584101aad9cdd2601,06752260,USGS,Lincoln
USGS-06752280,00060,00003,2021-04-17,3.09,ft^3/s,Approved,2025-02-24T16:24:39Z,,af36731baeac4ee5a7a5b5d47e298ee3,06752280,USGS,Boxelder
USGS-06752260,00060,00003,2021-04-18,17.4,ft^3/s,Approved,2025-02-21T16:41:42Z,,272a1fc51e7a4da584101aad9cdd2601,06752260,USGS,Lincoln
USGS-06752280,00060,00003,2021-04-18,2.76,ft^3/s,Approved,2025-02-24T16:24:39Z,,af36731baeac4ee5a7a5b5d47e298ee3,06752280,USGS,Boxelder
USGS-06752260,00060,00003,2021-04-19,19.3,ft^3/s,Approved,2025-02-21T16:41:42Z,,272a1fc51e7a4da584101aad9cdd2601,06752260,USGS,Lincoln
USGS-06752280,00060,00003,2021-04-19,2.84,ft^3/s,Approved,2025-02-24T16:24:39Z,,af36731baeac4ee5a7a5b5d47e298ee3,06752280,USGS,Boxelder
USGS-06752260,00060,00003,2021-04-20,18.8,ft^3/s,Approved,2025-02-21T16:41:42Z,,272a1fc51e7a4da584101aad9cdd2601,06752260,USGS,Lincoln
USGS-06752280,00060,00003,2021-04-20,3.34,ft^3/s,Approved,2025-02-24T16:24:39Z,,af36731baeac4ee5a7a5b5d47e298ee3,06752280,USGS,Boxelder
USGS-06752260,00060,00003,2021-04-21,17.5,ft^3/s,Approved,2025-02-21T16:41:42Z,,272a1fc51e7a4da584101aad9cdd2601,06752260,USGS,Lincoln
USGS-06752280,00060,00003,2021-04-21,3.39,ft^3/s,Approved,2025-02-24T16:24:39Z,,af36731baeac4ee5a7a5b5d47e298ee3,06752280,USGS,Boxelder
USGS-06752260,00060,00003,2021-04-22,18.5,ft^3/s,Approved,2025-02-21T16:41:42Z,,272a1fc51e7a4da584101aad9cdd2601,06752260,USGS,Lincoln
USGS-06752280,00060,00003,2021-04-22,3.37,ft^3/s,Approved,2025-02-24T16:24:39Z,,af36731baeac4ee5a7a5b5d47e298ee3,06752280,USGS,Boxelder
USGS-06752260,00060,00003,2021-04-23,20.7,ft^3/s,Approved,2025-02-21T16:41:42Z,,272a1fc51e7a4da584101aad9cdd2601,06752260,USGS,Lincoln
USGS-06752280,00060,00003,2021-04-23,2.99,ft^3/s,Approved,2025-02-24T16:24:39Z,,af36731baeac4ee5a7a5b5d47e298ee3,06752280,USGS,Boxelder
USGS-06752260,00060,00003,2021-04-24,20.3,ft^3/s,Approved,2025-02-21T16:41:42Z,,272a1fc51e7a4da584101aad9cdd2601,06752260,USGS,Lincoln
USGS-06752280,00060,00003,2021-04-24,2.83,ft^3/s,Approved,2025-02-24T16:24:39Z,,af36731baeac4ee5a7a5b5d47e298ee3,06752280,USGS,Boxelder
USGS-06752260,00060,00003,2021-04-25,20.9,ft^3/s,Approved,2025-02-21T16:41:42Z,,272a1fc51e7a4da584101aad9cdd2601,06752260,USGS,Lincoln
USGS-06752280,00060,00003,2021-04-25,2.7,ft^3/s,Approved,2025-02-24T16:24:39Z,,af36731baeac4ee5a7a5b5d47e298ee3,06752280,USGS,Boxelder
USGS-06752260,00060,00003,2021-04-26,21.6,ft^3/s,Approved,2025-02-21T16:41:42Z,,272a1fc51e7a4da584101aad9cdd2601,06752260,USGS,Lincoln
USGS-06752280,00060,00003,2021-04-26,2.63,ft^3/s,Approved,2025-02-24T16:24:39Z,,af36731baeac4ee5a7a5b5d47e298ee3,06752280,USGS,Boxelder
USGS-06752260,00060,00003,2021-04-27,22.6,ft^3/s,Approved,2025-02-21T16:41:42Z,,272a1fc51e7a4da584101aad9cdd2601,06752260,USGS,Lincoln
USGS-06752280,00060,00003,2021-04-27,2.65,ft^3/s,Approved,2025-02-24T16:24:39Z,,af36731baeac4ee5a7a5b5d47e298ee3,06752280,USGS,Boxelder
USGS-06752260,00060,00003,2021-04-28,24.9,ft^3/s,Approved,2025-02-21T16:41:42Z,,272a1fc51e7a4da584101aad9cdd2601,06752260,USGS,Lincoln
USGS-06752280,00060,00003,2021-04-28,14.5,ft^3/s,Approved,2025-02-24T16:24:39Z,,af36731baeac4ee5a7a5b5d47e298ee3,06752280,USGS,Boxelder
USGS-06752260,00060,00003,2021-04-29,79.9,ft^3/s,Approved,2025-02-21T16:41:42Z,,272a1fc51e7a4da584101aad9cdd2601,06752260,USGS,Lincoln
USGS-06752280,00060,00003,2021-04-29,22.7,ft^3/s,Approved,2025-02-24T16:24:39Z,,af36731baeac4ee5a7a5b5d47e298ee3,06752280,USGS,Boxelder
USGS-06752260,00060,00003,2021-04-30,236,ft^3/s,Approved,2025-02-21T16:41:42Z,,272a1fc51e7a4da584101aad9cdd2601,06752260,USGS,Lincoln
USGS-06752280,00060,00003,2021-04-30,94.6,ft^3/s,Approved,2025-02-24T16:24:39Z,,af36731baeac4ee5a7a5b5d47e298ee3,06752280,USGS,Boxelder
USGS-06752260,00060,00003,2021-05-01,580,ft^3/s,Approved,2025-02-21T16:41:42Z,,272a1fc51e7a4da584101aad9cdd2601,06752260,USGS,Lincoln
USGS-06752280,00060,00003,2021-05-01,432,ft^3/s,Approved,2025-02-24T16:24:39Z,,af36731baeac4ee5a7a5b5d47e298ee3,06752280,USGS,Boxelder
USGS-06752260,00060,00003,2021-05-02,689,ft^3/s,Approved,2025-02-21T16:41:42Z,,272a1fc51e7a4da584101aad9cdd2601,06752260,USGS,Lincoln
USGS-06752280,00060,00003,2021-05-02,537,ft^3/s,Approved,2025-02-24T16:24:39Z,,af36731baeac4ee5a7a5b5d47e298ee3,06752280,USGS,Boxelder
USGS-06752260,00060,00003,2021-05-03,1100,ft^3/s,Approved,2025-02-21T16:41:42Z,,272a1fc51e7a4da584101aad9cdd2601,06752260,USGS,Lincoln
USGS-06752280,00060,00003,2021-05-03,896,ft^3/s,Approved,2025-02-24T16:24:39Z,,af36731baeac4ee5a7a5b5d47e298ee3,06752280,USGS,Boxelder
USGS-06752260,00060,00003,2021-05-04,1430,ft^3/s,Approved,2025-02-21T16:41:42Z,,272a1fc51e7a4da584101aad9cdd2601,06752260,USGS,Lincoln
USGS-06752280,00060,00003,2021-05-04,1260,ft^3/s,Approved,2025-02-24T16:24:39Z,,af36731baeac4ee5a7a5b5d47e298ee3,06752280,USGS,Boxelder
USGS-06752260,00060,00003,2021-05-05,1410,ft^3/s,Approved,2025-02-21T16:41:42Z,,272a1fc51e7a4da584101aad9cdd2601,06752260,USGS,Lincoln
USGS-06752280,00060,00003,2021-05-05,1260,ft^3/s,Approved,2025-02-24T16:24:39Z,,af36731baeac4ee5a7a5b5d47e298ee3,06752280,USGS,Boxelder
USGS-06752260,00060,00003,2021-05-06,1300,ft^3/s,Approved,2025-02-21T16:41:42Z,,272a1fc51e7a4da584101aad9cdd2601,06752260,USGS,Lincoln
USGS-06752280,00060,00003,2021-05-06,1170,ft^3/s,Approved,2025-02-24T16:24:39Z,,af36731baeac4ee5a7a5b5d47e298ee3,06752280,USGS,Boxelder
USGS-06752260,00060,00003,2021-05-07,1340,ft^3/s,Approved,2025-02-21T16:41:42Z,,272a1fc51e7a4da584101aad9cdd2601,06752260,USGS,Lincoln
USGS-06752280,00060,00003,2021-05-07,1150,ft^3/s,Approved,2025-02-24T16:24:39Z,,af36731baeac4ee5a7a5b5d47e298ee3,06752280,USGS,Boxelder
USGS-06752260,00060,00003,2021-05-08,1460,ft^3/s,Approved,2025-02-21T16:41:42Z,,272a1fc51e7a4da584101aad9cdd2601,06752260,USGS,Lincoln
USGS-06752280,00060,00003,2021-05-08,1260,ft^3/s,Approved,2025-02-24T16:24:39Z,,af36731baeac4ee5a7a5b5d47e298ee3,06752280,USGS,Boxelder
USGS-06752260,00060,00003,2021-05-09,1570,ft^3/s,Approved,2025-02-21T16:41:42Z,,272a1fc51e7a4da584101aad9cdd2601,06752260,USGS,Lincoln
USGS-06752280,00060,00003,2021-05-09,1360,ft^3/s,Approved,2025-02-24T16:24:39Z,,af36731baeac4ee5a7a5b5d47e298ee3,06752280,USGS,Boxelder
USGS-06752260,00060,00003,2021-05-10,1370,ft^3/s,Approved,2025-02-21T16:41:42Z,,272a1fc51e7a4da584101aad9cdd2601,06752260,USGS,Lincoln
USGS-06752280,00060,00003,2021-05-10,1220,ft^3/s,Approved,2025-02-24T16:24:39Z,,af36731baeac4ee5a7a5b5d47e298ee3,06752280,USGS,Boxelder
USGS-06752260,00060,00003,2021-05-11,1250,ft^3/s,Approved,2025-02-21T16:41:42Z,,272a1fc51e7a4da584101aad9cdd2601,06752260,USGS,Lincoln
USGS-06752280,00060,00003,2021-05-11,1210,ft^3/s,Approved,2025-02-24T16:24:39Z,,af36731baeac4ee5a7a5b5d47e298ee3,06752280,USGS,Boxelder
USGS-06752260,00060,00003,2021-05-12,1150,ft^3/s,Approved,2025-02-21T16:41:42Z,,272a1fc51e7a4da584101aad9cdd2601,06752260,USGS,Lincoln
USGS-06752280,00060,00003,2021-05-12,1070,ft^3/s,Approved,2025-02-24T16:24:39Z,,af36731baeac4ee5a7a5b5d47e298ee3,06752280,USGS,Boxelder
USGS-06752260,00060,00003,2021-05-13,1170,ft^3/s,Approved,2025-02-21T16:41:42Z,,272a1fc51e7a4da584101aad9cdd2601,06752260,USGS,Lincoln
USGS-06752280,00060,00003,2021-05-13,1080,ft^3/s,Approved,2025-02-24T16:24:39Z,,af36731baeac4ee5a7a5b5d47e298ee3,06752280,USGS,Boxelder
USGS-06752260,00060,00003,2021-05-14,931,ft^3/s,Approved,2025-02-21T16:41:42Z,,272a1fc51e7a4da584101aad9cdd2601,06752260,USGS,Lincoln
USGS-06752280,00060,00003,2021-05-14,869,ft^3/s,Approved,2025-02-24T16:24:39Z,,af36731baeac4ee5a7a5b5d47e298ee3,06752280,USGS,Boxelder
USGS-06752260,00060,00003,2021-05-15,1030,ft^3/s,Approved,2025-02-21T16:41:42Z,,272a1fc51e7a4da584101aad9cdd2601,06752260,USGS,Lincoln
USGS-06752280,00060,00003,2021-05-15,928,ft^3/s,Approved,2025-02-24T16:24:39Z,,af36731baeac4ee5a7a5b5d47e298ee3,06752280,USGS,Boxelder
USGS-06752260,00060,00003,2021-05-16,1130,ft^3/s,Approved,2025-02-21T16:41:42Z,,272a1fc51e7a4da584101aad9cdd2601,06752260,USGS,Lincoln
USGS-06752280,00060,00003,2021-05-16,1030,ft^3/s,Approved,2025-02-24T16:24:39Z,,af36731baeac4ee5a7a5b5d47e298ee3,06752280,USGS,Boxelder
USGS-06752260,00060,00003,2021-05-17,1250,ft^3/s,Approved,2025-02-21T16:41:42Z,,272a1fc51e7a4da584101aad9cdd2601,06752260,USGS,Lincoln
USGS-06752280,00060,00003,2021-05-17,1160,ft^3/s,Approved,2025-02-24T16:24:39Z,,af36731baeac4ee5a7a5b5d47e298ee3,06752280,USGS,Boxelder
USGS-06752260,00060,00003,2021-05-18,1270,ft^3/s,Approved,2025-02-21T16:41:42Z,,272a1fc51e7a4da584101aad9cdd2601,06752260,USGS,Lincoln
USGS-06752280,00060,00003,2021-05-18,1190,ft^3/s,Approved,2025-02-24T16:24:39Z,,af36731baeac4ee5a7a5b5d47e298ee3,06752280,USGS,Boxelder
USGS-06752260,00060,00003,2021-05-19,1610,ft^3/s,Approved,2025-02-21T16:41:42Z,,272a1fc51e7a4da584101aad9cdd2601,06752260,USGS,Lincoln
USGS-06752280,00060,00003,2021-05-19,1470,ft^3/s,Approved,2025-02-24T16:24:39Z,,af36731baeac4ee5a7a5b5d47e298ee3,06752280,USGS,Boxelder
USGS-06752260,00060,00003,2021-05-20,1160,ft^3/s,Approved,2025-02-21T16:41:42Z,,272a1fc51e7a4da584101aad9cdd2601,06752260,USGS,Lincoln
USGS-06752280,00060,00003,2021-05-20,1080,ft^3/s,Approved,2025-02-24T16:24:39Z,,af36731baeac4ee5a7a5b5d47e298ee3,06752280,USGS,Boxelder
USGS-06752260,00060,00003,2021-05-21,1400,ft^3/s,Approved,2025-02-21T16:41:42Z,,272a1fc51e7a4da584101aad9cdd2601,06752260,USGS,Lincoln
USGS-06752280,00060,00003,2021-05-21,1270,ft^3/s,Approved,2025-02-24T16:24:39Z,,af36731baeac4ee5a7a5b5d47e298ee3,06752280,USGS,Boxelder
USGS-06752260,00060,00003,2021-05-22,1400,ft^3/s,Approved,2025-02-21T16:41:42Z,,272a1fc51e7a4da584101aad9cdd2601,06752260,USGS,Lincoln
USGS-06752280,00060,00003,2021-05-22,1270,ft^3/s,Approved,2025-02-24T16:24:39Z,,af36731baeac4ee5a7a5b5d47e298ee3,06752280,USGS,Boxelder
USGS-06752260,00060,00003,2021-05-23,2320,ft^3/s,Approved,2025-02-21T16:41:42Z,,272a1fc51e7a4da584101aad9cdd2601,06752260,USGS,Lincoln
USGS-06752280,00060,00003,2021-05-23,2090,ft^3/s,Approved,2025-02-24T16:24:39Z,,af36731baeac4ee5a7a5b5d47e298ee3,06752280,USGS,Boxelder
USGS-06752260,00060,00003,2021-05-24,1650,ft^3/s,Approved,2025-02-21T16:41:42Z,,272a1fc51e7a4da584101aad9cdd2601,06752260,USGS,Lincoln
USGS-06752280,00060,00003,2021-05-24,1610,ft^3/s,Approved,2025-02-24T16:24:39Z,,af36731baeac4ee5a7a5b5d47e298ee3,06752280,USGS,Boxelder
USGS-06752260,00060,00003,2021-05-25,1200,ft^3/s,Approved,2025-02-21T16:41:42Z,,272a1fc51e7a4da584101aad9cdd2601,06752260,USGS,Lincoln
USGS-06752280,00060,00003,2021-05-25,1140,ft^3/s,Approved,2025-02-24T16:24:39Z,,af36731baeac4ee5a7a5b5d47e298ee3,06752280,USGS,Boxelder
USGS-06752260,00060,00003,2021-05-26,1120,ft^3/s,Approved,2025-02-21T16:41:42Z,,272a1fc51e7a4da584101aad9cdd2601,06752260,USGS,Lincoln
USGS-06752280,00060,00003,2021-05-26,1060,ft^3/s,Approved,2025-02-24T16:24:39Z,,af36731baeac4ee5a7a5b5d47e298ee3,06752280,USGS,Boxelder
USGS-06752260,00060,00003,2021-05-27,865,ft^3/s,Approved,2025-02-21T16:41:42Z,,272a1fc51e7a4da584101aad9cdd2601,06752260,USGS,Lincoln
USGS-06752280,00060,00003,2021-05-27,841,ft^3/s,Approved,2025-02-24T16:24:39Z,,af36731baeac4ee5a7a5b5d47e298ee3,06752280,USGS,Boxelder
USGS-06752260,00060,00003,2021-05-28,957,ft^3/s,Approved,2025-02-21T16:41:42Z,,272a1fc51e7a4da584101aad9cdd2601,06752260,USGS,Lincoln
USGS-06752280,00060,00003,2021-05-28,906,ft^3/s,Approved,2025-02-24T16:24:39Z,,af36731baeac4ee5a7a5b5d47e298ee3,06752280,USGS,Boxelder
USGS-06752260,00060,00003,2021-05-29,974,ft^3/s,Approved,2025-02-21T16:41:42Z,,272a1fc51e7a4da584101aad9cdd2601,06752260,USGS,Lincoln
USGS-06752280,00060,00003,2021-05-29,928,ft^3/s,Approved,2025-02-24T16:24:39Z,,af36731baeac4ee5a7a5b5d47e298ee3,06752280,USGS,Boxelder
USGS-06752260,00060,00003,2021-05-30,1000,ft^3/s,Approved,2025-02-21T16:41:42Z,,272a1fc51e7a4da584101aad9cdd2601,06752260,USGS,Lincoln
USGS-06752280,00060,00003,2021-05-30,973,ft^3/s,Approved,2025-02-24T16:24:39Z,,af36731baeac4ee5a7a5b5d47e298ee3,06752280,USGS,Boxelder
USGS-06752260,00060,00003,2021-05-31,978,ft^3/s,Approved,2025-02-21T16:41:42Z,,272a1fc51e7a4da584101aad9cdd2601,06752260,USGS,Lincoln
USGS-06752280,00060,00003,2021-05-31,974,ft^3/s,Approved,2025-02-24T16:24:39Z,,af36731baeac4ee5a7a5b5d47e298ee3,06752280,USGS,Boxelder
USGS-06752260,00060,00003,2021-06-01,975,ft^3/s,Approved,2025-02-21T16:41:42Z,,272a1fc51e7a4da584101aad9cdd2601,06752260,USGS,Lincoln
USGS-06752280,00060,00003,2021-06-01,936,ft^3/s,Approved,2025-02-24T16:24:39Z,,af36731baeac4ee5a7a5b5d47e298ee3,06752280,USGS,Boxelder
USGS-06752260,00060,00003,2021-06-02,864,ft^3/s,Approved,2025-02-21T16:41:42Z,,272a1fc51e7a4da584101aad9cdd2601,06752260,USGS,Lincoln
USGS-06752280,00060,00003,2021-06-02,842,ft^3/s,Approved,2025-02-24T16:24:39Z,,af36731baeac4ee5a7a5b5d47e298ee3,06752280,USGS,Boxelder
USGS-06752260,00060,00003,2021-06-03,866,ft^3/s,Approved,2025-02-21T16:41:42Z,,272a1fc51e7a4da584101aad9cdd2601,06752260,USGS,Lincoln
USGS-06752280,00060,00003,2021-06-03,834,ft^3/s,Approved,2025-02-24T16:24:39Z,,af36731baeac4ee5a7a5b5d47e298ee3,06752280,USGS,Boxelder
USGS-06752260,00060,00003,2021-06-04,1070,ft^3/s,Approved,2025-02-21T16:41:42Z,,272a1fc51e7a4da584101aad9cdd2601,06752260,USGS,Lincoln
USGS-06752280,00060,00003,2021-06-04,1000,ft^3/s,Approved,2025-02-24T16:24:39Z,,af36731baeac4ee5a7a5b5d47e298ee3,06752280,USGS,Boxelder
USGS-06752260,00060,00003,2021-06-05,1300,ft^3/s,Approved,2025-02-21T16:41:42Z,,272a1fc51e7a4da584101aad9cdd2601,06752260,USGS,Lincoln
USGS-06752280,00060,00003,2021-06-05,1170,ft^3/s,Approved,2025-02-24T16:24:39Z,,af36731baeac4ee5a7a5b5d47e298ee3,06752280,USGS,Boxelder
USGS-06752260,00060,00003,2021-06-06,1460,ft^3/s,Approved,2025-02-21T16:41:42Z,,272a1fc51e7a4da584101aad9cdd2601,06752260,USGS,Lincoln
USGS-06752280,00060,00003,2021-06-06,1300,ft^3/s,Approved,2025-02-24T16:24:39Z,,af36731baeac4ee5a7a5b5d47e298ee3,06752280,USGS,Boxelder
USGS-06752260,00060,00003,2021-06-07,1600,ft^3/s,Approved,2025-02-21T16:41:42Z,,272a1fc51e7a4da584101aad9cdd2601,06752260,USGS,Lincoln
USGS-06752280,00060,00003,2021-06-07,1440,ft^3/s,Approved,2025-02-24T16:24:39Z,,af36731baeac4ee5a7a5b5d47e298ee3,06752280,USGS,Boxelder
USGS-06752260,00060,00003,2021-06-08,1580,ft^3/s,Approved,2025-02-21T16:41:42Z,,272a1fc51e7a4da584101aad9cdd2601,06752260,USGS,Lincoln
USGS-06752280,00060,00003,2021-06-08,1440,ft^3/s,Approved,2025-02-24T16:24:39Z,,af36731baeac4ee5a7a5b5d47e298ee3,06752280,USGS,Boxelder
USGS-06752260,00060,00003,2021-06-09,1420,ft^3/s,Approved,2025-02-21T16:41:42Z,,272a1fc51e7a4da584101aad9cdd2601,06752260,USGS,Lincoln
USGS-06752280,00060,00003,2021-06-09,1330,ft^3/s,Approved,2025-02-24T16:24:39Z,,af36731baeac4ee5a7a5b5d47e298ee3,06752280,USGS,Boxelder
USGS-06752260,00060,00003,2021-06-10,1180,ft^3/s,Approved,2025-02-21T16:41:42Z,,272a1fc51e7a4da584101aad9cdd2601,06752260,USGS,Lincoln
USGS-06752280,00060,00003,2021-06-10,1110,ft^3/s,Approved,2025-02-24T16:24:39Z,,af36731baeac4ee5a7a5b5d47e298ee3,06752280,USGS,Boxelder
USGS-06752260,00060,00003,2021-06-11,958,ft^3/s,Approved,2025-02-21T16:41:42Z,,272a1fc51e7a4da584101aad9cdd2601,06752260,USGS,Lincoln
USGS-06752280,00060,00003,2021-06-11,956,ft^3/s,Approved,2025-02-24T16:24:39Z,,af36731baeac4ee5a7a5b5d47e298ee3,06752280,USGS,Boxelder
USGS-06752260,00060,00003,2021-06-12,627,ft^3/s,Approved,2025-02-21T16:41:42Z,,272a1fc51e7a4da584101aad9cdd2601,06752260,USGS,Lincoln
USGS-06752280,00060,00003,2021-06-12,653,ft^3/s,Approved,2025-02-24T16:24:39Z,,af36731baeac4ee5a7a5b5d47e298ee3,06752280,USGS,Boxelder
USGS-06752260,00060,00003,2021-06-13,500,ft^3/s,Approved,2025-02-21T16:41:42Z,,272a1fc51e7a4da584101aad9cdd2601,06752260,USGS,Lincoln
USGS-06752280,00060,00003,2021-06-13,521,ft^3/s,Approved,2025-02-24T16:24:39Z,,af36731baeac4ee5a7a5b5d47e298ee3,06752280,USGS,Boxelder
USGS-06752260,00060,00003,2021-06-14,419,ft^3/s,Approved,2025-02-21T16:41:42Z,,272a1fc51e7a4da584101aad9cdd2601,06752260,USGS,Lincoln
USGS-06752280,00060,00003,2021-06-14,443,ft^3/s,Approved,2025-02-24T16:24:39Z,,af36731baeac4ee5a7a5b5d47e298ee3,06752280,USGS,Boxelder
USGS-06752260,00060,00003,2021-06-15,429,ft^3/s,Approved,2025-02-21T16:41:42Z,,272a1fc51e7a4da584101aad9cdd2601,06752260,USGS,Lincoln
USGS-06752280,00060,00003,2021-06-15,437,ft^3/s,Approved,2025-02-24T16:24:39Z,,af36731baeac4ee5a7a5b5d47e298ee3,06752280,USGS,Boxelder
USGS-06752260,00060,00003,2021-06-16,473,ft^3/s,Approved,2025-02-21T16:41:42Z,,272a1fc51e7a4da584101aad9cdd2601,06752260,USGS,Lincoln
USGS-06752280,00060,00003,2021-06-16,495,ft^3/s,Approved,2025-02-24T16:24:39Z,,af36731baeac4ee5a7a5b5d47e298ee3,06752280,USGS,Boxelder
USGS-06752260,00060,00003,2021-06-17,274,ft^3/s,Approved,2025-02-21T16:41:42Z,,272a1fc51e7a4da584101aad9cdd2601,06752260,USGS,Lincoln
USGS-06752280,00060,00003,2021-06-17,298,ft^3/s,Approved,2025-02-24T16:24:39Z,,af36731baeac4ee5a7a5b5d47e298ee3,06752280,USGS,Boxelder
USGS-06752260,00060,00003,2021-06-18,238,ft^3/s,Approved,2025-02-21T16:41:42Z,,272a1fc51e7a4da584101aad9cdd2601,06752260,USGS,Lincoln
USGS-06752280,00060,00003,2021-06-18,238,ft^3/s,Approved,2025-02-24T16:24:39Z,,af36731baeac4ee5a7a5b5d47e298ee3,06752280,USGS,Boxelder
USGS-06752260,00060,00003,2021-06-19,234,ft^3/s,Approved,2025-02-21T16:41:42Z,,272a1fc51e7a4da584101aad9cdd2601,06752260,USGS,Lincoln
USGS-06752280,00060,00003,2021-06-19,240,ft^3/s,Approved,2025-02-24T16:24:39Z,,af36731baeac4ee5a7a5b5d47e298ee3,06752280,USGS,Boxelder
USGS-06752260,00060,00003,2021-06-20,288,ft^3/s,Approved,2025-02-21T16:41:42Z,,272a1fc51e7a4da584101aad9cdd2601,06752260,USGS,Lincoln
USGS-06752280,00060,00003,2021-06-20,290,ft^3/s,Approved,2025-02-24T16:24:39Z,,af36731baeac4ee5a7a5b5d47e298ee3,06752280,USGS,Boxelder
USGS-06752260,00060,00003,2021-06-21,298,ft^3/s,Approved,2025-02-21T16:41:42Z,,272a1fc51e7a4da584101aad9cdd2601,06752260,USGS,Lincoln
USGS-06752280,00060,00003,2021-06-21,298,ft^3/s,Approved,2025-02-24T16:24:39Z,,af36731baeac4ee5a7a5b5d47e298ee3,06752280,USGS,Boxelder
USGS-06752260,00060,00003,2021-06-22,308,ft^3/s,Approved,2025-02-21T16:41:42Z,,272a1fc51e7a4da584101aad9cdd2601,06752260,USGS,Lincoln
USGS-06752280,00060,00003,2021-06-22,315,ft^3/s,Approved,2025-02-24T16:24:39Z,,af36731baeac4ee5a7a5b5d47e298ee3,06752280,USGS,Boxelder
USGS-06752260,00060,00003,2021-06-23,267,ft^3/s,Approved,2025-02-21T16:41:42Z,,272a1fc51e7a4da584101aad9cdd2601,06752260,USGS,Lincoln
USGS-06752280,00060,00003,2021-06-23,282,ft^3/s,Approved,2025-02-24T16:24:39Z,,af36731baeac4ee5a7a5b5d47e298ee3,06752280,USGS,Boxelder
USGS-06752260,00060,00003,2021-06-24,233,ft^3/s,Approved,2025-02-21T16:41:42Z,,272a1fc51e7a4da584101aad9cdd2601,06752260,USGS,Lincoln
USGS-06752280,00060,00003,2021-06-24,246,ft^3/s,Approved,2025-02-24T16:24:39Z,,af36731baeac4ee5a7a5b5d47e298ee3,06752280,USGS,Boxelder
USGS-06752260,00060,00003,2021-06-25,403,ft^3/s,Approved,2025-02-21T16:41:42Z,,272a1fc51e7a4da584101aad9cdd2601,06752260,USGS,Lincoln
USGS-06752280,00060,00003,2021-06-25,417,ft^3/s,Approved,2025-02-24T16:24:39Z,,af36731baeac4ee5a7a5b5d47e298ee3,06752280,USGS,Boxelder
USGS-06752260,00060,00003,2021-06-26,554,ft^3/s,Approved,2025-02-21T16:41:42Z,,272a1fc51e7a4da584101aad9cdd2601,06752260,USGS,Lincoln
USGS-06752280,00060,00003,2021-06-26,590,ft^3/s,Approved,2025-02-24T16:24:39Z,,af36731baeac4ee5a7a5b5d47e298ee3,06752280,USGS,Boxelder
USGS-06752260,00060,00003,2021-06-27,412,ft^3/s,Approved,2025-02-21T16:41:42Z,,272a1fc51e7a4da584101aad9cdd2601,06752260,USGS,Lincoln
USGS-06752280,00060,00003,2021-06-27,466,ft^3/s,Approved,2025-02-24T16:24:39Z,,af36731baeac4ee5a7a5b5d47e298ee3,06752280,USGS,Boxelder
USGS-06752260,00060,00003,2021-06-28,237,ft^3/s,Approved,2025-02-21T16:41:42Z,,272a1fc51e7a4da584101aad9cdd2601,06752260,USGS,Lincoln
USGS-06752280,00060,00003,2021-06-28,270,ft^3/s,Approved,2025-02-24T16:24:39Z,,af36731baeac4ee5a7a5b5d47e298ee3,06752280,USGS,Boxelder
USGS-06752260,00060,00003,2021-06-29,138,ft^3/s,Approved,2025-02-21T16:41:42Z,,272a1fc51e7a4da584101aad9cdd2601,06752260,USGS,Lincoln
USGS-06752280,00060,00003,2021-06-29,172,ft^3/s,Approved,2025-02-24T16:24:39Z,,af36731baeac4ee5a7a5b5d47e298ee3,06752280,USGS,Boxelder
USGS-06752260,00060,00003,2021-06-30,130,ft^3/s,Approved,2025-02-21T16:41:42Z,,272a1fc51e7a4da584101aad9cdd2601,06752260,USGS,Lincoln
USGS-06752280,00060,00003,2021-06-30,140,ft^3/s,Approved,2025-02-24T16:24:39Z,,af36731baeac4ee5a7a5b5d47e298ee3,06752280,USGS,Boxelder
USGS-06752260,00060,00003,2021-07-01,290,ft^3/s,Approved,2025-02-21T16:41:42Z,,272a1fc51e7a4da584101aad9cdd2601,06752260,USGS,Lincoln
USGS-06752280,00060,00003,2021-07-01,284,ft^3/s,Approved,2025-02-24T16:24:39Z,,af36731baeac4ee5a7a5b5d47e298ee3,06752280,USGS,Boxelder
USGS-06752260,00060,00003,2021-07-02,189,ft^3/s,Approved,2025-02-21T16:41:42Z,,272a1fc51e7a4da584101aad9cdd2601,06752260,USGS,Lincoln
USGS-06752280,00060,00003,2021-07-02,244,ft^3/s,Approved,2025-02-24T16:24:39Z,,af36731baeac4ee5a7a5b5d47e298ee3,06752280,USGS,Boxelder
USGS-06752260,00060,00003,2021-07-03,57.2,ft^3/s,Approved,2025-02-21T16:41:42Z,,272a1fc51e7a4da584101aad9cdd2601,06752260,USGS,Lincoln
USGS-06752280,00060,00003,2021-07-03,70.6,ft^3/s,Approved,2025-02-24T16:24:39Z,,af36731baeac4ee5a7a5b5d47e298ee3,06752280,USGS,Boxelder
USGS-06752260,00060,00003,2021-07-04,101,ft^3/s,Approved,2025-02-21T16:41:42Z,,272a1fc51e7a4da584101aad9cdd2601,06752260,USGS,Lincoln
USGS-06752280,00060,00003,2021-07-04,86,ft^3/s,Approved,2025-02-24T16:24:39Z,,af36731baeac4ee5a7a5b5d47e298ee3,06752280,USGS,Boxelder
USGS-06752260,00060,00003,2021-07-05,254,ft^3/s,Approved,2025-02-21T16:41:42Z,,272a1fc51e7a4da584101aad9cdd2601,06752260,USGS,Lincoln
USGS-06752280,00060,00003,2021-07-05,278,ft^3/s,Approved,2025-02-24T16:24:39Z,,af36731baeac4ee5a7a5b5d47e298ee3,06752280,USGS,Boxelder
USGS-06752260,00060,00003,2021-07-06,225,ft^3/s,Approved,2025-02-21T16:41:42Z,,272a1fc51e7a4da584101aad9cdd2601,06752260,USGS,Lincoln
USGS-06752280,00060,00003,2021-07-06,224,ft^3/s,Approved,2025-02-24T16:24:39Z,,af36731baeac4ee5a7a5b5d47e298ee3,06752280,USGS,Boxelder
USGS-06752260,00060,00003,2021-07-07,130,ft^3/s,Approved,2025-02-21T16:41:42Z,,272a1fc51e7a4da584101aad9cdd2601,06752260,USGS,Lincoln
USGS-06752280,00060,00003,2021-07-07,153,ft^3/s,Approved,2025-02-24T16:24:39Z,,af36731baeac4ee5a7a5b5d47e298ee3,06752280,USGS,Boxelder
USGS-06752260,00060,00003,2021-07-08,24.5,ft^3/s,Approved,2025-02-21T16:41:42Z,,272a1fc51e7a4da584101aad9cdd2601,06752260,USGS,Lincoln
USGS-06752280,00060,00003,2021-07-08,44.4,ft^3/s,Approved,2025-02-24T16:24:39Z,,af36731baeac4ee5a7a5b5d47e298ee3,06752280,USGS,Boxelder
USGS-06752260,00060,00003,2021-07-09,143,ft^3/s,Approved,2025-02-21T16:41:42Z,,272a1fc51e7a4da584101aad9cdd2601,06752260,USGS,Lincoln
USGS-06752280,00060,00003,2021-07-09,134,ft^3/s,Approved,2025-02-24T16:24:39Z,,af36731baeac4ee5a7a5b5d47e298ee3,06752280,USGS,Boxelder
USGS-06752260,00060,00003,2021-07-10,212,ft^3/s,Approved,2025-02-21T16:41:42Z,,272a1fc51e7a4da584101aad9cdd2601,06752260,USGS,Lincoln
USGS-06752280,00060,00003,2021-07-10,217,ft^3/s,Approved,2025-02-24T16:24:39Z,,af36731baeac4ee5a7a5b5d47e298ee3,06752280,USGS,Boxelder
USGS-06752260,00060,00003,2021-07-11,83.9,ft^3/s,Approved,2025-02-21T16:41:42Z,,272a1fc51e7a4da584101aad9cdd2601,06752260,USGS,Lincoln
USGS-06752280,00060,00003,2021-07-11,106,ft^3/s,Approved,2025-02-24T16:24:39Z,,af36731baeac4ee5a7a5b5d47e298ee3,06752280,USGS,Boxelder
USGS-06752260,00060,00003,2021-07-12,37.7,ft^3/s,Approved,2025-02-21T16:41:42Z,,272a1fc51e7a4da584101aad9cdd2601,06752260,USGS,Lincoln
USGS-06752280,00060,00003,2021-07-12,48.9,ft^3/s,Approved,2025-02-24T16:24:39Z,,af36731baeac4ee5a7a5b5d47e298ee3,06752280,USGS,Boxelder
USGS-06752260,00060,00003,2021-07-13,30.2,ft^3/s,Approved,2025-02-21T16:41:42Z,,272a1fc51e7a4da584101aad9cdd2601,06752260,USGS,Lincoln
USGS-06752280,00060,00003,2021-07-13,35.9,ft^3/s,Approved,2025-02-24T16:24:39Z,,af36731baeac4ee5a7a5b5d47e298ee3,06752280,USGS,Boxelder
USGS-06752260,00060,00003,2021-07-14,43,ft^3/s,Approved,2025-02-21T16:41:42Z,,272a1fc51e7a4da584101aad9cdd2601,06752260,USGS,Lincoln
USGS-06752280,00060,00003,2021-07-14,37.3,ft^3/s,Approved,2025-02-24T16:24:39Z,,af36731baeac4ee5a7a5b5d47e298ee3,06752280,USGS,Boxelder
USGS-06752260,00060,00003,2021-07-15,63.7,ft^3/s,Approved,2025-02-21T16:41:42Z,,272a1fc51e7a4da584101aad9cdd2601,06752260,USGS,Lincoln
USGS-06752280,00060,00003,2021-07-15,60.4,ft^3/s,Approved,2025-02-24T16:24:39Z,,af36731baeac4ee5a7a5b5d47e298ee3,06752280,USGS,Boxelder
USGS-06752260,00060,00003,2021-07-16,76.1,ft^3/s,Approved,2025-02-21T16:41:42Z,,272a1fc51e7a4da584101aad9cdd2601,06752260,USGS,Lincoln
USGS-06752280,00060,00003,2021-07-16,64.1,ft^3/s,Approved,2025-02-24T16:24:39Z,,af36731baeac4ee5a7a5b5d47e298ee3,06752280,USGS,Boxelder
USGS-06752260,00060,00003,2021-07-17,116,ft^3/s,Approved,2025-02-21T16:41:42Z,,272a1fc51e7a4da584101aad9cdd2601,06752260,USGS,Lincoln
USGS-06752280,00060,00003,2021-07-17,107,ft^3/s,Approved,2025-02-24T16:24:39Z,,af36731baeac4ee5a7a5b5d47e298ee3,06752280,USGS,Boxelder
USGS-06752260,00060,00003,2021-07-18,75,ft^3/s,Approved,2025-02-21T16:41:42Z,,272a1fc51e7a4da584101aad9cdd2601,06752260,USGS,Lincoln
USGS-06752280,00060,00003,2021-07-18,72.5,ft^3/s,Approved,2025-02-24T16:24:39Z,,af36731baeac4ee5a7a5b5d47e298ee3,06752280,USGS,Boxelder
USGS-06752260,00060,00003,2021-07-19,31.2,ft^3/s,Approved,2025-02-21T16:41:42Z,,272a1fc51e7a4da584101aad9cdd2601,06752260,USGS,Lincoln
USGS-06752280,00060,00003,2021-07-19,23.9,ft^3/s,Approved,2025-02-24T16:24:39Z,,af36731baeac4ee5a7a5b5d47e298ee3,06752280,USGS,Boxelder
USGS-06752260,00060,00003,2021-07-20,30.6,ft^3/s,Approved,2025-02-21T16:41:42Z,,272a1fc51e7a4da584101aad9cdd2601,06752260,USGS,Lincoln
USGS-06752280,00060,00003,2021-07-20,18.5,ft^3/s,Approved,2025-02-24T16:24:39Z,,af36731baeac4ee5a7a5b5d47e298ee3,06752280,USGS,Boxelder
USGS-06752260,00060,00003,2021-07-21,179,ft^3/s,Approved,2025-02-21T16:41:42Z,,272a1fc51e7a4da584101aad9cdd2601,06752260,USGS,Lincoln
USGS-06752280,00060,00003,2021-07-21,149,ft^3/s,Approved,2025-02-24T16:24:39Z,,af36731baeac4ee5a7a5b5d47e298ee3,06752280,USGS,Boxelder
USGS-06752260,00060,00003,2021-07-22,52.7,ft^3/s,Approved,2025-02-21T16:41:42Z,,272a1fc51e7a4da584101aad9cdd2601,06752260,USGS,Lincoln
USGS-06752280,00060,00003,2021-07-22,29.5,ft^3/s,Approved,2025-02-24T16:24:39Z,,af36731baeac4ee5a7a5b5d47e298ee3,06752280,USGS,Boxelder
USGS-06752260,00060,00003,2021-07-23,156,ft^3/s,Approved,2025-02-21T16:41:42Z,,272a1fc51e7a4da584101aad9cdd2601,06752260,USGS,Lincoln
USGS-06752280,00060,00003,2021-07-23,125,ft^3/s,Approved,2025-02-24T16:24:39Z,,af36731baeac4ee5a7a5b5d47e298ee3,06752280,USGS,Boxelder
USGS-06752260,00060,00003,2021-07-24,194,ft^3/s,Approved,2025-02-21T16:41:42Z,,272a1fc51e7a4da584101aad9cdd2601,06752260,USGS,Lincoln
USGS-06752280,00060,00003,2021-07-24,166,ft^3/s,Approved,2025-02-24T16:24:39Z,,af36731baeac4ee5a7a5b5d47e298ee3,06752280,USGS,Boxelder
USGS-06752260,00060,00003,2021-07-25,139,ft^3/s,Approved,2025-02-21T16:41:42Z,,272a1fc51e7a4da584101aad9cdd2601,06752260,USGS,Lincoln
USGS-06752280,00060,00003,2021-07-25,121,ft^3/s,Approved,2025-02-24T16:24:39Z,,af36731baeac4ee5a7a5b5d47e298ee3,06752280,USGS,Boxelder
USGS-06752260,00060,00003,2021-07-26,94.5,ft^3/s,Approved,2025-02-21T16:41:42Z,,272a1fc51e7a4da584101aad9cdd2601,06752260,USGS,Lincoln
USGS-06752280,00060,00003,2021-07-26,81,ft^3/s,Approved,2025-02-24T16:24:39Z,,af36731baeac4ee5a7a5b5d47e298ee3,06752280,USGS,Boxelder
USGS-06752260,00060,00003,2021-07-27,67.1,ft^3/s,Approved,2025-02-21T16:41:42Z,,272a1fc51e7a4da584101aad9cdd2601,06752260,USGS,Lincoln
USGS-06752280,00060,00003,2021-07-27,53.1,ft^3/s,Approved,2025-02-24T16:24:39Z,,af36731baeac4ee5a7a5b5d47e298ee3,06752280,USGS,Boxelder
USGS-06752260,00060,00003,2021-07-28,42.3,ft^3/s,Approved,2025-02-21T16:41:42Z,,272a1fc51e7a4da584101aad9cdd2601,06752260,USGS,Lincoln
USGS-06752280,00060,00003,2021-07-28,24.7,ft^3/s,Approved,2025-02-24T16:24:39Z,,af36731baeac4ee5a7a5b5d47e298ee3,06752280,USGS,Boxelder
USGS-06752260,00060,00003,2021-07-29,56.6,ft^3/s,Approved,2025-02-21T16:41:42Z,,272a1fc51e7a4da584101aad9cdd2601,06752260,USGS,Lincoln
USGS-06752280,00060,00003,2021-07-29,36.4,ft^3/s,Approved,2025-02-24T16:24:39Z,,af36731baeac4ee5a7a5b5d47e298ee3,06752280,USGS,Boxelder
USGS-06752260,00060,00003,2021-07-30,79.7,ft^3/s,Approved,2025-02-21T16:41:42Z,,272a1fc51e7a4da584101aad9cdd2601,06752260,USGS,Lincoln
USGS-06752280,00060,00003,2021-07-30,59.8,ft^3/s,Approved,2025-02-24T16:24:39Z,,af36731baeac4ee5a7a5b5d47e298ee3,06752280,USGS,Boxelder
USGS-06752260,00060,00003,2021-07-31,191,ft^3/s,Approved,2025-02-21T16:41:42Z,,272a1fc51e7a4da584101aad9cdd2601,06752260,USGS,Lincoln
USGS-06752280,00060,00003,2021-07-31,163,ft^3/s,Approved,2025-02-24T16:24:39Z,,af36731baeac4ee5a7a5b5d47e298ee3,06752280,USGS,Boxelder
USGS-06752260,00060,00003,2021-08-01,196,ft^3/s,Approved,2025-02-21T16:41:42Z,,272a1fc51e7a4da584101aad9cdd2601,06752260,USGS,Lincoln
USGS-06752280,00060,00003,2021-08-01,179,ft^3/s,Approved,2025-02-24T16:24:39Z,,af36731baeac4ee5a7a5b5d47e298ee3,06752280,USGS,Boxelder
USGS-06752260,00060,00003,2021-08-02,74.9,ft^3/s,Approved,2025-02-21T16:41:42Z,,272a1fc51e7a4da584101aad9cdd2601,06752260,USGS,Lincoln
USGS-06752280,00060,00003,2021-08-02,62.2,ft^3/s,Approved,2025-02-24T16:24:39Z,,af36731baeac4ee5a7a5b5d47e298ee3,06752280,USGS,Boxelder
USGS-06752260,00060,00003,2021-08-03,178,ft^3/s,Approved,2025-02-21T16:41:42Z,,272a1fc51e7a4da584101aad9cdd2601,06752260,USGS,Lincoln
USGS-06752280,00060,00003,2021-08-03,145,ft^3/s,Approved,2025-02-24T16:24:39Z,,af36731baeac4ee5a7a5b5d47e298ee3,06752280,USGS,Boxelder
USGS-06752260,00060,00003,2021-08-04,320,ft^3/s,Approved,2025-02-21T16:41:42Z,,272a1fc51e7a4da584101aad9cdd2601,06752260,USGS,Lincoln
USGS-06752280,00060,00003,2021-08-04,289,ft^3/s,Approved,2025-02-24T16:24:39Z,,af36731baeac4ee5a7a5b5d47e298ee3,06752280,USGS,Boxelder
USGS-06752260,00060,00003,2021-08-05,76.7,ft^3/s,Approved,2025-02-21T16:41:42Z,,272a1fc51e7a4da584101aad9cdd2601,06752260,USGS,Lincoln
USGS-06752280,00060,00003,2021-08-05,69.6,ft^3/s,Approved,2025-02-24T16:24:39Z,,af36731baeac4ee5a7a5b5d47e298ee3,06752280,USGS,Boxelder
USGS-06752260,00060,00003,2021-08-06,107,ft^3/s,Approved,2025-02-21T16:41:42Z,,272a1fc51e7a4da584101aad9cdd2601,06752260,USGS,Lincoln
USGS-06752280,00060,00003,2021-08-06,83.4,ft^3/s,Approved,2025-02-24T16:24:39Z,,af36731baeac4ee5a7a5b5d47e298ee3,06752280,USGS,Boxelder
USGS-06752260,00060,00003,2021-08-07,276,ft^3/s,Approved,2025-02-21T16:41:42Z,,272a1fc51e7a4da584101aad9cdd2601,06752260,USGS,Lincoln
USGS-06752280,00060,00003,2021-08-07,240,ft^3/s,Approved,2025-02-24T16:24:39Z,,af36731baeac4ee5a7a5b5d47e298ee3,06752280,USGS,Boxelder
USGS-06752260,00060,00003,2021-08-08,170,ft^3/s,Approved,2025-02-21T16:41:42Z,,272a1fc51e7a4da584101aad9cdd2601,06752260,USGS,Lincoln
USGS-06752280,00060,00003,2021-08-08,165,ft^3/s,Approved,2025-02-24T16:24:39Z,,af36731baeac4ee5a7a5b5d47e298ee3,06752280,USGS,Boxelder
USGS-06752260,00060,00003,2021-08-09,92.9,ft^3/s,Approved,2025-02-21T16:41:42Z,,272a1fc51e7a4da584101aad9cdd2601,06752260,USGS,Lincoln
USGS-06752280,00060,00003,2021-08-09,83.4,ft^3/s,Approved,2025-02-24T16:24:39Z,,af36731baeac4ee5a7a5b5d47e298ee3,06752280,USGS,Boxelder
USGS-06752260,00060,00003,2021-08-10,79.7,ft^3/s,Approved,2025-02-21T16:41:42Z,,272a1fc51e7a4da584101aad9cdd2601,06752260,USGS,Lincoln
USGS-06752280,00060,00003,2021-08-10,68.9,ft^3/s,Approved,2025-02-24T16:24:39Z,,af36731baeac4ee5a7a5b5d47e298ee3,06752280,USGS,Boxelder
USGS-06752260,00060,00003,2021-08-11,46.4,ft^3/s,Approved,2025-02-21T16:41:42Z,,272a1fc51e7a4da584101aad9cdd2601,06752260,USGS,Lincoln
USGS-06752280,00060,00003,2021-08-11,32.2,ft^3/s,Approved,2025-02-24T16:24:39Z,,af36731baeac4ee5a7a5b5d47e298ee3,06752280,USGS,Boxelder
USGS-06752260,00060,00003,2021-08-12,54.7,ft^3/s,Approved,2025-02-21T16:41:42Z,,272a1fc51e7a4da584101aad9cdd2601,06752260,USGS,Lincoln
USGS-06752280,00060,00003,2021-08-12,43.2,ft^3/s,Approved,2025-02-24T16:24:39Z,,af36731baeac4ee5a7a5b5d47e298ee3,06752280,USGS,Boxelder
USGS-06752260,00060,00003,2021-08-13,48.6,ft^3/s,Approved,2025-02-21T16:41:42Z,,272a1fc51e7a4da584101aad9cdd2601,06752260,USGS,Lincoln
USGS-06752280,00060,00003,2021-08-13,33.1,ft^3/s,Approved,2025-02-24T16:24:39Z,,af36731baeac4ee5a7a5b5d47e298ee3,06752280,USGS,Boxelder
USGS-06752260,00060,00003,2021-08-14,48.2,ft^3/s,Approved,2025-02-21T16:41:42Z,,272a1fc51e7a4da584101aad9cdd2601,06752260,USGS,Lincoln
USGS-06752280,00060,00003,2021-08-14,33,ft^3/s,Approved,2025-02-24T16:24:39Z,,af36731baeac4ee5a7a5b5d47e298ee3,06752280,USGS,Boxelder
USGS-06752260,00060,00003,2021-08-15,51,ft^3/s,Approved,2025-02-21T16:41:42Z,,272a1fc51e7a4da584101aad9cdd2601,06752260,USGS,Lincoln
USGS-06752280,00060,00003,2021-08-15,39.2,ft^3/s,Approved,2025-02-24T16:24:39Z,,af36731baeac4ee5a7a5b5d47e298ee3,06752280,USGS,Boxelder
USGS-06752260,00060,00003,2021-08-16,30,ft^3/s,Approved,2025-02-21T16:41:42Z,,272a1fc51e7a4da584101aad9cdd2601,06752260,USGS,Lincoln
USGS-06752280,00060,00003,2021-08-16,11,ft^3/s,Approved,2025-02-24T16:24:39Z,,af36731baeac4ee5a7a5b5d47e298ee3,06752280,USGS,Boxelder
USGS-06752260,00060,00003,2021-08-17,44.1,ft^3/s,Approved,2025-02-21T16:41:42Z,,272a1fc51e7a4da584101aad9cdd2601,06752260,USGS,Lincoln
USGS-06752280,00060,00003,2021-08-17,27.4,ft^3/s,Approved,2025-02-24T16:24:39Z,,af36731baeac4ee5a7a5b5d47e298ee3,06752280,USGS,Boxelder
USGS-06752260,00060,00003,2021-08-18,31.8,ft^3/s,Approved,2025-02-21T16:41:42Z,,272a1fc51e7a4da584101aad9cdd2601,06752260,USGS,Lincoln
USGS-06752280,00060,00003,2021-08-18,17.7,ft^3/s,Approved,2025-02-24T16:24:39Z,,af36731baeac4ee5a7a5b5d47e298ee3,06752280,USGS,Boxelder
USGS-06752260,00060,00003,2021-08-19,35.8,ft^3/s,Approved,2025-02-21T16:41:42Z,,272a1fc51e7a4da584101aad9cdd2601,06752260,USGS,Lincoln
USGS-06752280,00060,00003,2021-08-19,12.9,ft^3/s,Approved,2025-02-24T16:24:39Z,,af36731baeac4ee5a7a5b5d47e298ee3,06752280,USGS,Boxelder
USGS-06752260,00060,00003,2021-08-20,85.3,ft^3/s,Approved,2025-02-21T16:41:42Z,,272a1fc51e7a4da584101aad9cdd2601,06752260,USGS,Lincoln
USGS-06752280,00060,00003,2021-08-20,77.7,ft^3/s,Approved,2025-02-24T16:24:39Z,,af36731baeac4ee5a7a5b5d47e298ee3,06752280,USGS,Boxelder
USGS-06752260,00060,00003,2021-08-21,75.1,ft^3/s,Approved,2025-02-21T16:41:42Z,,272a1fc51e7a4da584101aad9cdd2601,06752260,USGS,Lincoln
USGS-06752280,00060,00003,2021-08-21,68.4,ft^3/s,Approved,2025-02-24T16:24:39Z,,af36731baeac4ee5a7a5b5d47e298ee3,06752280,USGS,Boxelder
USGS-06752260,00060,00003,2021-08-22,61.9,ft^3/s,Approved,2025-02-21T16:41:42Z,,272a1fc51e7a4da584101aad9cdd2601,06752260,USGS,Lincoln
USGS-06752280,00060,00003,2021-08-22,51.6,ft^3/s,Approved,2025-02-24T16:24:39Z,,af36731baeac4ee5a7a5b5d47e298ee3,06752280,USGS,Boxelder
USGS-06752260,00060,00003,2021-08-23,21.8,ft^3/s,Approved,2025-02-21T16:41:42Z,,272a1fc51e7a4da584101aad9cdd2601,06752260,USGS,Lincoln
USGS-06752280,00060,00003,2021-08-23,7.82,ft^3/s,Approved,2025-02-24T16:24:39Z,,af36731baeac4ee5a7a5b5d47e298ee3,06752280,USGS,Boxelder
USGS-06752260,00060,00003,2021-08-24,26.3,ft^3/s,Approved,2025-02-21T16:41:42Z,,272a1fc51e7a4da584101aad9cdd2601,06752260,USGS,Lincoln
USGS-06752280,00060,00003,2021-08-24,11.3,ft^3/s,Approved,2025-02-24T16:24:39Z,,af36731baeac4ee5a7a5b5d47e298ee3,06752280,USGS,Boxelder
USGS-06752260,00060,00003,2021-08-25,28.2,ft^3/s,Approved,2025-02-21T16:41:42Z,,272a1fc51e7a4da584101aad9cdd2601,06752260,USGS,Lincoln
USGS-06752280,00060,00003,2021-08-25,9.7,ft^3/s,Approved,2025-02-24T16:24:39Z,,af36731baeac4ee5a7a5b5d47e298ee3,06752280,USGS,Boxelder
USGS-06752260,00060,00003,2021-08-26,26.9,ft^3/s,Approved,2025-02-21T16:41:42Z,,272a1fc51e7a4da584101aad9cdd2601,06752260,USGS,Lincoln
USGS-06752280,00060,00003,2021-08-26,19.1,ft^3/s,Approved,2025-02-24T16:24:39Z,,af36731baeac4ee5a7a5b5d47e298ee3,06752280,USGS,Boxelder
USGS-06752260,00060,00003,2021-08-27,23.5,ft^3/s,Approved,2025-02-21T16:41:42Z,,272a1fc51e7a4da584101aad9cdd2601,06752260,USGS,Lincoln
USGS-06752280,00060,00003,2021-08-27,15.3,ft^3/s,Approved,2025-02-24T16:24:39Z,,af36731baeac4ee5a7a5b5d47e298ee3,06752280,USGS,Boxelder
USGS-06752260,00060,00003,2021-08-28,29.2,ft^3/s,Approved,2025-02-21T16:41:42Z,,272a1fc51e7a4da584101aad9cdd2601,06752260,USGS,Lincoln
USGS-06752280,00060,00003,2021-08-28,19.2,ft^3/s,Approved,2025-02-24T16:24:39Z,,af36731baeac4ee5a7a5b5d47e298ee3,06752280,USGS,Boxelder
USGS-06752260,00060,00003,2021-08-29,13.6,ft^3/s,Approved,2025-02-21T16:41:42Z,,272a1fc51e7a4da584101aad9cdd2601,06752260,USGS,Lincoln
USGS-06752280,00060,00003,2021-08-29,5.62,ft^3/s,Approved,2025-02-24T16:24:39Z,,af36731baeac4ee5a7a5b5d47e298ee3,06752280,USGS,Boxelder
USGS-06752260,00060,00003,2021-08-30,1.31,ft^3/s,Approved,2025-02-21T16:41:42Z,,272a1fc51e7a4da584101aad9cdd2601,06752260,USGS,Lincoln
USGS-06752280,00060,00003,2021-08-30,1.88,ft^3/s,Approved,2025-02-24T16:24:39Z,,af36731baeac4ee5a7a5b5d47e298ee3,06752280,USGS,Boxelder
USGS-06752260,00060,00003,2021-08-31,7.71,ft^3/s,Approved,2025-02-21T16:41:42Z,,272a1fc51e7a4da584101aad9cdd2601,06752260,USGS,Lincoln
USGS-06752280,00060,00003,2021-08-31,2.43,ft^3/s,Approved,2025-02-24T16:24:39Z,,af36731baeac4ee5a7a5b5d47e298ee3,06752280,USGS,Boxelder
USGS-06752260,00060,00003,2021-09-01,6.92,ft^3/s,Approved,2025-02-21T16:41:42Z,,272a1fc51e7a4da584101aad9cdd2601,06752260,USGS,Lincoln
USGS-06752280,00060,00003,2021-09-01,2.3,ft^3/s,Approved,2025-02-24T16:24:39Z,,af36731baeac4ee5a7a5b5d47e298ee3,06752280,USGS,Boxelder
USGS-06752260,00060,00003,2021-09-02,23.5,ft^3/s,Approved,2025-02-21T16:41:42Z,,272a1fc51e7a4da584101aad9cdd2601,06752260,USGS,Lincoln
USGS-06752280,00060,00003,2021-09-02,12.2,ft^3/s,Approved,2025-02-24T16:24:39Z,,af36731baeac4ee5a7a5b5d47e298ee3,06752280,USGS,Boxelder
USGS-06752260,00060,00003,2021-09-03,26.1,ft^3/s,Approved,2025-02-21T16:41:42Z,,272a1fc51e7a4da584101aad9cdd2601,06752260,USGS,Lincoln
USGS-06752280,00060,00003,2021-09-03,17,ft^3/s,Approved,2025-02-24T16:24:39Z,,af36731baeac4ee5a7a5b5d47e298ee3,06752280,USGS,Boxelder
USGS-06752260,00060,00003,2021-09-04,31,ft^3/s,Approved,2025-02-21T16:41:42Z,,272a1fc51e7a4da584101aad9cdd2601,06752260,USGS,Lincoln
USGS-06752280,00060,00003,2021-09-04,27.2,ft^3/s,Approved,2025-02-24T16:24:39Z,,af36731baeac4ee5a7a5b5d47e298ee3,06752280,USGS,Boxelder
USGS-06752260,00060,00003,2021-09-05,15,ft^3/s,Approved,2025-02-21T16:41:42Z,,272a1fc51e7a4da584101aad9cdd2601,06752260,USGS,Lincoln
USGS-06752280,00060,00003,2021-09-05,7.18,ft^3/s,Approved,2025-02-24T16:24:39Z,,af36731baeac4ee5a7a5b5d47e298ee3,06752280,USGS,Boxelder
USGS-06752260,00060,00003,2021-09-06,9.05,ft^3/s,Approved,2025-02-21T16:41:42Z,,272a1fc51e7a4da584101aad9cdd2601,06752260,USGS,Lincoln
USGS-06752280,00060,00003,2021-09-06,5.4,ft^3/s,Approved,2025-02-24T16:24:39Z,,af36731baeac4ee5a7a5b5d47e298ee3,06752280,USGS,Boxelder
USGS-06752260,00060,00003,2021-09-07,8.98,ft^3/s,Approved,2025-02-21T16:41:42Z,,272a1fc51e7a4da584101aad9cdd2601,06752260,USGS,Lincoln
USGS-06752280,00060,00003,2021-09-07,4.62,ft^3/s,Approved,2025-02-24T16:24:39Z,,af36731baeac4ee5a7a5b5d47e298ee3,06752280,USGS,Boxelder
USGS-06752260,00060,00003,2021-09-08,8.65,ft^3/s,Approved,2025-02-21T16:41:42Z,,272a1fc51e7a4da584101aad9cdd2601,06752260,USGS,Lincoln
USGS-06752280,00060,00003,2021-09-08,4.17,ft^3/s,Approved,2025-02-24T16:24:39Z,,af36731baeac4ee5a7a5b5d47e298ee3,06752280,USGS,Boxelder
USGS-06752260,00060,00003,2021-09-09,8.27,ft^3/s,Approved,2025-02-21T16:41:42Z,,272a1fc51e7a4da584101aad9cdd2601,06752260,USGS,Lincoln
USGS-06752280,00060,00003,2021-09-09,3.86,ft^3/s,Approved,2025-02-24T16:24:39Z,,af36731baeac4ee5a7a5b5d47e298ee3,06752280,USGS,Boxelder
USGS-06752260,00060,00003,2021-09-10,7.74,ft^3/s,Approved,2025-02-21T16:41:42Z,,272a1fc51e7a4da584101aad9cdd2601,06752260,USGS,Lincoln
USGS-06752280,00060,00003,2021-09-10,2.82,ft^3/s,Approved,2025-02-24T16:24:39Z,,af36731baeac4ee5a7a5b5d47e298ee3,06752280,USGS,Boxelder
USGS-06752260,00060,00003,2021-09-11,5.51,ft^3/s,Approved,2025-02-21T16:41:42Z,,272a1fc51e7a4da584101aad9cdd2601,06752260,USGS,Lincoln
USGS-06752280,00060,00003,2021-09-11,1.9,ft^3/s,Approved,2025-02-24T16:24:39Z,,af36731baeac4ee5a7a5b5d47e298ee3,06752280,USGS,Boxelder
USGS-06752260,00060,00003,2021-09-12,6.29,ft^3/s,Approved,2025-02-21T16:41:42Z,,272a1fc51e7a4da584101aad9cdd2601,06752260,USGS,Lincoln
USGS-06752280,00060,00003,2021-09-12,1.72,ft^3/s,Approved,2025-02-24T16:24:39Z,,af36731baeac4ee5a7a5b5d47e298ee3,06752280,USGS,Boxelder
USGS-06752260,00060,00003,2021-09-13,7.55,ft^3/s,Approved,2025-02-21T16:41:42Z,,272a1fc51e7a4da584101aad9cdd2601,06752260,USGS,Lincoln
USGS-06752280,00060,00003,2021-09-13,2.99,ft^3/s,Approved,2025-02-24T16:24:39Z,,af36731baeac4ee5a7a5b5d47e298ee3,06752280,USGS,Boxelder
USGS-06752260,00060,00003,2021-09-14,9.54,ft^3/s,Approved,2025-02-21T16:41:42Z,,272a1fc51e7a4da584101aad9cdd2601,06752260,USGS,Lincoln
USGS-06752280,00060,00003,2021-09-14,13.7,ft^3/s,Approved,2025-02-24T16:24:39Z,,af36731baeac4ee5a7a5b5d47e298ee3,06752280,USGS,Boxelder
USGS-06752260,00060,00003,2021-09-15,9.3,ft^3/s,Approved,2025-02-21T16:41:42Z,,272a1fc51e7a4da584101aad9cdd2601,06752260,USGS,Lincoln
USGS-06752280,00060,00003,2021-09-15,7.14,ft^3/s,Approved,2025-02-24T16:24:39Z,,af36731baeac4ee5a7a5b5d47e298ee3,06752280,USGS,Boxelder
USGS-06752260,00060,00003,2021-09-16,8.53,ft^3/s,Approved,2025-02-21T16:41:42Z,,272a1fc51e7a4da584101aad9cdd2601,06752260,USGS,Lincoln
USGS-06752280,00060,00003,2021-09-16,5.75,ft^3/s,Approved,2025-02-24T16:24:39Z,,af36731baeac4ee5a7a5b5d47e298ee3,06752280,USGS,Boxelder
USGS-06752260,00060,00003,2021-09-17,8.05,ft^3/s,Approved,2025-02-21T16:41:42Z,,272a1fc51e7a4da584101aad9cdd2601,06752260,USGS,Lincoln
USGS-06752280,00060,00003,2021-09-17,4.64,ft^3/s,Approved,2025-02-24T16:24:39Z,,af36731baeac4ee5a7a5b5d47e298ee3,06752280,USGS,Boxelder
USGS-06752260,00060,00003,2021-09-18,7.94,ft^3/s,Approved,2025-02-21T16:41:42Z,,272a1fc51e7a4da584101aad9cdd2601,06752260,USGS,Lincoln
USGS-06752280,00060,00003,2021-09-18,5.07,ft^3/s,Approved,2025-02-24T16:24:39Z,,af36731baeac4ee5a7a5b5d47e298ee3,06752280,USGS,Boxelder
USGS-06752260,00060,00003,2021-09-19,7.55,ft^3/s,Approved,2025-02-21T16:41:42Z,,272a1fc51e7a4da584101aad9cdd2601,06752260,USGS,Lincoln
USGS-06752280,00060,00003,2021-09-19,4.5,ft^3/s,Approved,2025-02-24T16:24:39Z,,af36731baeac4ee5a7a5b5d47e298ee3,06752280,USGS,Boxelder
USGS-06752260,00060,00003,2021-09-20,7,ft^3/s,Approved,2025-02-21T16:41:42Z,,272a1fc51e7a4da584101aad9cdd2601,06752260,USGS,Lincoln
USGS-06752280,00060,00003,2021-09-20,4.13,ft^3/s,Approved,2025-02-24T16:24:39Z,,af36731baeac4ee5a7a5b5d47e298ee3,06752280,USGS,Boxelder
USGS-06752260,00060,00003,2021-09-21,7.51,ft^3/s,Approved,2025-02-21T16:41:42Z,,272a1fc51e7a4da584101aad9cdd2601,06752260,USGS,Lincoln
USGS-06752280,00060,00003,2021-09-21,4.68,ft^3/s,Approved,2025-02-24T16:24:39Z,,af36731baeac4ee5a7a5b5d47e298ee3,06752280,USGS,Boxelder
USGS-06752260,00060,00003,2021-09-22,7.03,ft^3/s,Approved,2025-02-21T16:41:42Z,,272a1fc51e7a4da584101aad9cdd2601,06752260,USGS,Lincoln
USGS-06752280,00060,00003,2021-09-22,4.08,ft^3/s,Approved,2025-02-24T16:24:39Z,,af36731baeac4ee5a7a5b5d47e298ee3,06752280,USGS,Boxelder
USGS-06752260,00060,00003,2021-09-23,5.9,ft^3/s,Approved,2025-02-21T16:41:42Z,,272a1fc51e7a4da584101aad9cdd2601,06752260,USGS,Lincoln
USGS-06752280,00060,00003,2021-09-23,2.85,ft^3/s,Approved,2025-02-24T16:24:39Z,,af36731baeac4ee5a7a5b5d47e298ee3,06752280,USGS,Boxelder
USGS-06752260,00060,00003,2021-09-24,5.67,ft^3/s,Approved,2025-02-21T16:41:42Z,,272a1fc51e7a4da584101aad9cdd2601,06752260,USGS,Lincoln
USGS-06752280,00060,00003,2021-09-24,2.43,ft^3/s,Approved,2025-02-24T16:24:39Z,,af36731baeac4ee5a7a5b5d47e298ee3,06752280,USGS,Boxelder
USGS-06752260,00060,00003,2021-09-25,14.7,ft^3/s,Approved,2025-02-21T16:41:42Z,,272a1fc51e7a4da584101aad9cdd2601,06752260,USGS,Lincoln
USGS-06752280,00060,00003,2021-09-25,4.56,ft^3/s,Approved,2025-02-24T16:24:39Z,,af36731baeac4ee5a7a5b5d47e298ee3,06752280,USGS,Boxelder
USGS-06752260,00060,00003,2021-09-26,13.6,ft^3/s,Approved,2025-02-21T16:41:42Z,,272a1fc51e7a4da584101aad9cdd2601,06752260,USGS,Lincoln
USGS-06752280,00060,00003,2021-09-26,2.81,ft^3/s,Approved,2025-02-24T16:24:39Z,,af36731baeac4ee5a7a5b5d47e298ee3,06752280,USGS,Boxelder
USGS-06752260,00060,00003,2021-09-27,10.6,ft^3/s,Approved,2025-02-21T16:41:42Z,,272a1fc51e7a4da584101aad9cdd2601,06752260,USGS,Lincoln
USGS-06752280,00060,00003,2021-09-27,2.52,ft^3/s,Approved,2025-02-24T16:24:39Z,,af36731baeac4ee5a7a5b5d47e298ee3,06752280,USGS,Boxelder
USGS-06752260,00060,00003,2021-09-28,10.2,ft^3/s,Approved,2025-02-21T16:41:42Z,,272a1fc51e7a4da584101aad9cdd2601,06752260,USGS,Lincoln
USGS-06752280,00060,00003,2021-09-28,2.29,ft^3/s,Approved,2025-02-24T16:24:39Z,,af36731baeac4ee5a7a5b5d47e298ee3,06752280,USGS,Boxelder
USGS-06752260,00060,00003,2021-09-29,17.1,ft^3/s,Approved,2025-02-21T16:41:42Z,,272a1fc51e7a4da584101aad9cdd2601,06752260,USGS,Lincoln
USGS-06752280,00060,00003,2021-09-29,5.07,ft^3/s,Approved,2025-02-24T16:24:39Z,,af36731baeac4ee5a7a5b5d47e298ee3,06752280,USGS,Boxelder
USGS-06752260,00060,00003,2021-09-30,32.7,ft^3/s,Approved,2025-02-21T16:41:42Z,,272a1fc51e7a4da584101aad9cdd2601,06752260,USGS,Lincoln
USGS-06752280,00060,00003,2021-09-30,20.2,ft^3/s,Approved,2025-02-24T16:24:39Z,,af36731baeac4ee5a7a5b5d47e298ee3,06752280,USGS,Boxelder
USGS-06752260,00060,00003,2021-10-01,24.3,ft^3/s,Approved,2025-02-21T16:41:42Z,,272a1fc51e7a4da584101aad9cdd2601,06752260,USGS,Lincoln
USGS-06752280,00060,00003,2021-10-01,18.8,ft^3/s,Approved,2025-02-24T16:24:39Z,,af36731baeac4ee5a7a5b5d47e298ee3,06752280,USGS,Boxelder
USGS-06752260,00060,00003,2021-10-02,23.7,ft^3/s,Approved,2025-02-21T16:41:42Z,,272a1fc51e7a4da584101aad9cdd2601,06752260,USGS,Lincoln
USGS-06752280,00060,00003,2021-10-02,16.8,ft^3/s,Approved,2025-02-24T16:24:39Z,,af36731baeac4ee5a7a5b5d47e298ee3,06752280,USGS,Boxelder
USGS-06752260,00060,00003,2021-10-03,17.2,ft^3/s,Approved,2025-02-21T16:41:42Z,,272a1fc51e7a4da584101aad9cdd2601,06752260,USGS,Lincoln
USGS-06752280,00060,00003,2021-10-03,9.43,ft^3/s,Approved,2025-02-24T16:24:39Z,,af36731baeac4ee5a7a5b5d47e298ee3,06752280,USGS,Boxelder
USGS-06752260,00060,00003,2021-10-04,14.7,ft^3/s,Approved,2025-02-21T16:41:42Z,,272a1fc51e7a4da584101aad9cdd2601,06752260,USGS,Lincoln
USGS-06752280,00060,00003,2021-10-04,6.98,ft^3/s,Approved,2025-02-24T16:24:39Z,,af36731baeac4ee5a7a5b5d47e298ee3,06752280,USGS,Boxelder
USGS-06752260,00060,00003,2021-10-05,12.3,ft^3/s,Approved,2025-02-21T16:41:42Z,,272a1fc51e7a4da584101aad9cdd2601,06752260,USGS,Lincoln
USGS-06752280,00060,00003,2021-10-05,4.21,ft^3/s,Approved,2025-02-24T16:24:39Z,,af36731baeac4ee5a7a5b5d47e298ee3,06752280,USGS,Boxelder
USGS-06752260,00060,00003,2021-10-06,16.1,ft^3/s,Approved,2025-02-21T16:41:42Z,,272a1fc51e7a4da584101aad9cdd2601,06752260,USGS,Lincoln
USGS-06752280,00060,00003,2021-10-06,6.28,ft^3/s,Approved,2025-02-24T16:24:39Z,,af36731baeac4ee5a7a5b5d47e298ee3,06752280,USGS,Boxelder
USGS-06752260,00060,00003,2021-10-07,15,ft^3/s,Approved,2025-02-21T16:41:42Z,REVISED,272a1fc51e7a4da584101aad9cdd2601,06752260,USGS,Lincoln
USGS-06752280,00060,00003,2021-10-07,7.61,ft^3/s,Approved,2025-02-24T16:24:39Z,,af36731baeac4ee5a7a5b5d47e298ee3,06752280,USGS,Boxelder
USGS-06752260,00060,00003,2021-10-08,19.6,ft^3/s,Approved,2025-02-21T16:41:42Z,REVISED,272a1fc51e7a4da584101aad9cdd2601,06752260,USGS,Lincoln
USGS-06752280,00060,00003,2021-10-08,10.4,ft^3/s,Approved,2025-02-24T16:24:39Z,,af36731baeac4ee5a7a5b5d47e298ee3,06752280,USGS,Boxelder
USGS-06752260,00060,00003,2021-10-09,17.8,ft^3/s,Approved,2025-02-21T16:41:42Z,REVISED,272a1fc51e7a4da584101aad9cdd2601,06752260,USGS,Lincoln
USGS-06752280,00060,00003,2021-10-09,10,ft^3/s,Approved,2025-02-24T16:24:39Z,,af36731baeac4ee5a7a5b5d47e298ee3,06752280,USGS,Boxelder
USGS-06752260,00060,00003,2021-10-10,19.3,ft^3/s,Approved,2025-02-21T16:41:42Z,REVISED,272a1fc51e7a4da584101aad9cdd2601,06752260,USGS,Lincoln
USGS-06752280,00060,00003,2021-10-10,8.79,ft^3/s,Approved,2025-02-24T16:24:39Z,,af36731baeac4ee5a7a5b5d47e298ee3,06752280,USGS,Boxelder
USGS-06752260,00060,00003,2021-10-11,36,ft^3/s,Approved,2025-02-21T16:41:42Z,REVISED,272a1fc51e7a4da584101aad9cdd2601,06752260,USGS,Lincoln
USGS-06752280,00060,00003,2021-10-11,18,ft^3/s,Approved,2025-02-24T16:24:39Z,,af36731baeac4ee5a7a5b5d47e298ee3,06752280,USGS,Boxelder
USGS-06752260,00060,00003,2021-10-12,39.4,ft^3/s,Approved,2025-02-21T16:41:42Z,REVISED,272a1fc51e7a4da584101aad9cdd2601,06752260,USGS,Lincoln
USGS-06752280,00060,00003,2021-10-12,2.71,ft^3/s,Approved,2025-02-24T16:24:39Z,,af36731baeac4ee5a7a5b5d47e298ee3,06752280,USGS,Boxelder
USGS-06752260,00060,00003,2021-10-13,40.5,ft^3/s,Approved,2025-02-21T16:41:42Z,REVISED,272a1fc51e7a4da584101aad9cdd2601,06752260,USGS,Lincoln
USGS-06752280,00060,00003,2021-10-13,6.51,ft^3/s,Approved,2025-02-24T16:24:39Z,,af36731baeac4ee5a7a5b5d47e298ee3,06752280,USGS,Boxelder
USGS-06752260,00060,00003,2021-10-14,33,ft^3/s,Approved,2025-02-21T16:41:42Z,REVISED,272a1fc51e7a4da584101aad9cdd2601,06752260,USGS,Lincoln
USGS-06752280,00060,00003,2021-10-14,2.36,ft^3/s,Approved,2025-02-24T16:24:39Z,,af36731baeac4ee5a7a5b5d47e298ee3,06752280,USGS,Boxelder
USGS-06752260,00060,00003,2021-10-15,28.1,ft^3/s,Approved,2025-02-21T16:41:42Z,REVISED,272a1fc51e7a4da584101aad9cdd2601,06752260,USGS,Lincoln
USGS-06752280,00060,00003,2021-10-15,8.15,ft^3/s,Approved,2025-02-24T16:24:39Z,,af36731baeac4ee5a7a5b5d47e298ee3,06752280,USGS,Boxelder
USGS-06752260,00060,00003,2021-10-16,24,ft^3/s,Approved,2025-02-21T16:41:42Z,REVISED,272a1fc51e7a4da584101aad9cdd2601,06752260,USGS,Lincoln
USGS-06752280,00060,00003,2021-10-16,19.9,ft^3/s,Approved,2025-02-24T16:24:39Z,,af36731baeac4ee5a7a5b5d47e298ee3,06752280,USGS,Boxelder
USGS-06752260,00060,00003,2021-10-17,19.2,ft^3/s,Approved,2025-02-21T16:41:42Z,REVISED,272a1fc51e7a4da584101aad9cdd2601,06752260,USGS,Lincoln
USGS-06752280,00060,00003,2021-10-17,13.7,ft^3/s,Approved,2025-02-24T16:24:39Z,,af36731baeac4ee5a7a5b5d47e298ee3,06752280,USGS,Boxelder
USGS-06752260,00060,00003,2021-10-18,18.1,ft^3/s,Approved,2025-02-21T16:41:42Z,REVISED,272a1fc51e7a4da584101aad9cdd2601,06752260,USGS,Lincoln
USGS-06752280,00060,00003,2021-10-18,11.3,ft^3/s,Approved,2025-02-24T16:24:39Z,,af36731baeac4ee5a7a5b5d47e298ee3,06752280,USGS,Boxelder
USGS-06752260,00060,00003,2021-10-19,16.3,ft^3/s,Approved,2025-02-21T16:41:42Z,REVISED,272a1fc51e7a4da584101aad9cdd2601,06752260,USGS,Lincoln
USGS-06752280,00060,00003,2021-10-19,6.42,ft^3/s,Approved,2025-02-24T16:24:39Z,,af36731baeac4ee5a7a5b5d47e298ee3,06752280,USGS,Boxelder
USGS-06752260,00060,00003,2021-10-20,17.9,ft^3/s,Approved,2025-02-21T16:41:42Z,REVISED,272a1fc51e7a4da584101aad9cdd2601,06752260,USGS,Lincoln
USGS-06752280,00060,00003,2021-10-20,9.11,ft^3/s,Approved,2025-02-24T16:24:39Z,,af36731baeac4ee5a7a5b5d47e298ee3,06752280,USGS,Boxelder
USGS-06752260,00060,00003,2021-10-21,17.4,ft^3/s,Approved,2025-02-21T16:41:42Z,REVISED,272a1fc51e7a4da584101aad9cdd2601,06752260,USGS,Lincoln
USGS-06752280,00060,00003,2021-10-21,9.65,ft^3/s,Approved,2025-02-24T16:24:39Z,,af36731baeac4ee5a7a5b5d47e298ee3,06752280,USGS,Boxelder
USGS-06752260,00060,00003,2021-10-22,18,ft^3/s,Approved,2025-02-21T16:41:42Z,REVISED,272a1fc51e7a4da584101aad9cdd2601,06752260,USGS,Lincoln
USGS-06752280,00060,00003,2021-10-22,10.4,ft^3/s,Approved,2025-02-24T16:24:39Z,,af36731baeac4ee5a7a5b5d47e298ee3,06752280,USGS,Boxelder
USGS-06752260,00060,00003,2021-10-23,19.2,ft^3/s,Approved,2025-02-21T16:41:42Z,REVISED,272a1fc51e7a4da584101aad9cdd2601,06752260,USGS,Lincoln
USGS-06752280,00060,00003,2021-10-23,12.1,ft^3/s,Approved,2025-02-24T16:24:39Z,,af36731baeac4ee5a7a5b5d47e298ee3,06752280,USGS,Boxelder
USGS-06752260,00060,00003,2021-10-24,19.1,ft^3/s,Approved,2025-02-21T16:41:42Z,REVISED,272a1fc51e7a4da584101aad9cdd2601,06752260,USGS,Lincoln
USGS-06752280,00060,00003,2021-10-24,12.6,ft^3/s,Approved,2025-02-24T16:24:39Z,,af36731baeac4ee5a7a5b5d47e298ee3,06752280,USGS,Boxelder
USGS-06752260,00060,00003,2021-10-25,19.3,ft^3/s,Approved,2025-02-21T16:41:42Z,REVISED,272a1fc51e7a4da584101aad9cdd2601,06752260,USGS,Lincoln
USGS-06752280,00060,00003,2021-10-25,13.7,ft^3/s,Approved,2025-02-24T16:24:39Z,,af36731baeac4ee5a7a5b5d47e298ee3,06752280,USGS,Boxelder
USGS-06752260,00060,00003,2021-10-26,19.5,ft^3/s,Approved,2025-02-21T16:41:42Z,REVISED,272a1fc51e7a4da584101aad9cdd2601,06752260,USGS,Lincoln
USGS-06752280,00060,00003,2021-10-26,15.5,ft^3/s,Approved,2025-02-24T16:24:39Z,,af36731baeac4ee5a7a5b5d47e298ee3,06752280,USGS,Boxelder
USGS-06752260,00060,00003,2021-10-27,19.7,ft^3/s,Approved,2025-02-21T16:41:42Z,REVISED,272a1fc51e7a4da584101aad9cdd2601,06752260,USGS,Lincoln
USGS-06752280,00060,00003,2021-10-27,18.7,ft^3/s,Approved,2025-02-24T16:24:39Z,,af36731baeac4ee5a7a5b5d47e298ee3,06752280,USGS,Boxelder
USGS-06752260,00060,00003,2021-10-28,20.6,ft^3/s,Approved,2025-02-21T16:41:42Z,REVISED,272a1fc51e7a4da584101aad9cdd2601,06752260,USGS,Lincoln
USGS-06752280,00060,00003,2021-10-28,14.3,ft^3/s,Approved,2025-02-24T16:24:39Z,,af36731baeac4ee5a7a5b5d47e298ee3,06752280,USGS,Boxelder
USGS-06752260,00060,00003,2021-10-29,17.5,ft^3/s,Approved,2025-02-21T16:41:42Z,REVISED,272a1fc51e7a4da584101aad9cdd2601,06752260,USGS,Lincoln
USGS-06752280,00060,00003,2021-10-29,9.95,ft^3/s,Approved,2025-02-24T16:24:39Z,,af36731baeac4ee5a7a5b5d47e298ee3,06752280,USGS,Boxelder
USGS-06752260,00060,00003,2021-10-30,67.1,ft^3/s,Approved,2025-02-21T16:41:42Z,REVISED,272a1fc51e7a4da584101aad9cdd2601,06752260,USGS,Lincoln
USGS-06752280,00060,00003,2021-10-30,49.7,ft^3/s,Approved,2025-02-24T16:24:39Z,,af36731baeac4ee5a7a5b5d47e298ee3,06752280,USGS,Boxelder
USGS-06752260,00060,00003,2021-10-31,102,ft^3/s,Approved,2025-02-21T16:41:42Z,REVISED,272a1fc51e7a4da584101aad9cdd2601,06752260,USGS,Lincoln
USGS-06752280,00060,00003,2021-10-31,99,ft^3/s,Approved,2025-02-24T16:24:39Z,,af36731baeac4ee5a7a5b5d47e298ee3,06752280,USGS,Boxelder
USGS-06752260,00060,00003,2021-11-01,107,ft^3/s,Approved,2025-02-21T16:41:42Z,REVISED,272a1fc51e7a4da584101aad9cdd2601,06752260,USGS,Lincoln
USGS-06752280,00060,00003,2021-11-01,83.8,ft^3/s,Approved,2025-02-24T16:24:39Z,,af36731baeac4ee5a7a5b5d47e298ee3,06752280,USGS,Boxelder
USGS-06752260,00060,00003,2021-11-02,91.4,ft^3/s,Approved,2025-02-21T16:41:42Z,REVISED,272a1fc51e7a4da584101aad9cdd2601,06752260,USGS,Lincoln
USGS-06752280,00060,00003,2021-11-02,34.6,ft^3/s,Approved,2025-02-24T16:24:39Z,,af36731baeac4ee5a7a5b5d47e298ee3,06752280,USGS,Boxelder
USGS-06752260,00060,00003,2021-11-03,60.7,ft^3/s,Approved,2025-02-21T16:41:42Z,REVISED,272a1fc51e7a4da584101aad9cdd2601,06752260,USGS,Lincoln
USGS-06752280,00060,00003,2021-11-03,2.45,ft^3/s,Approved,2025-02-24T16:24:39Z,,af36731baeac4ee5a7a5b5d47e298ee3,06752280,USGS,Boxelder
USGS-06752260,00060,00003,2021-11-04,52.8,ft^3/s,Approved,2025-02-21T16:41:42Z,REVISED,272a1fc51e7a4da584101aad9cdd2601,06752260,USGS,Lincoln
USGS-06752280,00060,00003,2021-11-04,2.52,ft^3/s,Approved,2025-02-24T16:24:39Z,,af36731baeac4ee5a7a5b5d47e298ee3,06752280,USGS,Boxelder
USGS-06752260,00060,00003,2021-11-05,45.1,ft^3/s,Approved,2025-02-21T16:41:42Z,REVISED,272a1fc51e7a4da584101aad9cdd2601,06752260,USGS,Lincoln
USGS-06752280,00060,00003,2021-11-05,2.69,ft^3/s,Approved,2025-02-24T16:24:39Z,,af36731baeac4ee5a7a5b5d47e298ee3,06752280,USGS,Boxelder
USGS-06752260,00060,00003,2021-11-06,39.9,ft^3/s,Approved,2025-02-21T16:41:42Z,REVISED,272a1fc51e7a4da584101aad9cdd2601,06752260,USGS,Lincoln
USGS-06752280,00060,00003,2021-11-06,2.8,ft^3/s,Approved,2025-02-24T16:24:39Z,,af36731baeac4ee5a7a5b5d47e298ee3,06752280,USGS,Boxelder
USGS-06752260,00060,00003,2021-11-07,39.2,ft^3/s,Approved,2025-02-21T16:41:42Z,REVISED,272a1fc51e7a4da584101aad9cdd2601,06752260,USGS,Lincoln
USGS-06752280,00060,00003,2021-11-07,2.97,ft^3/s,Approved,2025-02-24T16:24:39Z,,af36731baeac4ee5a7a5b5d47e298ee3,06752280,USGS,Boxelder
USGS-06752260,00060,00003,2021-11-08,39.2,ft^3/s,Approved,2025-02-21T16:41:42Z,REVISED,272a1fc51e7a4da584101aad9cdd2601,06752260,USGS,Lincoln
USGS-06752280,00060,00003,2021-11-08,3.08,ft^3/s,Approved,2025-02-24T16:24:39Z,,af36731baeac4ee5a7a5b5d47e298ee3,06752280,USGS,Boxelder
USGS-06752260,00060,00003,2021-11-09,39.3,ft^3/s,Approved,2025-02-21T16:41:42Z,REVISED,272a1fc51e7a4da584101aad9cdd2601,06752260,USGS,Lincoln
USGS-06752280,00060,00003,2021-11-09,3.28,ft^3/s,Approved,2025-02-24T16:24:39Z,,af36731baeac4ee5a7a5b5d47e298ee3,06752280,USGS,Boxelder
USGS-06752260,00060,00003,2021-11-10,39.6,ft^3/s,Approved,2025-02-21T16:41:42Z,REVISED,272a1fc51e7a4da584101aad9cdd2601,06752260,USGS,Lincoln
USGS-06752280,00060,00003,2021-11-10,3.39,ft^3/s,Approved,2025-02-24T16:24:39Z,,af36731baeac4ee5a7a5b5d47e298ee3,06752280,USGS,Boxelder
USGS-06752260,00060,00003,2021-11-11,38.6,ft^3/s,Approved,2025-02-21T16:41:42Z,REVISED,272a1fc51e7a4da584101aad9cdd2601,06752260,USGS,Lincoln
USGS-06752280,00060,00003,2021-11-11,3.46,ft^3/s,Approved,2025-02-24T16:24:39Z,,af36731baeac4ee5a7a5b5d47e298ee3,06752280,USGS,Boxelder
USGS-06752260,00060,00003,2021-11-12,36.5,ft^3/s,Approved,2025-02-21T16:41:42Z,REVISED,272a1fc51e7a4da584101aad9cdd2601,06752260,USGS,Lincoln
USGS-06752280,00060,00003,2021-11-12,3.41,ft^3/s,Approved,2025-02-24T16:24:39Z,,af36731baeac4ee5a7a5b5d47e298ee3,06752280,USGS,Boxelder
USGS-06752260,00060,00003,2021-11-13,37.7,ft^3/s,Approved,2025-02-21T16:41:42Z,REVISED,272a1fc51e7a4da584101aad9cdd2601,06752260,USGS,Lincoln
USGS-06752280,00060,00003,2021-11-13,3.64,ft^3/s,Approved,2025-02-24T16:24:39Z,,af36731baeac4ee5a7a5b5d47e298ee3,06752280,USGS,Boxelder
USGS-06752260,00060,00003,2021-11-14,35.2,ft^3/s,Approved,2025-02-21T16:41:42Z,REVISED,272a1fc51e7a4da584101aad9cdd2601,06752260,USGS,Lincoln
USGS-06752280,00060,00003,2021-11-14,3.68,ft^3/s,Approved,2025-02-24T16:24:39Z,,af36731baeac4ee5a7a5b5d47e298ee3,06752280,USGS,Boxelder
USGS-06752260,00060,00003,2021-11-15,34.5,ft^3/s,Approved,2025-02-21T16:41:42Z,REVISED,272a1fc51e7a4da584101aad9cdd2601,06752260,USGS,Lincoln
USGS-06752280,00060,00003,2021-11-15,3.7,ft^3/s,Approved,2025-02-24T16:24:39Z,,af36731baeac4ee5a7a5b5d47e298ee3,06752280,USGS,Boxelder
USGS-06752260,00060,00003,2021-11-16,33.7,ft^3/s,Approved,2025-02-21T16:41:42Z,REVISED,272a1fc51e7a4da584101aad9cdd2601,06752260,USGS,Lincoln
USGS-06752280,00060,00003,2021-11-16,3.89,ft^3/s,Approved,2025-02-24T16:24:39Z,,af36731baeac4ee5a7a5b5d47e298ee3,06752280,USGS,Boxelder
USGS-06752260,00060,00003,2021-11-17,33.3,ft^3/s,Approved,2025-02-21T16:41:42Z,REVISED,272a1fc51e7a4da584101aad9cdd2601,06752260,USGS,Lincoln
USGS-06752280,00060,00003,2021-11-17,3.79,ft^3/s,Approved,2026-01-15T00:42:43Z,,af36731baeac4ee5a7a5b5d47e298ee3,06752280,USGS,Boxelder
USGS-06752260,00060,00003,2021-11-18,33.6,ft^3/s,Approved,2025-02-21T16:41:42Z,REVISED,272a1fc51e7a4da584101aad9cdd2601,06752260,USGS,Lincoln
USGS-06752280,00060,00003,2021-11-18,3.89,ft^3/s,Approved,2025-02-24T16:24:39Z,,af36731baeac4ee5a7a5b5d47e298ee3,06752280,USGS,Boxelder
USGS-06752260,00060,00003,2021-11-19,32.4,ft^3/s,Approved,2025-02-21T16:41:42Z,REVISED,272a1fc51e7a4da584101aad9cdd2601,06752260,USGS,Lincoln
USGS-06752280,00060,00003,2021-11-19,3.86,ft^3/s,Approved,2025-02-24T16:24:39Z,,af36731baeac4ee5a7a5b5d47e298ee3,06752280,USGS,Boxelder
USGS-06752260,00060,00003,2021-11-20,25.5,ft^3/s,Approved,2025-02-21T16:41:42Z,REVISED,272a1fc51e7a4da584101aad9cdd2601,06752260,USGS,Lincoln
USGS-06752280,00060,00003,2021-11-20,3.92,ft^3/s,Approved,2025-02-24T16:24:39Z,,af36731baeac4ee5a7a5b5d47e298ee3,06752280,USGS,Boxelder
USGS-06752260,00060,00003,2021-11-21,24,ft^3/s,Approved,2025-02-21T16:41:42Z,REVISED,272a1fc51e7a4da584101aad9cdd2601,06752260,USGS,Lincoln
USGS-06752280,00060,00003,2021-11-21,3.74,ft^3/s,Approved,2025-02-24T16:24:39Z,,af36731baeac4ee5a7a5b5d47e298ee3,06752280,USGS,Boxelder
USGS-06752260,00060,00003,2021-11-22,23.7,ft^3/s,Approved,2025-02-21T16:41:42Z,REVISED,272a1fc51e7a4da584101aad9cdd2601,06752260,USGS,Lincoln
USGS-06752280,00060,00003,2021-11-22,3.59,ft^3/s,Approved,2025-02-24T16:24:39Z,,af36731baeac4ee5a7a5b5d47e298ee3,06752280,USGS,Boxelder
USGS-06752260,00060,00003,2021-11-23,23.5,ft^3/s,Approved,2025-02-21T16:41:42Z,REVISED,272a1fc51e7a4da584101aad9cdd2601,06752260,USGS,Lincoln
USGS-06752280,00060,00003,2021-11-23,3.62,ft^3/s,Approved,2025-02-24T16:24:39Z,,af36731baeac4ee5a7a5b5d47e298ee3,06752280,USGS,Boxelder
USGS-06752260,00060,00003,2021-11-24,20.2,ft^3/s,Approved,2025-02-21T16:41:42Z,REVISED,272a1fc51e7a4da584101aad9cdd2601,06752260,USGS,Lincoln
USGS-06752280,00060,00003,2021-11-24,3.42,ft^3/s,Approved,2025-02-24T16:24:39Z,,af36731baeac4ee5a7a5b5d47e298ee3,06752280,USGS,Boxelder
USGS-06752260,00060,00003,2021-11-25,20.1,ft^3/s,Approved,2025-02-21T16:41:42Z,REVISED,272a1fc51e7a4da584101aad9cdd2601,06752260,USGS,Lincoln
USGS-06752280,00060,00003,2021-11-25,3.35,ft^3/s,Approved,2025-02-24T16:24:39Z,,af36731baeac4ee5a7a5b5d47e298ee3,06752280,USGS,Boxelder
USGS-06752260,00060,00003,2021-11-26,20,ft^3/s,Approved,2025-02-21T16:41:42Z,REVISED,272a1fc51e7a4da584101aad9cdd2601,06752260,USGS,Lincoln
USGS-06752280,00060,00003,2021-11-26,3.5,ft^3/s,Approved,2025-02-24T16:24:39Z,,af36731baeac4ee5a7a5b5d47e298ee3,06752280,USGS,Boxelder
USGS-06752260,00060,00003,2021-11-27,21.5,ft^3/s,Approved,2025-02-21T16:41:42Z,REVISED,272a1fc51e7a4da584101aad9cdd2601,06752260,USGS,Lincoln
USGS-06752280,00060,00003,2021-11-27,3.35,ft^3/s,Approved,2025-02-24T16:24:39Z,,af36731baeac4ee5a7a5b5d47e298ee3,06752280,USGS,Boxelder
USGS-06752260,00060,00003,2021-11-28,21,ft^3/s,Approved,2025-02-21T16:41:42Z,REVISED,272a1fc51e7a4da584101aad9cdd2601,06752260,USGS,Lincoln
USGS-06752280,00060,00003,2021-11-28,3.27,ft^3/s,Approved,2025-02-24T16:24:39Z,,af36731baeac4ee5a7a5b5d47e298ee3,06752280,USGS,Boxelder
USGS-06752260,00060,00003,2021-11-29,22.9,ft^3/s,Approved,2025-02-21T16:41:42Z,REVISED,272a1fc51e7a4da584101aad9cdd2601,06752260,USGS,Lincoln
USGS-06752280,00060,00003,2021-11-29,3.23,ft^3/s,Approved,2025-02-24T16:24:39Z,,af36731baeac4ee5a7a5b5d47e298ee3,06752280,USGS,Boxelder
USGS-06752260,00060,00003,2021-11-30,24.5,ft^3/s,Approved,2025-02-21T16:41:42Z,REVISED,272a1fc51e7a4da584101aad9cdd2601,06752260,USGS,Lincoln
USGS-06752280,00060,00003,2021-11-30,3.2,ft^3/s,Approved,2025-02-24T16:24:39Z,,af36731baeac4ee5a7a5b5d47e298ee3,06752280,USGS,Boxelder
USGS-06752260,00060,00003,2021-12-01,23.8,ft^3/s,Approved,2025-02-21T16:41:42Z,"ESTIMATED, REVISED",272a1fc51e7a4da584101aad9cdd2601,06752260,USGS,Lincoln
USGS-06752280,00060,00003,2021-12-01,3.33,ft^3/s,Approved,2025-02-24T16:24:39Z,,af36731baeac4ee5a7a5b5d47e298ee3,06752280,USGS,Boxelder
USGS-06752260,00060,00003,2021-12-02,28.8,ft^3/s,Approved,2026-01-14T23:29:26Z,REVISED,272a1fc51e7a4da584101aad9cdd2601,06752260,USGS,Lincoln
USGS-06752280,00060,00003,2021-12-02,3.28,ft^3/s,Approved,2025-02-24T16:24:39Z,,af36731baeac4ee5a7a5b5d47e298ee3,06752280,USGS,Boxelder
USGS-06752260,00060,00003,2021-12-03,46,ft^3/s,Approved,2025-02-21T16:41:42Z,REVISED,272a1fc51e7a4da584101aad9cdd2601,06752260,USGS,Lincoln
USGS-06752280,00060,00003,2021-12-03,3.24,ft^3/s,Approved,2025-02-24T16:24:39Z,,af36731baeac4ee5a7a5b5d47e298ee3,06752280,USGS,Boxelder
USGS-06752260,00060,00003,2021-12-04,49.1,ft^3/s,Approved,2025-02-21T16:41:42Z,REVISED,272a1fc51e7a4da584101aad9cdd2601,06752260,USGS,Lincoln
USGS-06752280,00060,00003,2021-12-04,3.35,ft^3/s,Approved,2025-02-24T16:24:39Z,,af36731baeac4ee5a7a5b5d47e298ee3,06752280,USGS,Boxelder
USGS-06752260,00060,00003,2021-12-05,50.4,ft^3/s,Approved,2025-02-21T16:41:42Z,REVISED,272a1fc51e7a4da584101aad9cdd2601,06752260,USGS,Lincoln
USGS-06752280,00060,00003,2021-12-05,3.31,ft^3/s,Approved,2025-02-24T16:24:39Z,,af36731baeac4ee5a7a5b5d47e298ee3,06752280,USGS,Boxelder
USGS-06752260,00060,00003,2021-12-06,49.1,ft^3/s,Approved,2025-02-21T16:41:42Z,REVISED,272a1fc51e7a4da584101aad9cdd2601,06752260,USGS,Lincoln
USGS-06752280,00060,00003,2021-12-06,3.31,ft^3/s,Approved,2025-02-24T16:24:39Z,,af36731baeac4ee5a7a5b5d47e298ee3,06752280,USGS,Boxelder
USGS-06752260,00060,00003,2021-12-07,31.3,ft^3/s,Approved,2025-02-21T16:41:42Z,REVISED,272a1fc51e7a4da584101aad9cdd2601,06752260,USGS,Lincoln
USGS-06752280,00060,00003,2021-12-07,3.55,ft^3/s,Approved,2025-02-24T16:24:39Z,,af36731baeac4ee5a7a5b5d47e298ee3,06752280,USGS,Boxelder
USGS-06752260,00060,00003,2021-12-08,35.4,ft^3/s,Approved,2025-02-21T16:41:42Z,REVISED,272a1fc51e7a4da584101aad9cdd2601,06752260,USGS,Lincoln
USGS-06752280,00060,00003,2021-12-08,3.49,ft^3/s,Approved,2025-02-24T16:24:39Z,,af36731baeac4ee5a7a5b5d47e298ee3,06752280,USGS,Boxelder
USGS-06752260,00060,00003,2021-12-09,52.2,ft^3/s,Approved,2025-02-21T16:41:42Z,REVISED,272a1fc51e7a4da584101aad9cdd2601,06752260,USGS,Lincoln
USGS-06752280,00060,00003,2021-12-09,3.57,ft^3/s,Approved,2025-02-24T16:24:39Z,,af36731baeac4ee5a7a5b5d47e298ee3,06752280,USGS,Boxelder
USGS-06752260,00060,00003,2021-12-10,55,ft^3/s,Approved,2025-02-21T16:41:42Z,REVISED,272a1fc51e7a4da584101aad9cdd2601,06752260,USGS,Lincoln
USGS-06752280,00060,00003,2021-12-10,3.58,ft^3/s,Approved,2025-02-24T16:24:39Z,,af36731baeac4ee5a7a5b5d47e298ee3,06752280,USGS,Boxelder
USGS-06752260,00060,00003,2021-12-11,32.6,ft^3/s,Approved,2025-02-21T16:41:42Z,REVISED,272a1fc51e7a4da584101aad9cdd2601,06752260,USGS,Lincoln
USGS-06752280,00060,00003,2021-12-11,3.51,ft^3/s,Approved,2025-02-24T16:24:39Z,,af36731baeac4ee5a7a5b5d47e298ee3,06752280,USGS,Boxelder
USGS-06752260,00060,00003,2021-12-12,25,ft^3/s,Approved,2025-02-21T16:41:42Z,REVISED,272a1fc51e7a4da584101aad9cdd2601,06752260,USGS,Lincoln
USGS-06752280,00060,00003,2021-12-12,3.54,ft^3/s,Approved,2025-02-24T16:24:39Z,,af36731baeac4ee5a7a5b5d47e298ee3,06752280,USGS,Boxelder
USGS-06752260,00060,00003,2021-12-13,24.4,ft^3/s,Approved,2025-02-21T16:41:42Z,REVISED,272a1fc51e7a4da584101aad9cdd2601,06752260,USGS,Lincoln
USGS-06752280,00060,00003,2021-12-13,3.53,ft^3/s,Approved,2025-02-24T16:24:39Z,,af36731baeac4ee5a7a5b5d47e298ee3,06752280,USGS,Boxelder
USGS-06752260,00060,00003,2021-12-14,39.8,ft^3/s,Approved,2025-02-21T16:41:42Z,REVISED,272a1fc51e7a4da584101aad9cdd2601,06752260,USGS,Lincoln
USGS-06752280,00060,00003,2021-12-14,3.53,ft^3/s,Approved,2025-02-24T16:24:39Z,,af36731baeac4ee5a7a5b5d47e298ee3,06752280,USGS,Boxelder
USGS-06752260,00060,00003,2021-12-15,55.6,ft^3/s,Approved,2025-02-21T16:41:42Z,REVISED,272a1fc51e7a4da584101aad9cdd2601,06752260,USGS,Lincoln
USGS-06752280,00060,00003,2021-12-15,3.84,ft^3/s,Approved,2025-02-24T16:24:39Z,,af36731baeac4ee5a7a5b5d47e298ee3,06752280,USGS,Boxelder
USGS-06752260,00060,00003,2021-12-16,45.5,ft^3/s,Approved,2025-02-21T16:41:42Z,REVISED,272a1fc51e7a4da584101aad9cdd2601,06752260,USGS,Lincoln
USGS-06752280,00060,00003,2021-12-16,3.88,ft^3/s,Approved,2025-02-24T16:24:39Z,,af36731baeac4ee5a7a5b5d47e298ee3,06752280,USGS,Boxelder
USGS-06752260,00060,00003,2021-12-17,25.4,ft^3/s,Approved,2025-02-21T16:41:42Z,"ESTIMATED, REVISED",272a1fc51e7a4da584101aad9cdd2601,06752260,USGS,Lincoln
USGS-06752280,00060,00003,2021-12-17,3.61,ft^3/s,Approved,2025-02-24T16:24:39Z,,af36731baeac4ee5a7a5b5d47e298ee3,06752280,USGS,Boxelder
USGS-06752260,00060,00003,2021-12-18,29.5,ft^3/s,Approved,2025-02-21T16:41:42Z,"ESTIMATED, REVISED",272a1fc51e7a4da584101aad9cdd2601,06752260,USGS,Lincoln
USGS-06752280,00060,00003,2021-12-18,3.37,ft^3/s,Approved,2025-02-24T16:24:39Z,,af36731baeac4ee5a7a5b5d47e298ee3,06752280,USGS,Boxelder
USGS-06752260,00060,00003,2021-12-19,27,ft^3/s,Approved,2025-02-21T16:41:42Z,"ESTIMATED, REVISED",272a1fc51e7a4da584101aad9cdd2601,06752260,USGS,Lincoln
USGS-06752280,00060,00003,2021-12-19,3.32,ft^3/s,Approved,2025-02-24T16:24:39Z,,af36731baeac4ee5a7a5b5d47e298ee3,06752280,USGS,Boxelder
USGS-06752260,00060,00003,2021-12-20,26.9,ft^3/s,Approved,2026-01-14T23:29:26Z,REVISED,272a1fc51e7a4da584101aad9cdd2601,06752260,USGS,Lincoln
USGS-06752280,00060,00003,2021-12-20,3.36,ft^3/s,Approved,2025-02-24T16:24:39Z,,af36731baeac4ee5a7a5b5d47e298ee3,06752280,USGS,Boxelder
USGS-06752260,00060,00003,2021-12-21,42.9,ft^3/s,Approved,2025-02-21T16:41:42Z,REVISED,272a1fc51e7a4da584101aad9cdd2601,06752260,USGS,Lincoln
USGS-06752280,00060,00003,2021-12-21,3.32,ft^3/s,Approved,2025-02-24T16:24:39Z,,af36731baeac4ee5a7a5b5d47e298ee3,06752280,USGS,Boxelder
USGS-06752260,00060,00003,2021-12-22,51.2,ft^3/s,Approved,2025-02-21T16:41:42Z,REVISED,272a1fc51e7a4da584101aad9cdd2601,06752260,USGS,Lincoln
USGS-06752280,00060,00003,2021-12-22,3.56,ft^3/s,Approved,2025-02-24T16:24:39Z,,af36731baeac4ee5a7a5b5d47e298ee3,06752280,USGS,Boxelder
USGS-06752260,00060,00003,2021-12-23,50.4,ft^3/s,Approved,2025-02-21T16:41:42Z,REVISED,272a1fc51e7a4da584101aad9cdd2601,06752260,USGS,Lincoln
USGS-06752280,00060,00003,2021-12-23,3.75,ft^3/s,Approved,2025-02-24T16:24:39Z,,af36731baeac4ee5a7a5b5d47e298ee3,06752280,USGS,Boxelder
USGS-06752260,00060,00003,2021-12-24,58.3,ft^3/s,Approved,2025-02-21T16:41:42Z,REVISED,272a1fc51e7a4da584101aad9cdd2601,06752260,USGS,Lincoln
USGS-06752280,00060,00003,2021-12-24,4.06,ft^3/s,Approved,2025-02-24T16:24:39Z,,af36731baeac4ee5a7a5b5d47e298ee3,06752280,USGS,Boxelder
USGS-06752260,00060,00003,2021-12-25,52.1,ft^3/s,Approved,2025-02-21T16:41:42Z,REVISED,272a1fc51e7a4da584101aad9cdd2601,06752260,USGS,Lincoln
USGS-06752280,00060,00003,2021-12-25,4.16,ft^3/s,Approved,2025-02-24T16:24:39Z,,af36731baeac4ee5a7a5b5d47e298ee3,06752280,USGS,Boxelder
USGS-06752260,00060,00003,2021-12-26,43.2,ft^3/s,Approved,2025-02-21T16:41:42Z,REVISED,272a1fc51e7a4da584101aad9cdd2601,06752260,USGS,Lincoln
USGS-06752280,00060,00003,2021-12-26,3.84,ft^3/s,Approved,2025-02-24T16:24:39Z,,af36731baeac4ee5a7a5b5d47e298ee3,06752280,USGS,Boxelder
USGS-06752260,00060,00003,2021-12-27,44,ft^3/s,Approved,2025-02-21T16:41:42Z,REVISED,272a1fc51e7a4da584101aad9cdd2601,06752260,USGS,Lincoln
USGS-06752280,00060,00003,2021-12-27,3.72,ft^3/s,Approved,2025-02-24T16:24:39Z,,af36731baeac4ee5a7a5b5d47e298ee3,06752280,USGS,Boxelder
USGS-06752260,00060,00003,2021-12-28,44,ft^3/s,Approved,2025-02-21T16:41:42Z,REVISED,272a1fc51e7a4da584101aad9cdd2601,06752260,USGS,Lincoln
USGS-06752280,00060,00003,2021-12-28,3.81,ft^3/s,Approved,2025-02-24T16:24:39Z,,af36731baeac4ee5a7a5b5d47e298ee3,06752280,USGS,Boxelder
USGS-06752260,00060,00003,2021-12-29,42.4,ft^3/s,Approved,2025-02-21T16:41:42Z,"ESTIMATED, REVISED",272a1fc51e7a4da584101aad9cdd2601,06752260,USGS,Lincoln
USGS-06752280,00060,00003,2021-12-29,3.58,ft^3/s,Approved,2025-02-24T16:24:39Z,,af36731baeac4ee5a7a5b5d47e298ee3,06752280,USGS,Boxelder
USGS-06752260,00060,00003,2021-12-30,46.8,ft^3/s,Approved,2025-02-21T16:41:42Z,"ESTIMATED, REVISED",272a1fc51e7a4da584101aad9cdd2601,06752260,USGS,Lincoln
USGS-06752280,00060,00003,2021-12-30,3.41,ft^3/s,Approved,2025-02-24T16:24:39Z,,af36731baeac4ee5a7a5b5d47e298ee3,06752280,USGS,Boxelder
USGS-06752260,00060,00003,2021-12-31,38.2,ft^3/s,Approved,2026-01-14T23:29:26Z,REVISED,272a1fc51e7a4da584101aad9cdd2601,06752260,USGS,Lincoln
USGS-06752280,00060,00003,2021-12-31,3.44,ft^3/s,Approved,2025-02-24T16:24:39Z,,af36731baeac4ee5a7a5b5d47e298ee3,06752280,USGS,Boxelder
USGS-06752260,00060,00003,2022-01-01,54.7,ft^3/s,Approved,2025-02-21T16:41:42Z,REVISED,272a1fc51e7a4da584101aad9cdd2601,06752260,USGS,Lincoln
USGS-06752280,00060,00003,2022-01-01,3.62,ft^3/s,Approved,2025-02-24T16:24:39Z,,af36731baeac4ee5a7a5b5d47e298ee3,06752280,USGS,Boxelder
USGS-06752260,00060,00003,2022-01-02,55.6,ft^3/s,Approved,2025-02-21T16:41:42Z,"ESTIMATED, REVISED",272a1fc51e7a4da584101aad9cdd2601,06752260,USGS,Lincoln
USGS-06752280,00060,00003,2022-01-02,4.28,ft^3/s,Approved,2025-02-24T16:24:39Z,ESTIMATED,af36731baeac4ee5a7a5b5d47e298ee3,06752280,USGS,Boxelder
USGS-06752260,00060,00003,2022-01-03,61.8,ft^3/s,Approved,2026-01-14T23:29:26Z,REVISED,272a1fc51e7a4da584101aad9cdd2601,06752260,USGS,Lincoln
USGS-06752280,00060,00003,2022-01-03,3.65,ft^3/s,Approved,2025-02-24T16:24:39Z,ESTIMATED,af36731baeac4ee5a7a5b5d47e298ee3,06752280,USGS,Boxelder
USGS-06752260,00060,00003,2022-01-04,73.4,ft^3/s,Approved,2025-02-21T16:41:42Z,REVISED,272a1fc51e7a4da584101aad9cdd2601,06752260,USGS,Lincoln
USGS-06752280,00060,00003,2022-01-04,4,ft^3/s,Approved,2026-01-15T00:42:43Z,,af36731baeac4ee5a7a5b5d47e298ee3,06752280,USGS,Boxelder
USGS-06752260,00060,00003,2022-01-05,70.9,ft^3/s,Approved,2025-02-21T16:41:42Z,REVISED,272a1fc51e7a4da584101aad9cdd2601,06752260,USGS,Lincoln
USGS-06752280,00060,00003,2022-01-05,5.44,ft^3/s,Approved,2025-02-24T16:24:39Z,,af36731baeac4ee5a7a5b5d47e298ee3,06752280,USGS,Boxelder
USGS-06752260,00060,00003,2022-01-06,65.7,ft^3/s,Approved,2025-02-21T16:41:42Z,REVISED,272a1fc51e7a4da584101aad9cdd2601,06752260,USGS,Lincoln
USGS-06752280,00060,00003,2022-01-06,8.59,ft^3/s,Approved,2025-02-24T16:24:39Z,,af36731baeac4ee5a7a5b5d47e298ee3,06752280,USGS,Boxelder
USGS-06752260,00060,00003,2022-01-07,65.7,ft^3/s,Approved,2025-02-21T16:41:42Z,REVISED,272a1fc51e7a4da584101aad9cdd2601,06752260,USGS,Lincoln
USGS-06752280,00060,00003,2022-01-07,6.38,ft^3/s,Approved,2025-02-24T16:24:39Z,,af36731baeac4ee5a7a5b5d47e298ee3,06752280,USGS,Boxelder
USGS-06752260,00060,00003,2022-01-08,80.1,ft^3/s,Approved,2025-02-21T16:41:42Z,REVISED,272a1fc51e7a4da584101aad9cdd2601,06752260,USGS,Lincoln
USGS-06752280,00060,00003,2022-01-08,7.43,ft^3/s,Approved,2025-02-24T16:24:39Z,,af36731baeac4ee5a7a5b5d47e298ee3,06752280,USGS,Boxelder
USGS-06752260,00060,00003,2022-01-09,70.9,ft^3/s,Approved,2025-02-21T16:41:42Z,REVISED,272a1fc51e7a4da584101aad9cdd2601,06752260,USGS,Lincoln
USGS-06752280,00060,00003,2022-01-09,6.02,ft^3/s,Approved,2025-02-24T16:24:39Z,,af36731baeac4ee5a7a5b5d47e298ee3,06752280,USGS,Boxelder
USGS-06752260,00060,00003,2022-01-10,66.1,ft^3/s,Approved,2025-02-21T16:41:42Z,REVISED,272a1fc51e7a4da584101aad9cdd2601,06752260,USGS,Lincoln
USGS-06752280,00060,00003,2022-01-10,5.64,ft^3/s,Approved,2025-02-24T16:24:39Z,,af36731baeac4ee5a7a5b5d47e298ee3,06752280,USGS,Boxelder
USGS-06752260,00060,00003,2022-01-11,63.6,ft^3/s,Approved,2025-02-21T16:41:42Z,REVISED,272a1fc51e7a4da584101aad9cdd2601,06752260,USGS,Lincoln
USGS-06752280,00060,00003,2022-01-11,5.34,ft^3/s,Approved,2025-02-24T16:24:39Z,,af36731baeac4ee5a7a5b5d47e298ee3,06752280,USGS,Boxelder
USGS-06752260,00060,00003,2022-01-12,67.3,ft^3/s,Approved,2025-02-21T16:41:42Z,REVISED,272a1fc51e7a4da584101aad9cdd2601,06752260,USGS,Lincoln
USGS-06752280,00060,00003,2022-01-12,5.37,ft^3/s,Approved,2025-02-24T16:24:39Z,,af36731baeac4ee5a7a5b5d47e298ee3,06752280,USGS,Boxelder
USGS-06752260,00060,00003,2022-01-13,63.2,ft^3/s,Approved,2025-02-21T16:41:42Z,REVISED,272a1fc51e7a4da584101aad9cdd2601,06752260,USGS,Lincoln
USGS-06752280,00060,00003,2022-01-13,5.51,ft^3/s,Approved,2025-02-24T16:24:39Z,ESTIMATED,af36731baeac4ee5a7a5b5d47e298ee3,06752280,USGS,Boxelder
USGS-06752260,00060,00003,2022-01-14,53.7,ft^3/s,Approved,2025-02-21T16:41:42Z,REVISED,272a1fc51e7a4da584101aad9cdd2601,06752260,USGS,Lincoln
USGS-06752280,00060,00003,2022-01-14,5.4,ft^3/s,Approved,2025-02-24T16:24:39Z,ESTIMATED,af36731baeac4ee5a7a5b5d47e298ee3,06752280,USGS,Boxelder
USGS-06752260,00060,00003,2022-01-15,49.8,ft^3/s,Approved,2025-02-21T16:41:42Z,REVISED,272a1fc51e7a4da584101aad9cdd2601,06752260,USGS,Lincoln
USGS-06752280,00060,00003,2022-01-15,5.52,ft^3/s,Approved,2026-01-15T00:42:43Z,,af36731baeac4ee5a7a5b5d47e298ee3,06752280,USGS,Boxelder
USGS-06752260,00060,00003,2022-01-16,46.9,ft^3/s,Approved,2025-02-21T16:41:42Z,REVISED,272a1fc51e7a4da584101aad9cdd2601,06752260,USGS,Lincoln
USGS-06752280,00060,00003,2022-01-16,5.39,ft^3/s,Approved,2026-01-15T00:42:43Z,"ESTIMATED, ICE",af36731baeac4ee5a7a5b5d47e298ee3,06752280,USGS,Boxelder
USGS-06752260,00060,00003,2022-01-17,46.8,ft^3/s,Approved,2025-02-21T16:41:42Z,REVISED,272a1fc51e7a4da584101aad9cdd2601,06752260,USGS,Lincoln
USGS-06752280,00060,00003,2022-01-17,4.49,ft^3/s,Approved,2026-01-15T00:42:43Z,"ESTIMATED, ICE",af36731baeac4ee5a7a5b5d47e298ee3,06752280,USGS,Boxelder
USGS-06752260,00060,00003,2022-01-18,45.6,ft^3/s,Approved,2025-02-21T16:41:42Z,REVISED,272a1fc51e7a4da584101aad9cdd2601,06752260,USGS,Lincoln
USGS-06752280,00060,00003,2022-01-18,3.94,ft^3/s,Approved,2026-01-15T00:42:43Z,"ESTIMATED, ICE",af36731baeac4ee5a7a5b5d47e298ee3,06752280,USGS,Boxelder
USGS-06752260,00060,00003,2022-01-19,44.2,ft^3/s,Approved,2025-02-21T16:41:42Z,REVISED,272a1fc51e7a4da584101aad9cdd2601,06752260,USGS,Lincoln
USGS-06752280,00060,00003,2022-01-19,3.92,ft^3/s,Approved,2026-01-15T00:42:43Z,ICE,af36731baeac4ee5a7a5b5d47e298ee3,06752280,USGS,Boxelder
USGS-06752260,00060,00003,2022-01-20,42.5,ft^3/s,Approved,2025-02-21T16:41:42Z,REVISED,272a1fc51e7a4da584101aad9cdd2601,06752260,USGS,Lincoln
USGS-06752280,00060,00003,2022-01-20,3.92,ft^3/s,Approved,2025-02-24T16:24:39Z,ICE,af36731baeac4ee5a7a5b5d47e298ee3,06752280,USGS,Boxelder
USGS-06752260,00060,00003,2022-01-21,51.2,ft^3/s,Approved,2025-02-21T16:41:42Z,REVISED,272a1fc51e7a4da584101aad9cdd2601,06752260,USGS,Lincoln
USGS-06752280,00060,00003,2022-01-21,3.98,ft^3/s,Approved,2025-02-24T16:24:39Z,ICE,af36731baeac4ee5a7a5b5d47e298ee3,06752280,USGS,Boxelder
USGS-06752260,00060,00003,2022-01-22,56.1,ft^3/s,Approved,2025-02-21T16:41:42Z,REVISED,272a1fc51e7a4da584101aad9cdd2601,06752260,USGS,Lincoln
USGS-06752280,00060,00003,2022-01-22,4.23,ft^3/s,Approved,2025-02-24T16:24:39Z,ICE,af36731baeac4ee5a7a5b5d47e298ee3,06752280,USGS,Boxelder
USGS-06752260,00060,00003,2022-01-23,52.8,ft^3/s,Approved,2025-02-21T16:41:42Z,REVISED,272a1fc51e7a4da584101aad9cdd2601,06752260,USGS,Lincoln
USGS-06752280,00060,00003,2022-01-23,3.96,ft^3/s,Approved,2025-02-24T16:24:39Z,ICE,af36731baeac4ee5a7a5b5d47e298ee3,06752280,USGS,Boxelder
USGS-06752260,00060,00003,2022-01-24,55.5,ft^3/s,Approved,2025-02-21T16:41:42Z,REVISED,272a1fc51e7a4da584101aad9cdd2601,06752260,USGS,Lincoln
USGS-06752280,00060,00003,2022-01-24,3.97,ft^3/s,Approved,2025-02-24T16:24:39Z,ICE,af36731baeac4ee5a7a5b5d47e298ee3,06752280,USGS,Boxelder
USGS-06752260,00060,00003,2022-01-25,55.5,ft^3/s,Approved,2025-02-21T16:41:42Z,REVISED,272a1fc51e7a4da584101aad9cdd2601,06752260,USGS,Lincoln
USGS-06752280,00060,00003,2022-01-25,4.1,ft^3/s,Approved,2025-02-24T16:24:39Z,ICE,af36731baeac4ee5a7a5b5d47e298ee3,06752280,USGS,Boxelder
USGS-06752260,00060,00003,2022-01-26,50.9,ft^3/s,Approved,2025-02-21T16:41:42Z,REVISED,272a1fc51e7a4da584101aad9cdd2601,06752260,USGS,Lincoln
USGS-06752280,00060,00003,2022-01-26,4.15,ft^3/s,Approved,2025-02-24T16:24:39Z,ICE,af36731baeac4ee5a7a5b5d47e298ee3,06752280,USGS,Boxelder
USGS-06752260,00060,00003,2022-01-27,55.1,ft^3/s,Approved,2025-02-21T16:41:42Z,REVISED,272a1fc51e7a4da584101aad9cdd2601,06752260,USGS,Lincoln
USGS-06752280,00060,00003,2022-01-27,3.88,ft^3/s,Approved,2025-02-24T16:24:39Z,ICE,af36731baeac4ee5a7a5b5d47e298ee3,06752280,USGS,Boxelder
USGS-06752260,00060,00003,2022-01-28,51.3,ft^3/s,Approved,2025-02-21T16:41:42Z,REVISED,272a1fc51e7a4da584101aad9cdd2601,06752260,USGS,Lincoln
USGS-06752280,00060,00003,2022-01-28,4.88,ft^3/s,Approved,2025-02-24T16:24:39Z,ICE,af36731baeac4ee5a7a5b5d47e298ee3,06752280,USGS,Boxelder
USGS-06752260,00060,00003,2022-01-29,67.1,ft^3/s,Approved,2025-02-21T16:41:42Z,REVISED,272a1fc51e7a4da584101aad9cdd2601,06752260,USGS,Lincoln
USGS-06752280,00060,00003,2022-01-29,4.23,ft^3/s,Approved,2025-02-24T16:24:39Z,ICE,af36731baeac4ee5a7a5b5d47e298ee3,06752280,USGS,Boxelder
USGS-06752260,00060,00003,2022-01-30,54.4,ft^3/s,Approved,2025-02-21T16:41:42Z,REVISED,272a1fc51e7a4da584101aad9cdd2601,06752260,USGS,Lincoln
USGS-06752280,00060,00003,2022-01-30,4.35,ft^3/s,Approved,2025-02-24T16:24:39Z,ICE,af36731baeac4ee5a7a5b5d47e298ee3,06752280,USGS,Boxelder
USGS-06752260,00060,00003,2022-01-31,53.6,ft^3/s,Approved,2025-02-21T16:41:42Z,REVISED,272a1fc51e7a4da584101aad9cdd2601,06752260,USGS,Lincoln
USGS-06752280,00060,00003,2022-01-31,4.28,ft^3/s,Approved,2025-02-24T16:24:39Z,ICE,af36731baeac4ee5a7a5b5d47e298ee3,06752280,USGS,Boxelder
USGS-06752260,00060,00003,2022-02-01,52.5,ft^3/s,Approved,2025-02-21T16:41:42Z,REVISED,272a1fc51e7a4da584101aad9cdd2601,06752260,USGS,Lincoln
USGS-06752280,00060,00003,2022-02-01,4.24,ft^3/s,Approved,2025-02-24T16:24:39Z,ICE,af36731baeac4ee5a7a5b5d47e298ee3,06752280,USGS,Boxelder
USGS-06752260,00060,00003,2022-02-02,43.8,ft^3/s,Approved,2025-02-21T16:41:42Z,REVISED,272a1fc51e7a4da584101aad9cdd2601,06752260,USGS,Lincoln
USGS-06752280,00060,00003,2022-02-02,6.5,ft^3/s,Approved,2025-02-24T16:24:39Z,ICE,af36731baeac4ee5a7a5b5d47e298ee3,06752280,USGS,Boxelder
USGS-06752260,00060,00003,2022-02-03,46.4,ft^3/s,Approved,2025-02-21T16:41:42Z,"ESTIMATED, REVISED",272a1fc51e7a4da584101aad9cdd2601,06752260,USGS,Lincoln
USGS-06752280,00060,00003,2022-02-03,4.99,ft^3/s,Approved,2025-02-24T16:24:39Z,ICE,af36731baeac4ee5a7a5b5d47e298ee3,06752280,USGS,Boxelder
USGS-06752260,00060,00003,2022-02-04,54.4,ft^3/s,Approved,2025-02-21T16:41:42Z,"ESTIMATED, REVISED",272a1fc51e7a4da584101aad9cdd2601,06752260,USGS,Lincoln
USGS-06752280,00060,00003,2022-02-04,6.12,ft^3/s,Approved,2025-02-24T16:24:39Z,ICE,af36731baeac4ee5a7a5b5d47e298ee3,06752280,USGS,Boxelder
USGS-06752260,00060,00003,2022-02-05,74.6,ft^3/s,Approved,2026-01-14T23:29:26Z,REVISED,272a1fc51e7a4da584101aad9cdd2601,06752260,USGS,Lincoln
USGS-06752280,00060,00003,2022-02-05,6.02,ft^3/s,Approved,2025-02-24T16:24:39Z,ICE,af36731baeac4ee5a7a5b5d47e298ee3,06752280,USGS,Boxelder
USGS-06752260,00060,00003,2022-02-06,64.7,ft^3/s,Approved,2025-02-21T16:41:42Z,REVISED,272a1fc51e7a4da584101aad9cdd2601,06752260,USGS,Lincoln
USGS-06752280,00060,00003,2022-02-06,5.05,ft^3/s,Approved,2025-02-24T16:24:39Z,ICE,af36731baeac4ee5a7a5b5d47e298ee3,06752280,USGS,Boxelder
USGS-06752260,00060,00003,2022-02-07,69,ft^3/s,Approved,2025-02-21T16:41:42Z,REVISED,272a1fc51e7a4da584101aad9cdd2601,06752260,USGS,Lincoln
USGS-06752280,00060,00003,2022-02-07,4.42,ft^3/s,Approved,2025-02-24T16:24:39Z,ICE,af36731baeac4ee5a7a5b5d47e298ee3,06752280,USGS,Boxelder
USGS-06752260,00060,00003,2022-02-08,53.8,ft^3/s,Approved,2025-02-21T16:41:42Z,REVISED,272a1fc51e7a4da584101aad9cdd2601,06752260,USGS,Lincoln
USGS-06752280,00060,00003,2022-02-08,3.85,ft^3/s,Approved,2025-02-24T16:24:39Z,ICE,af36731baeac4ee5a7a5b5d47e298ee3,06752280,USGS,Boxelder
USGS-06752260,00060,00003,2022-02-09,53.8,ft^3/s,Approved,2025-02-21T16:41:42Z,REVISED,272a1fc51e7a4da584101aad9cdd2601,06752260,USGS,Lincoln
USGS-06752280,00060,00003,2022-02-09,3.65,ft^3/s,Approved,2025-02-24T16:24:39Z,ICE,af36731baeac4ee5a7a5b5d47e298ee3,06752280,USGS,Boxelder
USGS-06752260,00060,00003,2022-02-10,49.6,ft^3/s,Approved,2025-02-21T16:41:42Z,REVISED,272a1fc51e7a4da584101aad9cdd2601,06752260,USGS,Lincoln
USGS-06752280,00060,00003,2022-02-10,3.61,ft^3/s,Approved,2025-02-24T16:24:39Z,ICE,af36731baeac4ee5a7a5b5d47e298ee3,06752280,USGS,Boxelder
USGS-06752260,00060,00003,2022-02-11,50.3,ft^3/s,Approved,2025-02-21T16:41:42Z,REVISED,272a1fc51e7a4da584101aad9cdd2601,06752260,USGS,Lincoln
USGS-06752280,00060,00003,2022-02-11,3.45,ft^3/s,Approved,2025-02-24T16:24:39Z,ICE,af36731baeac4ee5a7a5b5d47e298ee3,06752280,USGS,Boxelder
USGS-06752260,00060,00003,2022-02-12,47,ft^3/s,Approved,2025-02-21T16:41:42Z,REVISED,272a1fc51e7a4da584101aad9cdd2601,06752260,USGS,Lincoln
USGS-06752280,00060,00003,2022-02-12,3.27,ft^3/s,Approved,2025-02-24T16:24:39Z,ICE,af36731baeac4ee5a7a5b5d47e298ee3,06752280,USGS,Boxelder
USGS-06752260,00060,00003,2022-02-13,50,ft^3/s,Approved,2025-02-21T16:41:42Z,REVISED,272a1fc51e7a4da584101aad9cdd2601,06752260,USGS,Lincoln
USGS-06752280,00060,00003,2022-02-13,3.36,ft^3/s,Approved,2025-02-24T16:24:39Z,ICE,af36731baeac4ee5a7a5b5d47e298ee3,06752280,USGS,Boxelder
USGS-06752260,00060,00003,2022-02-14,52.8,ft^3/s,Approved,2025-02-21T16:41:42Z,REVISED,272a1fc51e7a4da584101aad9cdd2601,06752260,USGS,Lincoln
USGS-06752280,00060,00003,2022-02-14,3.38,ft^3/s,Approved,2025-02-24T16:24:39Z,ICE,af36731baeac4ee5a7a5b5d47e298ee3,06752280,USGS,Boxelder
USGS-06752260,00060,00003,2022-02-15,56.1,ft^3/s,Approved,2025-02-21T16:41:42Z,REVISED,272a1fc51e7a4da584101aad9cdd2601,06752260,USGS,Lincoln
USGS-06752280,00060,00003,2022-02-15,5.67,ft^3/s,Approved,2025-02-24T16:24:39Z,ICE,af36731baeac4ee5a7a5b5d47e298ee3,06752280,USGS,Boxelder
USGS-06752260,00060,00003,2022-02-16,56.4,ft^3/s,Approved,2025-02-21T16:41:42Z,REVISED,272a1fc51e7a4da584101aad9cdd2601,06752260,USGS,Lincoln
USGS-06752280,00060,00003,2022-02-16,10.8,ft^3/s,Approved,2025-02-24T16:24:39Z,ICE,af36731baeac4ee5a7a5b5d47e298ee3,06752280,USGS,Boxelder
USGS-06752260,00060,00003,2022-02-17,51.7,ft^3/s,Approved,2025-02-21T16:41:42Z,REVISED,272a1fc51e7a4da584101aad9cdd2601,06752260,USGS,Lincoln
USGS-06752280,00060,00003,2022-02-17,8.26,ft^3/s,Approved,2025-02-24T16:24:39Z,ICE,af36731baeac4ee5a7a5b5d47e298ee3,06752280,USGS,Boxelder
USGS-06752260,00060,00003,2022-02-18,51.9,ft^3/s,Approved,2025-02-21T16:41:42Z,REVISED,272a1fc51e7a4da584101aad9cdd2601,06752260,USGS,Lincoln
USGS-06752280,00060,00003,2022-02-18,8.26,ft^3/s,Approved,2025-02-24T16:24:39Z,ICE,af36731baeac4ee5a7a5b5d47e298ee3,06752280,USGS,Boxelder
USGS-06752260,00060,00003,2022-02-19,50.3,ft^3/s,Approved,2025-02-21T16:41:42Z,REVISED,272a1fc51e7a4da584101aad9cdd2601,06752260,USGS,Lincoln
USGS-06752280,00060,00003,2022-02-19,11.7,ft^3/s,Approved,2025-02-24T16:24:39Z,ICE,af36731baeac4ee5a7a5b5d47e298ee3,06752280,USGS,Boxelder
USGS-06752260,00060,00003,2022-02-20,53.1,ft^3/s,Approved,2025-02-21T16:41:42Z,REVISED,272a1fc51e7a4da584101aad9cdd2601,06752260,USGS,Lincoln
USGS-06752280,00060,00003,2022-02-20,11,ft^3/s,Approved,2025-02-24T16:24:39Z,ICE,af36731baeac4ee5a7a5b5d47e298ee3,06752280,USGS,Boxelder
USGS-06752260,00060,00003,2022-02-21,51.5,ft^3/s,Approved,2025-02-21T16:41:42Z,REVISED,272a1fc51e7a4da584101aad9cdd2601,06752260,USGS,Lincoln
USGS-06752280,00060,00003,2022-02-21,10.8,ft^3/s,Approved,2025-02-24T16:24:39Z,ICE,af36731baeac4ee5a7a5b5d47e298ee3,06752280,USGS,Boxelder
USGS-06752260,00060,00003,2022-02-22,48.7,ft^3/s,Approved,2025-02-21T16:41:42Z,REVISED,272a1fc51e7a4da584101aad9cdd2601,06752260,USGS,Lincoln
USGS-06752280,00060,00003,2022-02-22,9.08,ft^3/s,Approved,2025-02-24T16:24:39Z,ICE,af36731baeac4ee5a7a5b5d47e298ee3,06752280,USGS,Boxelder
USGS-06752260,00060,00003,2022-02-23,45.8,ft^3/s,Approved,2025-02-21T16:41:42Z,REVISED,272a1fc51e7a4da584101aad9cdd2601,06752260,USGS,Lincoln
USGS-06752280,00060,00003,2022-02-23,11.4,ft^3/s,Approved,2025-02-24T16:24:39Z,ICE,af36731baeac4ee5a7a5b5d47e298ee3,06752280,USGS,Boxelder
USGS-06752260,00060,00003,2022-02-24,48.6,ft^3/s,Approved,2025-02-21T16:41:42Z,"ESTIMATED, REVISED",272a1fc51e7a4da584101aad9cdd2601,06752260,USGS,Lincoln
USGS-06752280,00060,00003,2022-02-24,8.6,ft^3/s,Approved,2025-02-24T16:24:39Z,ICE,af36731baeac4ee5a7a5b5d47e298ee3,06752280,USGS,Boxelder
USGS-06752260,00060,00003,2022-02-25,55.2,ft^3/s,Approved,2025-02-21T16:41:42Z,"ESTIMATED, REVISED",272a1fc51e7a4da584101aad9cdd2601,06752260,USGS,Lincoln
USGS-06752280,00060,00003,2022-02-25,8.82,ft^3/s,Approved,2025-02-24T16:24:39Z,ICE,af36731baeac4ee5a7a5b5d47e298ee3,06752280,USGS,Boxelder
USGS-06752260,00060,00003,2022-02-26,71.5,ft^3/s,Approved,2025-02-21T16:41:42Z,"ESTIMATED, REVISED",272a1fc51e7a4da584101aad9cdd2601,06752260,USGS,Lincoln
USGS-06752280,00060,00003,2022-02-26,16,ft^3/s,Approved,2025-02-24T16:24:39Z,ICE,af36731baeac4ee5a7a5b5d47e298ee3,06752280,USGS,Boxelder
USGS-06752260,00060,00003,2022-02-27,79.7,ft^3/s,Approved,2026-01-14T23:29:26Z,REVISED,272a1fc51e7a4da584101aad9cdd2601,06752260,USGS,Lincoln
USGS-06752280,00060,00003,2022-02-27,25.3,ft^3/s,Approved,2025-02-24T16:24:39Z,ICE,af36731baeac4ee5a7a5b5d47e298ee3,06752280,USGS,Boxelder
USGS-06752260,00060,00003,2022-02-28,67.1,ft^3/s,Approved,2025-02-21T16:41:42Z,REVISED,272a1fc51e7a4da584101aad9cdd2601,06752260,USGS,Lincoln
USGS-06752280,00060,00003,2022-02-28,25.3,ft^3/s,Approved,2025-02-24T16:24:39Z,ICE,af36731baeac4ee5a7a5b5d47e298ee3,06752280,USGS,Boxelder
USGS-06752260,00060,00003,2022-03-01,63.5,ft^3/s,Approved,2025-02-21T16:41:42Z,REVISED,272a1fc51e7a4da584101aad9cdd2601,06752260,USGS,Lincoln
USGS-06752280,00060,00003,2022-03-01,20,ft^3/s,Approved,2025-02-24T16:24:39Z,ICE,af36731baeac4ee5a7a5b5d47e298ee3,06752280,USGS,Boxelder
USGS-06752260,00060,00003,2022-03-02,69.2,ft^3/s,Approved,2025-02-21T16:41:42Z,REVISED,272a1fc51e7a4da584101aad9cdd2601,06752260,USGS,Lincoln
USGS-06752280,00060,00003,2022-03-02,26,ft^3/s,Approved,2025-02-24T16:24:39Z,ICE,af36731baeac4ee5a7a5b5d47e298ee3,06752280,USGS,Boxelder
USGS-06752260,00060,00003,2022-03-03,51.1,ft^3/s,Approved,2025-02-21T16:41:42Z,REVISED,272a1fc51e7a4da584101aad9cdd2601,06752260,USGS,Lincoln
USGS-06752280,00060,00003,2022-03-03,21.4,ft^3/s,Approved,2025-02-24T16:24:39Z,ICE,af36731baeac4ee5a7a5b5d47e298ee3,06752280,USGS,Boxelder
USGS-06752260,00060,00003,2022-03-04,13.2,ft^3/s,Approved,2025-02-21T16:41:42Z,REVISED,272a1fc51e7a4da584101aad9cdd2601,06752260,USGS,Lincoln
USGS-06752280,00060,00003,2022-03-04,7.76,ft^3/s,Approved,2025-02-24T16:24:39Z,ICE,af36731baeac4ee5a7a5b5d47e298ee3,06752280,USGS,Boxelder
USGS-06752260,00060,00003,2022-03-05,14.3,ft^3/s,Approved,2025-02-21T16:41:42Z,REVISED,272a1fc51e7a4da584101aad9cdd2601,06752260,USGS,Lincoln
USGS-06752280,00060,00003,2022-03-05,10.4,ft^3/s,Approved,2025-02-24T16:24:39Z,ICE,af36731baeac4ee5a7a5b5d47e298ee3,06752280,USGS,Boxelder
USGS-06752260,00060,00003,2022-03-06,12.5,ft^3/s,Approved,2025-02-21T16:41:42Z,REVISED,272a1fc51e7a4da584101aad9cdd2601,06752260,USGS,Lincoln
USGS-06752280,00060,00003,2022-03-06,7.83,ft^3/s,Approved,2025-02-24T16:24:39Z,ICE,af36731baeac4ee5a7a5b5d47e298ee3,06752280,USGS,Boxelder
USGS-06752260,00060,00003,2022-03-07,10.6,ft^3/s,Approved,2025-02-21T16:41:42Z,REVISED,272a1fc51e7a4da584101aad9cdd2601,06752260,USGS,Lincoln
USGS-06752280,00060,00003,2022-03-07,6.91,ft^3/s,Approved,2025-02-24T16:24:39Z,ICE,af36731baeac4ee5a7a5b5d47e298ee3,06752280,USGS,Boxelder
USGS-06752260,00060,00003,2022-03-08,10.7,ft^3/s,Approved,2025-02-21T16:41:42Z,REVISED,272a1fc51e7a4da584101aad9cdd2601,06752260,USGS,Lincoln
USGS-06752280,00060,00003,2022-03-08,6.46,ft^3/s,Approved,2025-02-24T16:24:39Z,ICE,af36731baeac4ee5a7a5b5d47e298ee3,06752280,USGS,Boxelder
USGS-06752260,00060,00003,2022-03-09,10.9,ft^3/s,Approved,2025-02-21T16:41:42Z,REVISED,272a1fc51e7a4da584101aad9cdd2601,06752260,USGS,Lincoln
USGS-06752280,00060,00003,2022-03-09,6.13,ft^3/s,Approved,2025-02-24T16:24:39Z,ICE,af36731baeac4ee5a7a5b5d47e298ee3,06752280,USGS,Boxelder
USGS-06752260,00060,00003,2022-03-10,9.61,ft^3/s,Approved,2025-02-21T16:41:42Z,"ESTIMATED, REVISED",272a1fc51e7a4da584101aad9cdd2601,06752260,USGS,Lincoln
USGS-06752280,00060,00003,2022-03-10,6.17,ft^3/s,Approved,2025-02-24T16:24:39Z,ICE,af36731baeac4ee5a7a5b5d47e298ee3,06752280,USGS,Boxelder
USGS-06752260,00060,00003,2022-03-11,8.28,ft^3/s,Approved,2025-02-21T16:41:42Z,"ESTIMATED, REVISED",272a1fc51e7a4da584101aad9cdd2601,06752260,USGS,Lincoln
USGS-06752280,00060,00003,2022-03-11,6.09,ft^3/s,Approved,2025-02-24T16:24:39Z,ICE,af36731baeac4ee5a7a5b5d47e298ee3,06752280,USGS,Boxelder
USGS-06752260,00060,00003,2022-03-12,9.28,ft^3/s,Approved,2026-01-14T23:29:26Z,REVISED,272a1fc51e7a4da584101aad9cdd2601,06752260,USGS,Lincoln
USGS-06752280,00060,00003,2022-03-12,6.2,ft^3/s,Approved,2025-02-24T16:24:39Z,ICE,af36731baeac4ee5a7a5b5d47e298ee3,06752280,USGS,Boxelder
USGS-06752260,00060,00003,2022-03-13,10.5,ft^3/s,Approved,2025-02-21T16:41:42Z,REVISED,272a1fc51e7a4da584101aad9cdd2601,06752260,USGS,Lincoln
USGS-06752280,00060,00003,2022-03-13,6.69,ft^3/s,Approved,2025-02-24T16:24:39Z,ICE,af36731baeac4ee5a7a5b5d47e298ee3,06752280,USGS,Boxelder
USGS-06752260,00060,00003,2022-03-14,10.8,ft^3/s,Approved,2025-02-21T16:41:42Z,REVISED,272a1fc51e7a4da584101aad9cdd2601,06752260,USGS,Lincoln
USGS-06752280,00060,00003,2022-03-14,5.71,ft^3/s,Approved,2025-02-24T16:24:39Z,ICE,af36731baeac4ee5a7a5b5d47e298ee3,06752280,USGS,Boxelder
USGS-06752260,00060,00003,2022-03-15,10.2,ft^3/s,Approved,2025-02-21T16:41:42Z,REVISED,272a1fc51e7a4da584101aad9cdd2601,06752260,USGS,Lincoln
USGS-06752280,00060,00003,2022-03-15,6.06,ft^3/s,Approved,2025-02-24T16:24:39Z,ICE,af36731baeac4ee5a7a5b5d47e298ee3,06752280,USGS,Boxelder
USGS-06752260,00060,00003,2022-03-16,9.96,ft^3/s,Approved,2025-02-21T16:41:42Z,REVISED,272a1fc51e7a4da584101aad9cdd2601,06752260,USGS,Lincoln
USGS-06752280,00060,00003,2022-03-16,6.38,ft^3/s,Approved,2025-02-24T16:24:39Z,ICE,af36731baeac4ee5a7a5b5d47e298ee3,06752280,USGS,Boxelder
USGS-06752260,00060,00003,2022-03-17,10.8,ft^3/s,Approved,2025-02-21T16:41:42Z,REVISED,272a1fc51e7a4da584101aad9cdd2601,06752260,USGS,Lincoln
USGS-06752280,00060,00003,2022-03-17,13.4,ft^3/s,Approved,2025-02-24T16:24:39Z,ICE,af36731baeac4ee5a7a5b5d47e298ee3,06752280,USGS,Boxelder
USGS-06752260,00060,00003,2022-03-18,8.86,ft^3/s,Approved,2025-02-21T16:41:42Z,REVISED,272a1fc51e7a4da584101aad9cdd2601,06752260,USGS,Lincoln
USGS-06752280,00060,00003,2022-03-18,10,ft^3/s,Approved,2025-02-24T16:24:39Z,ICE,af36731baeac4ee5a7a5b5d47e298ee3,06752280,USGS,Boxelder
USGS-06752260,00060,00003,2022-03-19,8.21,ft^3/s,Approved,2025-02-21T16:41:42Z,REVISED,272a1fc51e7a4da584101aad9cdd2601,06752260,USGS,Lincoln
USGS-06752280,00060,00003,2022-03-19,7.83,ft^3/s,Approved,2025-02-24T16:24:39Z,ICE,af36731baeac4ee5a7a5b5d47e298ee3,06752280,USGS,Boxelder
USGS-06752260,00060,00003,2022-03-20,8.58,ft^3/s,Approved,2025-02-21T16:41:42Z,REVISED,272a1fc51e7a4da584101aad9cdd2601,06752260,USGS,Lincoln
USGS-06752280,00060,00003,2022-03-20,7.05,ft^3/s,Approved,2025-02-24T16:24:39Z,ICE,af36731baeac4ee5a7a5b5d47e298ee3,06752280,USGS,Boxelder
USGS-06752260,00060,00003,2022-03-21,8.28,ft^3/s,Approved,2025-02-21T16:41:42Z,REVISED,272a1fc51e7a4da584101aad9cdd2601,06752260,USGS,Lincoln
USGS-06752280,00060,00003,2022-03-21,6.84,ft^3/s,Approved,2025-02-24T16:24:39Z,ICE,af36731baeac4ee5a7a5b5d47e298ee3,06752280,USGS,Boxelder
USGS-06752260,00060,00003,2022-03-22,7.99,ft^3/s,Approved,2025-02-21T16:41:42Z,REVISED,272a1fc51e7a4da584101aad9cdd2601,06752260,USGS,Lincoln
USGS-06752280,00060,00003,2022-03-22,6.69,ft^3/s,Approved,2026-01-15T00:42:43Z,,af36731baeac4ee5a7a5b5d47e298ee3,06752280,USGS,Boxelder
USGS-06752260,00060,00003,2022-03-23,7.41,ft^3/s,Approved,2025-02-21T16:41:42Z,REVISED,272a1fc51e7a4da584101aad9cdd2601,06752260,USGS,Lincoln
USGS-06752280,00060,00003,2022-03-23,7.32,ft^3/s,Approved,2025-02-24T16:24:39Z,,af36731baeac4ee5a7a5b5d47e298ee3,06752280,USGS,Boxelder
USGS-06752260,00060,00003,2022-03-24,7.05,ft^3/s,Approved,2025-02-21T16:41:42Z,REVISED,272a1fc51e7a4da584101aad9cdd2601,06752260,USGS,Lincoln
USGS-06752280,00060,00003,2022-03-24,6.84,ft^3/s,Approved,2025-02-24T16:24:39Z,,af36731baeac4ee5a7a5b5d47e298ee3,06752280,USGS,Boxelder
USGS-06752260,00060,00003,2022-03-25,7.4,ft^3/s,Approved,2025-02-21T16:41:42Z,REVISED,272a1fc51e7a4da584101aad9cdd2601,06752260,USGS,Lincoln
USGS-06752280,00060,00003,2022-03-25,6.6,ft^3/s,Approved,2025-02-24T16:24:39Z,,af36731baeac4ee5a7a5b5d47e298ee3,06752280,USGS,Boxelder
USGS-06752260,00060,00003,2022-03-26,7.52,ft^3/s,Approved,2026-01-14T23:29:26Z,,272a1fc51e7a4da584101aad9cdd2601,06752260,USGS,Lincoln
USGS-06752280,00060,00003,2022-03-26,6.72,ft^3/s,Approved,2025-02-24T16:24:39Z,,af36731baeac4ee5a7a5b5d47e298ee3,06752280,USGS,Boxelder
USGS-06752260,00060,00003,2022-03-27,7.86,ft^3/s,Approved,2025-02-21T16:41:42Z,,272a1fc51e7a4da584101aad9cdd2601,06752260,USGS,Lincoln
USGS-06752280,00060,00003,2022-03-27,6.74,ft^3/s,Approved,2025-02-24T16:24:39Z,,af36731baeac4ee5a7a5b5d47e298ee3,06752280,USGS,Boxelder
USGS-06752260,00060,00003,2022-03-28,8.47,ft^3/s,Approved,2025-02-21T16:41:42Z,,272a1fc51e7a4da584101aad9cdd2601,06752260,USGS,Lincoln
USGS-06752280,00060,00003,2022-03-28,6.71,ft^3/s,Approved,2025-02-24T16:24:39Z,,af36731baeac4ee5a7a5b5d47e298ee3,06752280,USGS,Boxelder
USGS-06752260,00060,00003,2022-03-29,8.5,ft^3/s,Approved,2025-02-21T16:41:42Z,,272a1fc51e7a4da584101aad9cdd2601,06752260,USGS,Lincoln
USGS-06752280,00060,00003,2022-03-29,7.13,ft^3/s,Approved,2025-02-24T16:24:39Z,,af36731baeac4ee5a7a5b5d47e298ee3,06752280,USGS,Boxelder
USGS-06752260,00060,00003,2022-03-30,7.48,ft^3/s,Approved,2025-02-21T16:41:42Z,,272a1fc51e7a4da584101aad9cdd2601,06752260,USGS,Lincoln
USGS-06752280,00060,00003,2022-03-30,7.69,ft^3/s,Approved,2025-02-24T16:24:39Z,,af36731baeac4ee5a7a5b5d47e298ee3,06752280,USGS,Boxelder
USGS-06752260,00060,00003,2022-03-31,6.31,ft^3/s,Approved,2025-02-21T16:41:42Z,,272a1fc51e7a4da584101aad9cdd2601,06752260,USGS,Lincoln
USGS-06752280,00060,00003,2022-03-31,6.75,ft^3/s,Approved,2025-02-24T16:24:39Z,,af36731baeac4ee5a7a5b5d47e298ee3,06752280,USGS,Boxelder
USGS-06752260,00060,00003,2022-04-01,7.71,ft^3/s,Approved,2025-02-21T16:41:42Z,,272a1fc51e7a4da584101aad9cdd2601,06752260,USGS,Lincoln
USGS-06752280,00060,00003,2022-04-01,5.07,ft^3/s,Approved,2025-02-24T16:24:39Z,,af36731baeac4ee5a7a5b5d47e298ee3,06752280,USGS,Boxelder
USGS-06752260,00060,00003,2022-04-02,12.8,ft^3/s,Approved,2025-02-21T16:41:42Z,,272a1fc51e7a4da584101aad9cdd2601,06752260,USGS,Lincoln
USGS-06752280,00060,00003,2022-04-02,3.02,ft^3/s,Approved,2025-02-24T16:24:39Z,,af36731baeac4ee5a7a5b5d47e298ee3,06752280,USGS,Boxelder
USGS-06752260,00060,00003,2022-04-03,12.6,ft^3/s,Approved,2025-02-21T16:41:42Z,,272a1fc51e7a4da584101aad9cdd2601,06752260,USGS,Lincoln
USGS-06752280,00060,00003,2022-04-03,3,ft^3/s,Approved,2025-02-24T16:24:39Z,,af36731baeac4ee5a7a5b5d47e298ee3,06752280,USGS,Boxelder
USGS-06752260,00060,00003,2022-04-04,13.1,ft^3/s,Approved,2025-02-21T16:41:42Z,,272a1fc51e7a4da584101aad9cdd2601,06752260,USGS,Lincoln
USGS-06752280,00060,00003,2022-04-04,3,ft^3/s,Approved,2025-02-24T16:24:39Z,,af36731baeac4ee5a7a5b5d47e298ee3,06752280,USGS,Boxelder
USGS-06752260,00060,00003,2022-04-05,12.6,ft^3/s,Approved,2025-02-21T16:41:42Z,,272a1fc51e7a4da584101aad9cdd2601,06752260,USGS,Lincoln
USGS-06752280,00060,00003,2022-04-05,2.92,ft^3/s,Approved,2025-02-24T16:24:39Z,,af36731baeac4ee5a7a5b5d47e298ee3,06752280,USGS,Boxelder
USGS-06752260,00060,00003,2022-04-06,13,ft^3/s,Approved,2025-02-21T16:41:42Z,,272a1fc51e7a4da584101aad9cdd2601,06752260,USGS,Lincoln
USGS-06752280,00060,00003,2022-04-06,5.84,ft^3/s,Approved,2025-02-24T16:24:39Z,,af36731baeac4ee5a7a5b5d47e298ee3,06752280,USGS,Boxelder
USGS-06752260,00060,00003,2022-04-07,11.7,ft^3/s,Approved,2025-02-21T16:41:42Z,,272a1fc51e7a4da584101aad9cdd2601,06752260,USGS,Lincoln
USGS-06752280,00060,00003,2022-04-07,9.44,ft^3/s,Approved,2025-02-24T16:24:39Z,,af36731baeac4ee5a7a5b5d47e298ee3,06752280,USGS,Boxelder
USGS-06752260,00060,00003,2022-04-08,12.2,ft^3/s,Approved,2025-02-21T16:41:42Z,,272a1fc51e7a4da584101aad9cdd2601,06752260,USGS,Lincoln
USGS-06752280,00060,00003,2022-04-08,5.66,ft^3/s,Approved,2025-02-24T16:24:39Z,,af36731baeac4ee5a7a5b5d47e298ee3,06752280,USGS,Boxelder
USGS-06752260,00060,00003,2022-04-09,12.5,ft^3/s,Approved,2025-02-21T16:41:42Z,,272a1fc51e7a4da584101aad9cdd2601,06752260,USGS,Lincoln
USGS-06752280,00060,00003,2022-04-09,6.19,ft^3/s,Approved,2025-02-24T16:24:39Z,,af36731baeac4ee5a7a5b5d47e298ee3,06752280,USGS,Boxelder
USGS-06752260,00060,00003,2022-04-10,13.1,ft^3/s,Approved,2025-02-21T16:41:42Z,,272a1fc51e7a4da584101aad9cdd2601,06752260,USGS,Lincoln
USGS-06752280,00060,00003,2022-04-10,8,ft^3/s,Approved,2025-02-24T16:24:39Z,,af36731baeac4ee5a7a5b5d47e298ee3,06752280,USGS,Boxelder
USGS-06752260,00060,00003,2022-04-11,13,ft^3/s,Approved,2025-02-21T16:41:42Z,,272a1fc51e7a4da584101aad9cdd2601,06752260,USGS,Lincoln
USGS-06752280,00060,00003,2022-04-11,6.42,ft^3/s,Approved,2025-02-24T16:24:39Z,,af36731baeac4ee5a7a5b5d47e298ee3,06752280,USGS,Boxelder
USGS-06752260,00060,00003,2022-04-12,12.6,ft^3/s,Approved,2025-02-21T16:41:42Z,,272a1fc51e7a4da584101aad9cdd2601,06752260,USGS,Lincoln
USGS-06752280,00060,00003,2022-04-12,5.35,ft^3/s,Approved,2025-02-24T16:24:39Z,,af36731baeac4ee5a7a5b5d47e298ee3,06752280,USGS,Boxelder
USGS-06752260,00060,00003,2022-04-13,12.5,ft^3/s,Approved,2025-02-21T16:41:42Z,,272a1fc51e7a4da584101aad9cdd2601,06752260,USGS,Lincoln
USGS-06752280,00060,00003,2022-04-13,5.23,ft^3/s,Approved,2025-02-24T16:24:39Z,,af36731baeac4ee5a7a5b5d47e298ee3,06752280,USGS,Boxelder
USGS-06752260,00060,00003,2022-04-14,11.7,ft^3/s,Approved,2025-02-21T16:41:42Z,,272a1fc51e7a4da584101aad9cdd2601,06752260,USGS,Lincoln
USGS-06752280,00060,00003,2022-04-14,5.21,ft^3/s,Approved,2025-02-24T16:24:39Z,,af36731baeac4ee5a7a5b5d47e298ee3,06752280,USGS,Boxelder
USGS-06752260,00060,00003,2022-04-15,11.3,ft^3/s,Approved,2025-02-21T16:41:42Z,,272a1fc51e7a4da584101aad9cdd2601,06752260,USGS,Lincoln
USGS-06752280,00060,00003,2022-04-15,4.74,ft^3/s,Approved,2025-02-24T16:24:39Z,,af36731baeac4ee5a7a5b5d47e298ee3,06752280,USGS,Boxelder
USGS-06752260,00060,00003,2022-04-16,11.8,ft^3/s,Approved,2025-02-21T16:41:42Z,,272a1fc51e7a4da584101aad9cdd2601,06752260,USGS,Lincoln
USGS-06752280,00060,00003,2022-04-16,5.09,ft^3/s,Approved,2025-02-24T16:24:39Z,,af36731baeac4ee5a7a5b5d47e298ee3,06752280,USGS,Boxelder
USGS-06752260,00060,00003,2022-04-17,10.9,ft^3/s,Approved,2025-02-21T16:41:42Z,,272a1fc51e7a4da584101aad9cdd2601,06752260,USGS,Lincoln
USGS-06752280,00060,00003,2022-04-17,4.41,ft^3/s,Approved,2025-02-24T16:24:39Z,,af36731baeac4ee5a7a5b5d47e298ee3,06752280,USGS,Boxelder
USGS-06752260,00060,00003,2022-04-18,10.8,ft^3/s,Approved,2025-02-21T16:41:42Z,,272a1fc51e7a4da584101aad9cdd2601,06752260,USGS,Lincoln
USGS-06752280,00060,00003,2022-04-18,3.61,ft^3/s,Approved,2025-02-24T16:24:39Z,,af36731baeac4ee5a7a5b5d47e298ee3,06752280,USGS,Boxelder
USGS-06752260,00060,00003,2022-04-19,10.6,ft^3/s,Approved,2025-02-21T16:41:42Z,,272a1fc51e7a4da584101aad9cdd2601,06752260,USGS,Lincoln
USGS-06752280,00060,00003,2022-04-19,4.2,ft^3/s,Approved,2025-02-24T16:24:39Z,,af36731baeac4ee5a7a5b5d47e298ee3,06752280,USGS,Boxelder
USGS-06752260,00060,00003,2022-04-20,11.3,ft^3/s,Approved,2025-02-21T16:41:42Z,,272a1fc51e7a4da584101aad9cdd2601,06752260,USGS,Lincoln
USGS-06752280,00060,00003,2022-04-20,4.25,ft^3/s,Approved,2025-02-24T16:24:39Z,,af36731baeac4ee5a7a5b5d47e298ee3,06752280,USGS,Boxelder
USGS-06752260,00060,00003,2022-04-21,17.6,ft^3/s,Approved,2025-02-21T16:41:42Z,,272a1fc51e7a4da584101aad9cdd2601,06752260,USGS,Lincoln
USGS-06752280,00060,00003,2022-04-21,5.04,ft^3/s,Approved,2025-02-24T16:24:39Z,,af36731baeac4ee5a7a5b5d47e298ee3,06752280,USGS,Boxelder
USGS-06752260,00060,00003,2022-04-22,35.3,ft^3/s,Approved,2025-02-21T16:41:42Z,,272a1fc51e7a4da584101aad9cdd2601,06752260,USGS,Lincoln
USGS-06752280,00060,00003,2022-04-22,26,ft^3/s,Approved,2025-02-24T16:24:39Z,,af36731baeac4ee5a7a5b5d47e298ee3,06752280,USGS,Boxelder
USGS-06752260,00060,00003,2022-04-23,37.6,ft^3/s,Approved,2025-02-21T16:41:42Z,,272a1fc51e7a4da584101aad9cdd2601,06752260,USGS,Lincoln
USGS-06752280,00060,00003,2022-04-23,26.1,ft^3/s,Approved,2025-02-24T16:24:39Z,,af36731baeac4ee5a7a5b5d47e298ee3,06752280,USGS,Boxelder
USGS-06752260,00060,00003,2022-04-24,32.2,ft^3/s,Approved,2025-02-21T16:41:42Z,,272a1fc51e7a4da584101aad9cdd2601,06752260,USGS,Lincoln
USGS-06752280,00060,00003,2022-04-24,22.5,ft^3/s,Approved,2025-02-24T16:24:39Z,,af36731baeac4ee5a7a5b5d47e298ee3,06752280,USGS,Boxelder
USGS-06752260,00060,00003,2022-04-25,48.3,ft^3/s,Approved,2025-02-21T16:41:42Z,,272a1fc51e7a4da584101aad9cdd2601,06752260,USGS,Lincoln
USGS-06752280,00060,00003,2022-04-25,35,ft^3/s,Approved,2025-02-24T16:24:39Z,,af36731baeac4ee5a7a5b5d47e298ee3,06752280,USGS,Boxelder
USGS-06752260,00060,00003,2022-04-26,89.6,ft^3/s,Approved,2025-02-21T16:41:42Z,,272a1fc51e7a4da584101aad9cdd2601,06752260,USGS,Lincoln
USGS-06752280,00060,00003,2022-04-26,78.1,ft^3/s,Approved,2025-02-24T16:24:39Z,,af36731baeac4ee5a7a5b5d47e298ee3,06752280,USGS,Boxelder
USGS-06752260,00060,00003,2022-04-27,141,ft^3/s,Approved,2025-02-21T16:41:42Z,,272a1fc51e7a4da584101aad9cdd2601,06752260,USGS,Lincoln
USGS-06752280,00060,00003,2022-04-27,120,ft^3/s,Approved,2025-02-24T16:24:39Z,,af36731baeac4ee5a7a5b5d47e298ee3,06752280,USGS,Boxelder
USGS-06752260,00060,00003,2022-04-28,234,ft^3/s,Approved,2025-02-21T16:41:42Z,,272a1fc51e7a4da584101aad9cdd2601,06752260,USGS,Lincoln
USGS-06752280,00060,00003,2022-04-28,206,ft^3/s,Approved,2025-02-24T16:24:39Z,,af36731baeac4ee5a7a5b5d47e298ee3,06752280,USGS,Boxelder
USGS-06752260,00060,00003,2022-04-29,116,ft^3/s,Approved,2025-02-21T16:41:42Z,,272a1fc51e7a4da584101aad9cdd2601,06752260,USGS,Lincoln
USGS-06752280,00060,00003,2022-04-29,115,ft^3/s,Approved,2025-02-24T16:24:39Z,,af36731baeac4ee5a7a5b5d47e298ee3,06752280,USGS,Boxelder
USGS-06752260,00060,00003,2022-04-30,87.9,ft^3/s,Approved,2025-02-21T16:41:42Z,,272a1fc51e7a4da584101aad9cdd2601,06752260,USGS,Lincoln
USGS-06752280,00060,00003,2022-04-30,89.2,ft^3/s,Approved,2025-02-24T16:24:39Z,,af36731baeac4ee5a7a5b5d47e298ee3,06752280,USGS,Boxelder
USGS-06752260,00060,00003,2022-05-01,31.1,ft^3/s,Approved,2025-02-21T16:41:42Z,,272a1fc51e7a4da584101aad9cdd2601,06752260,USGS,Lincoln
USGS-06752280,00060,00003,2022-05-01,22.5,ft^3/s,Approved,2025-02-24T16:24:39Z,,af36731baeac4ee5a7a5b5d47e298ee3,06752280,USGS,Boxelder
USGS-06752260,00060,00003,2022-05-02,40,ft^3/s,Approved,2025-02-21T16:41:42Z,,272a1fc51e7a4da584101aad9cdd2601,06752260,USGS,Lincoln
USGS-06752280,00060,00003,2022-05-02,45.4,ft^3/s,Approved,2025-02-24T16:24:39Z,,af36731baeac4ee5a7a5b5d47e298ee3,06752280,USGS,Boxelder
USGS-06752260,00060,00003,2022-05-03,20.4,ft^3/s,Approved,2025-02-21T16:41:42Z,,272a1fc51e7a4da584101aad9cdd2601,06752260,USGS,Lincoln
USGS-06752280,00060,00003,2022-05-03,19.4,ft^3/s,Approved,2025-02-24T16:24:39Z,,af36731baeac4ee5a7a5b5d47e298ee3,06752280,USGS,Boxelder
USGS-06752260,00060,00003,2022-05-04,31.9,ft^3/s,Approved,2025-02-21T16:41:42Z,,272a1fc51e7a4da584101aad9cdd2601,06752260,USGS,Lincoln
USGS-06752280,00060,00003,2022-05-04,55.8,ft^3/s,Approved,2025-02-24T16:24:39Z,,af36731baeac4ee5a7a5b5d47e298ee3,06752280,USGS,Boxelder
USGS-06752260,00060,00003,2022-05-05,8.19,ft^3/s,Approved,2025-02-21T16:41:42Z,,272a1fc51e7a4da584101aad9cdd2601,06752260,USGS,Lincoln
USGS-06752280,00060,00003,2022-05-05,29.1,ft^3/s,Approved,2025-02-24T16:24:39Z,,af36731baeac4ee5a7a5b5d47e298ee3,06752280,USGS,Boxelder
USGS-06752260,00060,00003,2022-05-06,1.58,ft^3/s,Approved,2025-02-21T16:41:42Z,,272a1fc51e7a4da584101aad9cdd2601,06752260,USGS,Lincoln
USGS-06752280,00060,00003,2022-05-06,13.2,ft^3/s,Approved,2025-02-24T16:24:39Z,,af36731baeac4ee5a7a5b5d47e298ee3,06752280,USGS,Boxelder
USGS-06752260,00060,00003,2022-05-07,20.9,ft^3/s,Approved,2025-02-21T16:41:42Z,,272a1fc51e7a4da584101aad9cdd2601,06752260,USGS,Lincoln
USGS-06752280,00060,00003,2022-05-07,15.7,ft^3/s,Approved,2025-02-24T16:24:39Z,,af36731baeac4ee5a7a5b5d47e298ee3,06752280,USGS,Boxelder
USGS-06752260,00060,00003,2022-05-08,133,ft^3/s,Approved,2025-02-21T16:41:42Z,,272a1fc51e7a4da584101aad9cdd2601,06752260,USGS,Lincoln
USGS-06752280,00060,00003,2022-05-08,118,ft^3/s,Approved,2025-02-24T16:24:39Z,,af36731baeac4ee5a7a5b5d47e298ee3,06752280,USGS,Boxelder
USGS-06752260,00060,00003,2022-05-09,110,ft^3/s,Approved,2025-02-21T16:41:42Z,,272a1fc51e7a4da584101aad9cdd2601,06752260,USGS,Lincoln
USGS-06752280,00060,00003,2022-05-09,114,ft^3/s,Approved,2025-02-24T16:24:39Z,,af36731baeac4ee5a7a5b5d47e298ee3,06752280,USGS,Boxelder
USGS-06752260,00060,00003,2022-05-10,43,ft^3/s,Approved,2025-02-21T16:41:42Z,,272a1fc51e7a4da584101aad9cdd2601,06752260,USGS,Lincoln
USGS-06752280,00060,00003,2022-05-10,40.2,ft^3/s,Approved,2025-02-24T16:24:39Z,,af36731baeac4ee5a7a5b5d47e298ee3,06752280,USGS,Boxelder
USGS-06752260,00060,00003,2022-05-11,394,ft^3/s,Approved,2025-02-21T16:41:42Z,,272a1fc51e7a4da584101aad9cdd2601,06752260,USGS,Lincoln
USGS-06752280,00060,00003,2022-05-11,368,ft^3/s,Approved,2025-02-24T16:24:39Z,,af36731baeac4ee5a7a5b5d47e298ee3,06752280,USGS,Boxelder
USGS-06752260,00060,00003,2022-05-12,423,ft^3/s,Approved,2025-02-21T16:41:42Z,,272a1fc51e7a4da584101aad9cdd2601,06752260,USGS,Lincoln
USGS-06752280,00060,00003,2022-05-12,398,ft^3/s,Approved,2025-02-24T16:24:39Z,,af36731baeac4ee5a7a5b5d47e298ee3,06752280,USGS,Boxelder
USGS-06752260,00060,00003,2022-05-13,205,ft^3/s,Approved,2025-02-21T16:41:42Z,,272a1fc51e7a4da584101aad9cdd2601,06752260,USGS,Lincoln
USGS-06752280,00060,00003,2022-05-13,217,ft^3/s,Approved,2025-02-24T16:24:39Z,,af36731baeac4ee5a7a5b5d47e298ee3,06752280,USGS,Boxelder
USGS-06752260,00060,00003,2022-05-14,214,ft^3/s,Approved,2025-02-21T16:41:42Z,,272a1fc51e7a4da584101aad9cdd2601,06752260,USGS,Lincoln
USGS-06752280,00060,00003,2022-05-14,195,ft^3/s,Approved,2025-02-24T16:24:39Z,,af36731baeac4ee5a7a5b5d47e298ee3,06752280,USGS,Boxelder
USGS-06752260,00060,00003,2022-05-15,407,ft^3/s,Approved,2025-02-21T16:41:42Z,,272a1fc51e7a4da584101aad9cdd2601,06752260,USGS,Lincoln
USGS-06752280,00060,00003,2022-05-15,386,ft^3/s,Approved,2025-02-24T16:24:39Z,,af36731baeac4ee5a7a5b5d47e298ee3,06752280,USGS,Boxelder
USGS-06752260,00060,00003,2022-05-16,717,ft^3/s,Approved,2025-02-21T16:41:42Z,,272a1fc51e7a4da584101aad9cdd2601,06752260,USGS,Lincoln
USGS-06752280,00060,00003,2022-05-16,664,ft^3/s,Approved,2025-02-24T16:24:39Z,,af36731baeac4ee5a7a5b5d47e298ee3,06752280,USGS,Boxelder
USGS-06752260,00060,00003,2022-05-17,531,ft^3/s,Approved,2025-02-21T16:41:42Z,,272a1fc51e7a4da584101aad9cdd2601,06752260,USGS,Lincoln
USGS-06752280,00060,00003,2022-05-17,542,ft^3/s,Approved,2025-02-24T16:24:39Z,,af36731baeac4ee5a7a5b5d47e298ee3,06752280,USGS,Boxelder
USGS-06752260,00060,00003,2022-05-18,657,ft^3/s,Approved,2025-02-21T16:41:42Z,,272a1fc51e7a4da584101aad9cdd2601,06752260,USGS,Lincoln
USGS-06752280,00060,00003,2022-05-18,605,ft^3/s,Approved,2025-02-24T16:24:39Z,,af36731baeac4ee5a7a5b5d47e298ee3,06752280,USGS,Boxelder
USGS-06752260,00060,00003,2022-05-19,1070,ft^3/s,Approved,2025-02-21T16:41:42Z,,272a1fc51e7a4da584101aad9cdd2601,06752260,USGS,Lincoln
USGS-06752280,00060,00003,2022-05-19,992,ft^3/s,Approved,2025-02-24T16:24:39Z,,af36731baeac4ee5a7a5b5d47e298ee3,06752280,USGS,Boxelder
USGS-06752260,00060,00003,2022-05-20,1010,ft^3/s,Approved,2025-02-21T16:41:42Z,,272a1fc51e7a4da584101aad9cdd2601,06752260,USGS,Lincoln
USGS-06752280,00060,00003,2022-05-20,989,ft^3/s,Approved,2025-02-24T16:24:39Z,,af36731baeac4ee5a7a5b5d47e298ee3,06752280,USGS,Boxelder
USGS-06752260,00060,00003,2022-05-21,446,ft^3/s,Approved,2025-02-21T16:41:42Z,,272a1fc51e7a4da584101aad9cdd2601,06752260,USGS,Lincoln
USGS-06752280,00060,00003,2022-05-21,489,ft^3/s,Approved,2025-02-24T16:24:39Z,,af36731baeac4ee5a7a5b5d47e298ee3,06752280,USGS,Boxelder
USGS-06752260,00060,00003,2022-05-22,186,ft^3/s,Approved,2025-02-21T16:41:42Z,,272a1fc51e7a4da584101aad9cdd2601,06752260,USGS,Lincoln
USGS-06752280,00060,00003,2022-05-22,177,ft^3/s,Approved,2025-02-24T16:24:39Z,,af36731baeac4ee5a7a5b5d47e298ee3,06752280,USGS,Boxelder
USGS-06752260,00060,00003,2022-05-23,188,ft^3/s,Approved,2025-02-21T16:41:42Z,,272a1fc51e7a4da584101aad9cdd2601,06752260,USGS,Lincoln
USGS-06752280,00060,00003,2022-05-23,183,ft^3/s,Approved,2025-02-24T16:24:39Z,,af36731baeac4ee5a7a5b5d47e298ee3,06752280,USGS,Boxelder
USGS-06752260,00060,00003,2022-05-24,128,ft^3/s,Approved,2025-02-21T16:41:42Z,,272a1fc51e7a4da584101aad9cdd2601,06752260,USGS,Lincoln
USGS-06752280,00060,00003,2022-05-24,126,ft^3/s,Approved,2025-02-24T16:24:39Z,,af36731baeac4ee5a7a5b5d47e298ee3,06752280,USGS,Boxelder
USGS-06752260,00060,00003,2022-05-25,34.7,ft^3/s,Approved,2025-02-21T16:41:42Z,,272a1fc51e7a4da584101aad9cdd2601,06752260,USGS,Lincoln
USGS-06752280,00060,00003,2022-05-25,44.3,ft^3/s,Approved,2025-02-24T16:24:39Z,,af36731baeac4ee5a7a5b5d47e298ee3,06752280,USGS,Boxelder
USGS-06752260,00060,00003,2022-05-26,123,ft^3/s,Approved,2025-02-21T16:41:42Z,,272a1fc51e7a4da584101aad9cdd2601,06752260,USGS,Lincoln
USGS-06752280,00060,00003,2022-05-26,106,ft^3/s,Approved,2025-02-24T16:24:39Z,,af36731baeac4ee5a7a5b5d47e298ee3,06752280,USGS,Boxelder
USGS-06752260,00060,00003,2022-05-27,206,ft^3/s,Approved,2025-02-21T16:41:42Z,,272a1fc51e7a4da584101aad9cdd2601,06752260,USGS,Lincoln
USGS-06752280,00060,00003,2022-05-27,191,ft^3/s,Approved,2025-02-24T16:24:39Z,,af36731baeac4ee5a7a5b5d47e298ee3,06752280,USGS,Boxelder
USGS-06752260,00060,00003,2022-05-28,210,ft^3/s,Approved,2025-02-21T16:41:42Z,,272a1fc51e7a4da584101aad9cdd2601,06752260,USGS,Lincoln
USGS-06752280,00060,00003,2022-05-28,194,ft^3/s,Approved,2025-02-24T16:24:39Z,,af36731baeac4ee5a7a5b5d47e298ee3,06752280,USGS,Boxelder
USGS-06752260,00060,00003,2022-05-29,297,ft^3/s,Approved,2025-02-21T16:41:42Z,,272a1fc51e7a4da584101aad9cdd2601,06752260,USGS,Lincoln
USGS-06752280,00060,00003,2022-05-29,280,ft^3/s,Approved,2025-02-24T16:24:39Z,,af36731baeac4ee5a7a5b5d47e298ee3,06752280,USGS,Boxelder
USGS-06752260,00060,00003,2022-05-30,199,ft^3/s,Approved,2025-02-21T16:41:42Z,,272a1fc51e7a4da584101aad9cdd2601,06752260,USGS,Lincoln
USGS-06752280,00060,00003,2022-05-30,190,ft^3/s,Approved,2025-02-24T16:24:39Z,,af36731baeac4ee5a7a5b5d47e298ee3,06752280,USGS,Boxelder
USGS-06752260,00060,00003,2022-05-31,58.6,ft^3/s,Approved,2025-02-21T16:41:42Z,,272a1fc51e7a4da584101aad9cdd2601,06752260,USGS,Lincoln
USGS-06752280,00060,00003,2022-05-31,77.6,ft^3/s,Approved,2025-02-24T16:24:39Z,,af36731baeac4ee5a7a5b5d47e298ee3,06752280,USGS,Boxelder
USGS-06752260,00060,00003,2022-06-01,28.6,ft^3/s,Approved,2025-02-21T16:41:42Z,,272a1fc51e7a4da584101aad9cdd2601,06752260,USGS,Lincoln
USGS-06752280,00060,00003,2022-06-01,46.6,ft^3/s,Approved,2025-02-24T16:24:39Z,,af36731baeac4ee5a7a5b5d47e298ee3,06752280,USGS,Boxelder
USGS-06752260,00060,00003,2022-06-02,209,ft^3/s,Approved,2025-02-21T16:41:42Z,,272a1fc51e7a4da584101aad9cdd2601,06752260,USGS,Lincoln
USGS-06752280,00060,00003,2022-06-02,185,ft^3/s,Approved,2025-02-24T16:24:39Z,,af36731baeac4ee5a7a5b5d47e298ee3,06752280,USGS,Boxelder
USGS-06752260,00060,00003,2022-06-03,453,ft^3/s,Approved,2025-02-21T16:41:42Z,,272a1fc51e7a4da584101aad9cdd2601,06752260,USGS,Lincoln
USGS-06752280,00060,00003,2022-06-03,436,ft^3/s,Approved,2025-02-24T16:24:39Z,,af36731baeac4ee5a7a5b5d47e298ee3,06752280,USGS,Boxelder
USGS-06752260,00060,00003,2022-06-04,594,ft^3/s,Approved,2025-02-21T16:41:42Z,,272a1fc51e7a4da584101aad9cdd2601,06752260,USGS,Lincoln
USGS-06752280,00060,00003,2022-06-04,594,ft^3/s,Approved,2025-02-24T16:24:39Z,,af36731baeac4ee5a7a5b5d47e298ee3,06752280,USGS,Boxelder
USGS-06752260,00060,00003,2022-06-05,536,ft^3/s,Approved,2025-02-21T16:41:42Z,,272a1fc51e7a4da584101aad9cdd2601,06752260,USGS,Lincoln
USGS-06752280,00060,00003,2022-06-05,556,ft^3/s,Approved,2025-02-24T16:24:39Z,,af36731baeac4ee5a7a5b5d47e298ee3,06752280,USGS,Boxelder
USGS-06752260,00060,00003,2022-06-06,609,ft^3/s,Approved,2025-02-21T16:41:42Z,,272a1fc51e7a4da584101aad9cdd2601,06752260,USGS,Lincoln
USGS-06752280,00060,00003,2022-06-06,613,ft^3/s,Approved,2025-02-24T16:24:39Z,,af36731baeac4ee5a7a5b5d47e298ee3,06752280,USGS,Boxelder
USGS-06752260,00060,00003,2022-06-07,903,ft^3/s,Approved,2025-02-21T16:41:42Z,,272a1fc51e7a4da584101aad9cdd2601,06752260,USGS,Lincoln
USGS-06752280,00060,00003,2022-06-07,890,ft^3/s,Approved,2025-02-24T16:24:39Z,,af36731baeac4ee5a7a5b5d47e298ee3,06752280,USGS,Boxelder
USGS-06752260,00060,00003,2022-06-08,835,ft^3/s,Approved,2025-02-21T16:41:42Z,,272a1fc51e7a4da584101aad9cdd2601,06752260,USGS,Lincoln
USGS-06752280,00060,00003,2022-06-08,850,ft^3/s,Approved,2025-02-24T16:24:39Z,,af36731baeac4ee5a7a5b5d47e298ee3,06752280,USGS,Boxelder
USGS-06752260,00060,00003,2022-06-09,832,ft^3/s,Approved,2025-02-21T16:41:42Z,,272a1fc51e7a4da584101aad9cdd2601,06752260,USGS,Lincoln
USGS-06752280,00060,00003,2022-06-09,844,ft^3/s,Approved,2025-02-24T16:24:39Z,,af36731baeac4ee5a7a5b5d47e298ee3,06752280,USGS,Boxelder
USGS-06752260,00060,00003,2022-06-10,1130,ft^3/s,Approved,2025-02-21T16:41:42Z,,272a1fc51e7a4da584101aad9cdd2601,06752260,USGS,Lincoln
USGS-06752280,00060,00003,2022-06-10,1120,ft^3/s,Approved,2025-02-24T16:24:39Z,,af36731baeac4ee5a7a5b5d47e298ee3,06752280,USGS,Boxelder
USGS-06752260,00060,00003,2022-06-11,1260,ft^3/s,Approved,2025-02-21T16:41:42Z,,272a1fc51e7a4da584101aad9cdd2601,06752260,USGS,Lincoln
USGS-06752280,00060,00003,2022-06-11,1250,ft^3/s,Approved,2025-02-24T16:24:39Z,,af36731baeac4ee5a7a5b5d47e298ee3,06752280,USGS,Boxelder
USGS-06752260,00060,00003,2022-06-12,1680,ft^3/s,Approved,2025-02-21T16:41:42Z,,272a1fc51e7a4da584101aad9cdd2601,06752260,USGS,Lincoln
USGS-06752280,00060,00003,2022-06-12,1640,ft^3/s,Approved,2025-02-24T16:24:39Z,,af36731baeac4ee5a7a5b5d47e298ee3,06752280,USGS,Boxelder
USGS-06752260,00060,00003,2022-06-13,1300,ft^3/s,Approved,2025-02-21T16:41:42Z,,272a1fc51e7a4da584101aad9cdd2601,06752260,USGS,Lincoln
USGS-06752280,00060,00003,2022-06-13,1330,ft^3/s,Approved,2025-02-24T16:24:39Z,,af36731baeac4ee5a7a5b5d47e298ee3,06752280,USGS,Boxelder
USGS-06752260,00060,00003,2022-06-14,901,ft^3/s,Approved,2025-02-21T16:41:42Z,,272a1fc51e7a4da584101aad9cdd2601,06752260,USGS,Lincoln
USGS-06752280,00060,00003,2022-06-14,911,ft^3/s,Approved,2025-02-24T16:24:39Z,,af36731baeac4ee5a7a5b5d47e298ee3,06752280,USGS,Boxelder
USGS-06752260,00060,00003,2022-06-15,495,ft^3/s,Approved,2025-02-21T16:41:42Z,,272a1fc51e7a4da584101aad9cdd2601,06752260,USGS,Lincoln
USGS-06752280,00060,00003,2022-06-15,513,ft^3/s,Approved,2025-02-24T16:24:39Z,,af36731baeac4ee5a7a5b5d47e298ee3,06752280,USGS,Boxelder
USGS-06752260,00060,00003,2022-06-16,225,ft^3/s,Approved,2025-02-21T16:41:42Z,,272a1fc51e7a4da584101aad9cdd2601,06752260,USGS,Lincoln
USGS-06752280,00060,00003,2022-06-16,240,ft^3/s,Approved,2025-02-24T16:24:39Z,,af36731baeac4ee5a7a5b5d47e298ee3,06752280,USGS,Boxelder
USGS-06752260,00060,00003,2022-06-17,272,ft^3/s,Approved,2025-02-21T16:41:42Z,,272a1fc51e7a4da584101aad9cdd2601,06752260,USGS,Lincoln
USGS-06752280,00060,00003,2022-06-17,267,ft^3/s,Approved,2025-02-24T16:24:39Z,,af36731baeac4ee5a7a5b5d47e298ee3,06752280,USGS,Boxelder
USGS-06752260,00060,00003,2022-06-18,590,ft^3/s,Approved,2025-02-21T16:41:42Z,,272a1fc51e7a4da584101aad9cdd2601,06752260,USGS,Lincoln
USGS-06752280,00060,00003,2022-06-18,562,ft^3/s,Approved,2025-02-24T16:24:39Z,,af36731baeac4ee5a7a5b5d47e298ee3,06752280,USGS,Boxelder
USGS-06752260,00060,00003,2022-06-19,454,ft^3/s,Approved,2025-02-21T16:41:42Z,,272a1fc51e7a4da584101aad9cdd2601,06752260,USGS,Lincoln
USGS-06752280,00060,00003,2022-06-19,444,ft^3/s,Approved,2025-02-24T16:24:39Z,,af36731baeac4ee5a7a5b5d47e298ee3,06752280,USGS,Boxelder
USGS-06752260,00060,00003,2022-06-20,292,ft^3/s,Approved,2025-02-21T16:41:42Z,,272a1fc51e7a4da584101aad9cdd2601,06752260,USGS,Lincoln
USGS-06752280,00060,00003,2022-06-20,313,ft^3/s,Approved,2025-02-24T16:24:39Z,,af36731baeac4ee5a7a5b5d47e298ee3,06752280,USGS,Boxelder
USGS-06752260,00060,00003,2022-06-21,148,ft^3/s,Approved,2025-02-21T16:41:42Z,,272a1fc51e7a4da584101aad9cdd2601,06752260,USGS,Lincoln
USGS-06752280,00060,00003,2022-06-21,151,ft^3/s,Approved,2025-02-24T16:24:39Z,,af36731baeac4ee5a7a5b5d47e298ee3,06752280,USGS,Boxelder
USGS-06752260,00060,00003,2022-06-22,183,ft^3/s,Approved,2025-02-21T16:41:42Z,,272a1fc51e7a4da584101aad9cdd2601,06752260,USGS,Lincoln
USGS-06752280,00060,00003,2022-06-22,186,ft^3/s,Approved,2025-02-24T16:24:39Z,,af36731baeac4ee5a7a5b5d47e298ee3,06752280,USGS,Boxelder
USGS-06752260,00060,00003,2022-06-23,157,ft^3/s,Approved,2025-02-21T16:41:42Z,,272a1fc51e7a4da584101aad9cdd2601,06752260,USGS,Lincoln
USGS-06752280,00060,00003,2022-06-23,164,ft^3/s,Approved,2025-02-24T16:24:39Z,,af36731baeac4ee5a7a5b5d47e298ee3,06752280,USGS,Boxelder
USGS-06752260,00060,00003,2022-06-24,151,ft^3/s,Approved,2025-02-21T16:41:42Z,,272a1fc51e7a4da584101aad9cdd2601,06752260,USGS,Lincoln
USGS-06752280,00060,00003,2022-06-24,154,ft^3/s,Approved,2025-02-24T16:24:39Z,,af36731baeac4ee5a7a5b5d47e298ee3,06752280,USGS,Boxelder
USGS-06752260,00060,00003,2022-06-25,303,ft^3/s,Approved,2025-02-21T16:41:42Z,,272a1fc51e7a4da584101aad9cdd2601,06752260,USGS,Lincoln
USGS-06752280,00060,00003,2022-06-25,305,ft^3/s,Approved,2025-02-24T16:24:39Z,,af36731baeac4ee5a7a5b5d47e298ee3,06752280,USGS,Boxelder
USGS-06752260,00060,00003,2022-06-26,224,ft^3/s,Approved,2025-02-21T16:41:42Z,,272a1fc51e7a4da584101aad9cdd2601,06752260,USGS,Lincoln
USGS-06752280,00060,00003,2022-06-26,239,ft^3/s,Approved,2025-02-24T16:24:39Z,,af36731baeac4ee5a7a5b5d47e298ee3,06752280,USGS,Boxelder
USGS-06752260,00060,00003,2022-06-27,251,ft^3/s,Approved,2025-02-21T16:41:42Z,,272a1fc51e7a4da584101aad9cdd2601,06752260,USGS,Lincoln
USGS-06752280,00060,00003,2022-06-27,266,ft^3/s,Approved,2025-02-24T16:24:39Z,,af36731baeac4ee5a7a5b5d47e298ee3,06752280,USGS,Boxelder
USGS-06752260,00060,00003,2022-06-28,150,ft^3/s,Approved,2025-02-21T16:41:42Z,,272a1fc51e7a4da584101aad9cdd2601,06752260,USGS,Lincoln
USGS-06752280,00060,00003,2022-06-28,173,ft^3/s,Approved,2025-02-24T16:24:39Z,,af36731baeac4ee5a7a5b5d47e298ee3,06752280,USGS,Boxelder
USGS-06752260,00060,00003,2022-06-29,81.9,ft^3/s,Approved,2025-02-21T16:41:42Z,,272a1fc51e7a4da584101aad9cdd2601,06752260,USGS,Lincoln
USGS-06752280,00060,00003,2022-06-29,106,ft^3/s,Approved,2025-02-24T16:24:39Z,,af36731baeac4ee5a7a5b5d47e298ee3,06752280,USGS,Boxelder
USGS-06752260,00060,00003,2022-06-30,75.3,ft^3/s,Approved,2025-02-21T16:41:42Z,,272a1fc51e7a4da584101aad9cdd2601,06752260,USGS,Lincoln
USGS-06752280,00060,00003,2022-06-30,95.1,ft^3/s,Approved,2025-02-24T16:24:39Z,,af36731baeac4ee5a7a5b5d47e298ee3,06752280,USGS,Boxelder
USGS-06752260,00060,00003,2022-07-01,85.5,ft^3/s,Approved,2025-02-21T16:41:42Z,,272a1fc51e7a4da584101aad9cdd2601,06752260,USGS,Lincoln
USGS-06752280,00060,00003,2022-07-01,111,ft^3/s,Approved,2025-02-24T16:24:39Z,,af36731baeac4ee5a7a5b5d47e298ee3,06752280,USGS,Boxelder
USGS-06752260,00060,00003,2022-07-02,29.6,ft^3/s,Approved,2025-02-21T16:41:42Z,,272a1fc51e7a4da584101aad9cdd2601,06752260,USGS,Lincoln
USGS-06752280,00060,00003,2022-07-02,83.8,ft^3/s,Approved,2025-02-24T16:24:39Z,,af36731baeac4ee5a7a5b5d47e298ee3,06752280,USGS,Boxelder
USGS-06752260,00060,00003,2022-07-03,44.3,ft^3/s,Approved,2025-02-21T16:41:42Z,,272a1fc51e7a4da584101aad9cdd2601,06752260,USGS,Lincoln
USGS-06752280,00060,00003,2022-07-03,54.6,ft^3/s,Approved,2025-02-24T16:24:39Z,,af36731baeac4ee5a7a5b5d47e298ee3,06752280,USGS,Boxelder
USGS-06752260,00060,00003,2022-07-04,187,ft^3/s,Approved,2025-02-21T16:41:42Z,,272a1fc51e7a4da584101aad9cdd2601,06752260,USGS,Lincoln
USGS-06752280,00060,00003,2022-07-04,192,ft^3/s,Approved,2025-02-24T16:24:39Z,,af36731baeac4ee5a7a5b5d47e298ee3,06752280,USGS,Boxelder
USGS-06752260,00060,00003,2022-07-05,109,ft^3/s,Approved,2025-02-21T16:41:42Z,,272a1fc51e7a4da584101aad9cdd2601,06752260,USGS,Lincoln
USGS-06752280,00060,00003,2022-07-05,129,ft^3/s,Approved,2025-02-24T16:24:39Z,,af36731baeac4ee5a7a5b5d47e298ee3,06752280,USGS,Boxelder
USGS-06752260,00060,00003,2022-07-06,167,ft^3/s,Approved,2025-02-21T16:41:42Z,,272a1fc51e7a4da584101aad9cdd2601,06752260,USGS,Lincoln
USGS-06752280,00060,00003,2022-07-06,171,ft^3/s,Approved,2025-02-24T16:24:39Z,,af36731baeac4ee5a7a5b5d47e298ee3,06752280,USGS,Boxelder
USGS-06752260,00060,00003,2022-07-07,131,ft^3/s,Approved,2025-02-21T16:41:42Z,,272a1fc51e7a4da584101aad9cdd2601,06752260,USGS,Lincoln
USGS-06752280,00060,00003,2022-07-07,157,ft^3/s,Approved,2025-02-24T16:24:39Z,,af36731baeac4ee5a7a5b5d47e298ee3,06752280,USGS,Boxelder
USGS-06752260,00060,00003,2022-07-08,140,ft^3/s,Approved,2025-02-21T16:41:42Z,,272a1fc51e7a4da584101aad9cdd2601,06752260,USGS,Lincoln
USGS-06752280,00060,00003,2022-07-08,142,ft^3/s,Approved,2025-02-24T16:24:39Z,,af36731baeac4ee5a7a5b5d47e298ee3,06752280,USGS,Boxelder
USGS-06752260,00060,00003,2022-07-09,151,ft^3/s,Approved,2025-02-21T16:41:42Z,,272a1fc51e7a4da584101aad9cdd2601,06752260,USGS,Lincoln
USGS-06752280,00060,00003,2022-07-09,162,ft^3/s,Approved,2025-02-24T16:24:39Z,,af36731baeac4ee5a7a5b5d47e298ee3,06752280,USGS,Boxelder
USGS-06752260,00060,00003,2022-07-10,149,ft^3/s,Approved,2025-02-21T16:41:42Z,,272a1fc51e7a4da584101aad9cdd2601,06752260,USGS,Lincoln
USGS-06752280,00060,00003,2022-07-10,150,ft^3/s,Approved,2025-02-24T16:24:39Z,,af36731baeac4ee5a7a5b5d47e298ee3,06752280,USGS,Boxelder
USGS-06752260,00060,00003,2022-07-11,128,ft^3/s,Approved,2025-02-21T16:41:42Z,,272a1fc51e7a4da584101aad9cdd2601,06752260,USGS,Lincoln
USGS-06752280,00060,00003,2022-07-11,138,ft^3/s,Approved,2025-02-24T16:24:39Z,,af36731baeac4ee5a7a5b5d47e298ee3,06752280,USGS,Boxelder
USGS-06752260,00060,00003,2022-07-12,119,ft^3/s,Approved,2025-02-21T16:41:42Z,,272a1fc51e7a4da584101aad9cdd2601,06752260,USGS,Lincoln
USGS-06752280,00060,00003,2022-07-12,122,ft^3/s,Approved,2025-02-24T16:24:39Z,,af36731baeac4ee5a7a5b5d47e298ee3,06752280,USGS,Boxelder
USGS-06752260,00060,00003,2022-07-13,94.3,ft^3/s,Approved,2025-02-21T16:41:42Z,,272a1fc51e7a4da584101aad9cdd2601,06752260,USGS,Lincoln
USGS-06752280,00060,00003,2022-07-13,107,ft^3/s,Approved,2025-02-24T16:24:39Z,,af36731baeac4ee5a7a5b5d47e298ee3,06752280,USGS,Boxelder
USGS-06752260,00060,00003,2022-07-14,94.2,ft^3/s,Approved,2025-02-21T16:41:42Z,,272a1fc51e7a4da584101aad9cdd2601,06752260,USGS,Lincoln
USGS-06752280,00060,00003,2022-07-14,96.9,ft^3/s,Approved,2025-02-24T16:24:39Z,,af36731baeac4ee5a7a5b5d47e298ee3,06752280,USGS,Boxelder
USGS-06752260,00060,00003,2022-07-15,139,ft^3/s,Approved,2025-02-21T16:41:42Z,,272a1fc51e7a4da584101aad9cdd2601,06752260,USGS,Lincoln
USGS-06752280,00060,00003,2022-07-15,134,ft^3/s,Approved,2025-02-24T16:24:39Z,,af36731baeac4ee5a7a5b5d47e298ee3,06752280,USGS,Boxelder
USGS-06752260,00060,00003,2022-07-16,274,ft^3/s,Approved,2025-02-21T16:41:42Z,,272a1fc51e7a4da584101aad9cdd2601,06752260,USGS,Lincoln
USGS-06752280,00060,00003,2022-07-16,261,ft^3/s,Approved,2025-02-24T16:24:39Z,,af36731baeac4ee5a7a5b5d47e298ee3,06752280,USGS,Boxelder
USGS-06752260,00060,00003,2022-07-17,161,ft^3/s,Approved,2025-02-21T16:41:42Z,,272a1fc51e7a4da584101aad9cdd2601,06752260,USGS,Lincoln
USGS-06752280,00060,00003,2022-07-17,160,ft^3/s,Approved,2025-02-24T16:24:39Z,,af36731baeac4ee5a7a5b5d47e298ee3,06752280,USGS,Boxelder
USGS-06752260,00060,00003,2022-07-18,146,ft^3/s,Approved,2025-02-21T16:41:42Z,,272a1fc51e7a4da584101aad9cdd2601,06752260,USGS,Lincoln
USGS-06752280,00060,00003,2022-07-18,139,ft^3/s,Approved,2025-02-24T16:24:39Z,,af36731baeac4ee5a7a5b5d47e298ee3,06752280,USGS,Boxelder
USGS-06752260,00060,00003,2022-07-19,107,ft^3/s,Approved,2025-02-21T16:41:42Z,,272a1fc51e7a4da584101aad9cdd2601,06752260,USGS,Lincoln
USGS-06752280,00060,00003,2022-07-19,105,ft^3/s,Approved,2025-02-24T16:24:39Z,,af36731baeac4ee5a7a5b5d47e298ee3,06752280,USGS,Boxelder
USGS-06752260,00060,00003,2022-07-20,82.4,ft^3/s,Approved,2025-02-21T16:41:42Z,,272a1fc51e7a4da584101aad9cdd2601,06752260,USGS,Lincoln
USGS-06752280,00060,00003,2022-07-20,78.1,ft^3/s,Approved,2025-02-24T16:24:39Z,,af36731baeac4ee5a7a5b5d47e298ee3,06752280,USGS,Boxelder
USGS-06752260,00060,00003,2022-07-21,75.8,ft^3/s,Approved,2025-02-21T16:41:42Z,,272a1fc51e7a4da584101aad9cdd2601,06752260,USGS,Lincoln
USGS-06752280,00060,00003,2022-07-21,69.4,ft^3/s,Approved,2025-02-24T16:24:39Z,,af36731baeac4ee5a7a5b5d47e298ee3,06752280,USGS,Boxelder
USGS-06752260,00060,00003,2022-07-22,62.4,ft^3/s,Approved,2025-02-21T16:41:42Z,,272a1fc51e7a4da584101aad9cdd2601,06752260,USGS,Lincoln
USGS-06752280,00060,00003,2022-07-22,56.9,ft^3/s,Approved,2025-02-24T16:24:39Z,,af36731baeac4ee5a7a5b5d47e298ee3,06752280,USGS,Boxelder
USGS-06752260,00060,00003,2022-07-23,55.4,ft^3/s,Approved,2025-02-21T16:41:42Z,,272a1fc51e7a4da584101aad9cdd2601,06752260,USGS,Lincoln
USGS-06752280,00060,00003,2022-07-23,49.4,ft^3/s,Approved,2025-02-24T16:24:39Z,,af36731baeac4ee5a7a5b5d47e298ee3,06752280,USGS,Boxelder
USGS-06752260,00060,00003,2022-07-24,72,ft^3/s,Approved,2025-02-21T16:41:42Z,,272a1fc51e7a4da584101aad9cdd2601,06752260,USGS,Lincoln
USGS-06752280,00060,00003,2022-07-24,68.4,ft^3/s,Approved,2025-02-24T16:24:39Z,,af36731baeac4ee5a7a5b5d47e298ee3,06752280,USGS,Boxelder
USGS-06752260,00060,00003,2022-07-25,66.2,ft^3/s,Approved,2025-02-21T16:41:42Z,,272a1fc51e7a4da584101aad9cdd2601,06752260,USGS,Lincoln
USGS-06752280,00060,00003,2022-07-25,73,ft^3/s,Approved,2025-02-24T16:24:39Z,,af36731baeac4ee5a7a5b5d47e298ee3,06752280,USGS,Boxelder
USGS-06752260,00060,00003,2022-07-26,44.8,ft^3/s,Approved,2025-02-21T16:41:42Z,,272a1fc51e7a4da584101aad9cdd2601,06752260,USGS,Lincoln
USGS-06752280,00060,00003,2022-07-26,50.4,ft^3/s,Approved,2025-02-24T16:24:39Z,,af36731baeac4ee5a7a5b5d47e298ee3,06752280,USGS,Boxelder
USGS-06752260,00060,00003,2022-07-27,24.3,ft^3/s,Approved,2025-02-21T16:41:42Z,,272a1fc51e7a4da584101aad9cdd2601,06752260,USGS,Lincoln
USGS-06752280,00060,00003,2022-07-27,23.4,ft^3/s,Approved,2025-02-24T16:24:39Z,,af36731baeac4ee5a7a5b5d47e298ee3,06752280,USGS,Boxelder
USGS-06752260,00060,00003,2022-07-28,88.7,ft^3/s,Approved,2025-02-21T16:41:42Z,,272a1fc51e7a4da584101aad9cdd2601,06752260,USGS,Lincoln
USGS-06752280,00060,00003,2022-07-28,206,ft^3/s,Approved,2025-02-24T16:24:39Z,,af36731baeac4ee5a7a5b5d47e298ee3,06752280,USGS,Boxelder
USGS-06752260,00060,00003,2022-07-29,91.8,ft^3/s,Approved,2025-02-21T16:41:42Z,,272a1fc51e7a4da584101aad9cdd2601,06752260,USGS,Lincoln
USGS-06752280,00060,00003,2022-07-29,119,ft^3/s,Approved,2025-02-24T16:24:39Z,,af36731baeac4ee5a7a5b5d47e298ee3,06752280,USGS,Boxelder
USGS-06752260,00060,00003,2022-07-30,47.8,ft^3/s,Approved,2025-02-21T16:41:42Z,,272a1fc51e7a4da584101aad9cdd2601,06752260,USGS,Lincoln
USGS-06752280,00060,00003,2022-07-30,71.8,ft^3/s,Approved,2025-02-24T16:24:39Z,,af36731baeac4ee5a7a5b5d47e298ee3,06752280,USGS,Boxelder
USGS-06752260,00060,00003,2022-07-31,12.9,ft^3/s,Approved,2025-02-21T16:41:42Z,,272a1fc51e7a4da584101aad9cdd2601,06752260,USGS,Lincoln
USGS-06752280,00060,00003,2022-07-31,23.9,ft^3/s,Approved,2025-02-24T16:24:39Z,,af36731baeac4ee5a7a5b5d47e298ee3,06752280,USGS,Boxelder
USGS-06752260,00060,00003,2022-08-01,30.9,ft^3/s,Approved,2025-02-21T16:41:42Z,,272a1fc51e7a4da584101aad9cdd2601,06752260,USGS,Lincoln
USGS-06752280,00060,00003,2022-08-01,28.9,ft^3/s,Approved,2025-02-24T16:24:39Z,,af36731baeac4ee5a7a5b5d47e298ee3,06752280,USGS,Boxelder
USGS-06752260,00060,00003,2022-08-02,35.4,ft^3/s,Approved,2025-02-21T16:41:42Z,,272a1fc51e7a4da584101aad9cdd2601,06752260,USGS,Lincoln
USGS-06752280,00060,00003,2022-08-02,42.6,ft^3/s,Approved,2025-02-24T16:24:39Z,,af36731baeac4ee5a7a5b5d47e298ee3,06752280,USGS,Boxelder
USGS-06752260,00060,00003,2022-08-03,22.5,ft^3/s,Approved,2025-02-21T16:41:42Z,,272a1fc51e7a4da584101aad9cdd2601,06752260,USGS,Lincoln
USGS-06752280,00060,00003,2022-08-03,23.1,ft^3/s,Approved,2025-02-24T16:24:39Z,,af36731baeac4ee5a7a5b5d47e298ee3,06752280,USGS,Boxelder
USGS-06752260,00060,00003,2022-08-04,17.1,ft^3/s,Approved,2025-02-21T16:41:42Z,,272a1fc51e7a4da584101aad9cdd2601,06752260,USGS,Lincoln
USGS-06752280,00060,00003,2022-08-04,17.5,ft^3/s,Approved,2025-02-24T16:24:39Z,,af36731baeac4ee5a7a5b5d47e298ee3,06752280,USGS,Boxelder
USGS-06752260,00060,00003,2022-08-05,9.66,ft^3/s,Approved,2025-02-21T16:41:42Z,,272a1fc51e7a4da584101aad9cdd2601,06752260,USGS,Lincoln
USGS-06752280,00060,00003,2022-08-05,10.9,ft^3/s,Approved,2025-02-24T16:24:39Z,,af36731baeac4ee5a7a5b5d47e298ee3,06752280,USGS,Boxelder
USGS-06752260,00060,00003,2022-08-06,41.8,ft^3/s,Approved,2025-02-21T16:41:42Z,,272a1fc51e7a4da584101aad9cdd2601,06752260,USGS,Lincoln
USGS-06752280,00060,00003,2022-08-06,27.6,ft^3/s,Approved,2025-02-24T16:24:39Z,,af36731baeac4ee5a7a5b5d47e298ee3,06752280,USGS,Boxelder
USGS-06752260,00060,00003,2022-08-07,47.4,ft^3/s,Approved,2025-02-21T16:41:42Z,,272a1fc51e7a4da584101aad9cdd2601,06752260,USGS,Lincoln
USGS-06752280,00060,00003,2022-08-07,49,ft^3/s,Approved,2025-02-24T16:24:39Z,,af36731baeac4ee5a7a5b5d47e298ee3,06752280,USGS,Boxelder
USGS-06752260,00060,00003,2022-08-08,15.5,ft^3/s,Approved,2025-02-21T16:41:42Z,,272a1fc51e7a4da584101aad9cdd2601,06752260,USGS,Lincoln
USGS-06752280,00060,00003,2022-08-08,16.1,ft^3/s,Approved,2025-02-24T16:24:39Z,,af36731baeac4ee5a7a5b5d47e298ee3,06752280,USGS,Boxelder
USGS-06752260,00060,00003,2022-08-09,9.42,ft^3/s,Approved,2025-02-21T16:41:42Z,,272a1fc51e7a4da584101aad9cdd2601,06752260,USGS,Lincoln
USGS-06752280,00060,00003,2022-08-09,4.44,ft^3/s,Approved,2025-02-24T16:24:39Z,,af36731baeac4ee5a7a5b5d47e298ee3,06752280,USGS,Boxelder
USGS-06752260,00060,00003,2022-08-10,8.97,ft^3/s,Approved,2025-02-21T16:41:42Z,,272a1fc51e7a4da584101aad9cdd2601,06752260,USGS,Lincoln
USGS-06752280,00060,00003,2022-08-10,3.7,ft^3/s,Approved,2025-02-24T16:24:39Z,,af36731baeac4ee5a7a5b5d47e298ee3,06752280,USGS,Boxelder
USGS-06752260,00060,00003,2022-08-11,8.71,ft^3/s,Approved,2025-02-21T16:41:42Z,,272a1fc51e7a4da584101aad9cdd2601,06752260,USGS,Lincoln
USGS-06752280,00060,00003,2022-08-11,5.36,ft^3/s,Approved,2025-02-24T16:24:39Z,,af36731baeac4ee5a7a5b5d47e298ee3,06752280,USGS,Boxelder
USGS-06752260,00060,00003,2022-08-12,10.6,ft^3/s,Approved,2025-02-21T16:41:42Z,,272a1fc51e7a4da584101aad9cdd2601,06752260,USGS,Lincoln
USGS-06752280,00060,00003,2022-08-12,4.73,ft^3/s,Approved,2025-02-24T16:24:39Z,,af36731baeac4ee5a7a5b5d47e298ee3,06752280,USGS,Boxelder
USGS-06752260,00060,00003,2022-08-13,18.9,ft^3/s,Approved,2025-02-21T16:41:42Z,,272a1fc51e7a4da584101aad9cdd2601,06752260,USGS,Lincoln
USGS-06752280,00060,00003,2022-08-13,7.55,ft^3/s,Approved,2025-02-24T16:24:39Z,,af36731baeac4ee5a7a5b5d47e298ee3,06752280,USGS,Boxelder
USGS-06752260,00060,00003,2022-08-14,43.7,ft^3/s,Approved,2025-02-21T16:41:42Z,,272a1fc51e7a4da584101aad9cdd2601,06752260,USGS,Lincoln
USGS-06752280,00060,00003,2022-08-14,34.6,ft^3/s,Approved,2025-02-24T16:24:39Z,,af36731baeac4ee5a7a5b5d47e298ee3,06752280,USGS,Boxelder
USGS-06752260,00060,00003,2022-08-15,61.4,ft^3/s,Approved,2025-02-21T16:41:42Z,,272a1fc51e7a4da584101aad9cdd2601,06752260,USGS,Lincoln
USGS-06752280,00060,00003,2022-08-15,57.8,ft^3/s,Approved,2025-02-24T16:24:39Z,,af36731baeac4ee5a7a5b5d47e298ee3,06752280,USGS,Boxelder
USGS-06752260,00060,00003,2022-08-16,191,ft^3/s,Approved,2025-02-21T16:41:42Z,,272a1fc51e7a4da584101aad9cdd2601,06752260,USGS,Lincoln
USGS-06752280,00060,00003,2022-08-16,183,ft^3/s,Approved,2025-02-24T16:24:39Z,,af36731baeac4ee5a7a5b5d47e298ee3,06752280,USGS,Boxelder
USGS-06752260,00060,00003,2022-08-17,108,ft^3/s,Approved,2025-02-21T16:41:42Z,,272a1fc51e7a4da584101aad9cdd2601,06752260,USGS,Lincoln
USGS-06752280,00060,00003,2022-08-17,112,ft^3/s,Approved,2025-02-24T16:24:39Z,,af36731baeac4ee5a7a5b5d47e298ee3,06752280,USGS,Boxelder
USGS-06752260,00060,00003,2022-08-18,68.8,ft^3/s,Approved,2025-02-21T16:41:42Z,,272a1fc51e7a4da584101aad9cdd2601,06752260,USGS,Lincoln
USGS-06752280,00060,00003,2022-08-18,73.2,ft^3/s,Approved,2025-02-24T16:24:39Z,,af36731baeac4ee5a7a5b5d47e298ee3,06752280,USGS,Boxelder
USGS-06752260,00060,00003,2022-08-19,22.3,ft^3/s,Approved,2025-02-21T16:41:42Z,,272a1fc51e7a4da584101aad9cdd2601,06752260,USGS,Lincoln
USGS-06752280,00060,00003,2022-08-19,17.1,ft^3/s,Approved,2025-02-24T16:24:39Z,,af36731baeac4ee5a7a5b5d47e298ee3,06752280,USGS,Boxelder
USGS-06752260,00060,00003,2022-08-20,21,ft^3/s,Approved,2025-02-21T16:41:42Z,,272a1fc51e7a4da584101aad9cdd2601,06752260,USGS,Lincoln
USGS-06752280,00060,00003,2022-08-20,13.6,ft^3/s,Approved,2025-02-24T16:24:39Z,,af36731baeac4ee5a7a5b5d47e298ee3,06752280,USGS,Boxelder
USGS-06752260,00060,00003,2022-08-21,21.5,ft^3/s,Approved,2025-02-21T16:41:42Z,,272a1fc51e7a4da584101aad9cdd2601,06752260,USGS,Lincoln
USGS-06752280,00060,00003,2022-08-21,16.1,ft^3/s,Approved,2025-02-24T16:24:39Z,,af36731baeac4ee5a7a5b5d47e298ee3,06752280,USGS,Boxelder
USGS-06752260,00060,00003,2022-08-22,54,ft^3/s,Approved,2025-02-21T16:41:42Z,,272a1fc51e7a4da584101aad9cdd2601,06752260,USGS,Lincoln
USGS-06752280,00060,00003,2022-08-22,41.1,ft^3/s,Approved,2025-02-24T16:24:39Z,,af36731baeac4ee5a7a5b5d47e298ee3,06752280,USGS,Boxelder
USGS-06752260,00060,00003,2022-08-23,30.3,ft^3/s,Approved,2025-02-21T16:41:42Z,,272a1fc51e7a4da584101aad9cdd2601,06752260,USGS,Lincoln
USGS-06752280,00060,00003,2022-08-23,32.9,ft^3/s,Approved,2025-02-24T16:24:39Z,,af36731baeac4ee5a7a5b5d47e298ee3,06752280,USGS,Boxelder
USGS-06752260,00060,00003,2022-08-24,11.6,ft^3/s,Approved,2025-02-21T16:41:42Z,,272a1fc51e7a4da584101aad9cdd2601,06752260,USGS,Lincoln
USGS-06752280,00060,00003,2022-08-24,9.82,ft^3/s,Approved,2025-02-24T16:24:39Z,,af36731baeac4ee5a7a5b5d47e298ee3,06752280,USGS,Boxelder
USGS-06752260,00060,00003,2022-08-25,97.9,ft^3/s,Approved,2025-02-21T16:41:42Z,,272a1fc51e7a4da584101aad9cdd2601,06752260,USGS,Lincoln
USGS-06752280,00060,00003,2022-08-25,74.5,ft^3/s,Approved,2025-02-24T16:24:39Z,,af36731baeac4ee5a7a5b5d47e298ee3,06752280,USGS,Boxelder
USGS-06752260,00060,00003,2022-08-26,134,ft^3/s,Approved,2025-02-21T16:41:42Z,,272a1fc51e7a4da584101aad9cdd2601,06752260,USGS,Lincoln
USGS-06752280,00060,00003,2022-08-26,135,ft^3/s,Approved,2025-02-24T16:24:39Z,ESTIMATED,af36731baeac4ee5a7a5b5d47e298ee3,06752280,USGS,Boxelder
USGS-06752260,00060,00003,2022-08-27,145,ft^3/s,Approved,2025-02-21T16:41:42Z,,272a1fc51e7a4da584101aad9cdd2601,06752260,USGS,Lincoln
USGS-06752280,00060,00003,2022-08-27,143,ft^3/s,Approved,2025-02-24T16:24:39Z,ESTIMATED,af36731baeac4ee5a7a5b5d47e298ee3,06752280,USGS,Boxelder
USGS-06752260,00060,00003,2022-08-28,137,ft^3/s,Approved,2025-02-21T16:41:42Z,,272a1fc51e7a4da584101aad9cdd2601,06752260,USGS,Lincoln
USGS-06752280,00060,00003,2022-08-28,148,ft^3/s,Approved,2025-02-24T16:24:39Z,ESTIMATED,af36731baeac4ee5a7a5b5d47e298ee3,06752280,USGS,Boxelder
USGS-06752260,00060,00003,2022-08-29,121,ft^3/s,Approved,2025-02-21T16:41:42Z,,272a1fc51e7a4da584101aad9cdd2601,06752260,USGS,Lincoln
USGS-06752280,00060,00003,2022-08-29,123,ft^3/s,Approved,2025-02-24T16:24:39Z,ESTIMATED,af36731baeac4ee5a7a5b5d47e298ee3,06752280,USGS,Boxelder
USGS-06752260,00060,00003,2022-08-30,152,ft^3/s,Approved,2025-02-21T16:41:42Z,,272a1fc51e7a4da584101aad9cdd2601,06752260,USGS,Lincoln
USGS-06752280,00060,00003,2022-08-30,142,ft^3/s,Approved,2025-02-24T16:24:39Z,ESTIMATED,af36731baeac4ee5a7a5b5d47e298ee3,06752280,USGS,Boxelder
USGS-06752260,00060,00003,2022-08-31,159,ft^3/s,Approved,2025-02-21T16:41:42Z,,272a1fc51e7a4da584101aad9cdd2601,06752260,USGS,Lincoln
USGS-06752280,00060,00003,2022-08-31,157,ft^3/s,Approved,2025-02-24T16:24:39Z,ESTIMATED,af36731baeac4ee5a7a5b5d47e298ee3,06752280,USGS,Boxelder
USGS-06752260,00060,00003,2022-09-01,67.6,ft^3/s,Approved,2025-02-21T16:41:42Z,,272a1fc51e7a4da584101aad9cdd2601,06752260,USGS,Lincoln
USGS-06752280,00060,00003,2022-09-01,83.9,ft^3/s,Approved,2025-02-24T16:24:39Z,ESTIMATED,af36731baeac4ee5a7a5b5d47e298ee3,06752280,USGS,Boxelder
USGS-06752260,00060,00003,2022-09-02,16,ft^3/s,Approved,2025-02-21T16:41:42Z,,272a1fc51e7a4da584101aad9cdd2601,06752260,USGS,Lincoln
USGS-06752280,00060,00003,2022-09-02,4.85,ft^3/s,Approved,2026-01-15T00:42:43Z,,af36731baeac4ee5a7a5b5d47e298ee3,06752280,USGS,Boxelder
USGS-06752260,00060,00003,2022-09-03,23.4,ft^3/s,Approved,2025-02-21T16:41:42Z,,272a1fc51e7a4da584101aad9cdd2601,06752260,USGS,Lincoln
USGS-06752280,00060,00003,2022-09-03,21.7,ft^3/s,Approved,2025-02-24T16:24:39Z,,af36731baeac4ee5a7a5b5d47e298ee3,06752280,USGS,Boxelder
USGS-06752260,00060,00003,2022-09-04,13.8,ft^3/s,Approved,2025-02-21T16:41:42Z,,272a1fc51e7a4da584101aad9cdd2601,06752260,USGS,Lincoln
USGS-06752280,00060,00003,2022-09-04,10,ft^3/s,Approved,2025-02-24T16:24:39Z,,af36731baeac4ee5a7a5b5d47e298ee3,06752280,USGS,Boxelder
USGS-06752260,00060,00003,2022-09-05,6.28,ft^3/s,Approved,2025-02-21T16:41:42Z,,272a1fc51e7a4da584101aad9cdd2601,06752260,USGS,Lincoln
USGS-06752280,00060,00003,2022-09-05,4.71,ft^3/s,Approved,2025-02-24T16:24:39Z,,af36731baeac4ee5a7a5b5d47e298ee3,06752280,USGS,Boxelder
USGS-06752260,00060,00003,2022-09-06,6.01,ft^3/s,Approved,2025-02-21T16:41:42Z,,272a1fc51e7a4da584101aad9cdd2601,06752260,USGS,Lincoln
USGS-06752280,00060,00003,2022-09-06,3.12,ft^3/s,Approved,2025-02-24T16:24:39Z,,af36731baeac4ee5a7a5b5d47e298ee3,06752280,USGS,Boxelder
USGS-06752260,00060,00003,2022-09-07,7.99,ft^3/s,Approved,2025-02-21T16:41:42Z,,272a1fc51e7a4da584101aad9cdd2601,06752260,USGS,Lincoln
USGS-06752280,00060,00003,2022-09-07,2,ft^3/s,Approved,2025-02-24T16:24:39Z,,af36731baeac4ee5a7a5b5d47e298ee3,06752280,USGS,Boxelder
USGS-06752260,00060,00003,2022-09-08,18.4,ft^3/s,Approved,2025-02-21T16:41:42Z,,272a1fc51e7a4da584101aad9cdd2601,06752260,USGS,Lincoln
USGS-06752280,00060,00003,2022-09-08,10.7,ft^3/s,Approved,2025-02-24T16:24:39Z,,af36731baeac4ee5a7a5b5d47e298ee3,06752280,USGS,Boxelder
USGS-06752260,00060,00003,2022-09-09,15,ft^3/s,Approved,2025-02-21T16:41:42Z,,272a1fc51e7a4da584101aad9cdd2601,06752260,USGS,Lincoln
USGS-06752280,00060,00003,2022-09-09,12.7,ft^3/s,Approved,2025-02-24T16:24:39Z,,af36731baeac4ee5a7a5b5d47e298ee3,06752280,USGS,Boxelder
USGS-06752260,00060,00003,2022-09-10,17.5,ft^3/s,Approved,2025-02-21T16:41:42Z,,272a1fc51e7a4da584101aad9cdd2601,06752260,USGS,Lincoln
USGS-06752280,00060,00003,2022-09-10,31.4,ft^3/s,Approved,2025-02-24T16:24:39Z,,af36731baeac4ee5a7a5b5d47e298ee3,06752280,USGS,Boxelder
USGS-06752260,00060,00003,2022-09-11,26.6,ft^3/s,Approved,2025-02-21T16:41:42Z,,272a1fc51e7a4da584101aad9cdd2601,06752260,USGS,Lincoln
USGS-06752280,00060,00003,2022-09-11,23.7,ft^3/s,Approved,2025-02-24T16:24:39Z,,af36731baeac4ee5a7a5b5d47e298ee3,06752280,USGS,Boxelder
USGS-06752260,00060,00003,2022-09-12,35,ft^3/s,Approved,2025-02-21T16:41:42Z,,272a1fc51e7a4da584101aad9cdd2601,06752260,USGS,Lincoln
USGS-06752280,00060,00003,2022-09-12,33.1,ft^3/s,Approved,2025-02-24T16:24:39Z,,af36731baeac4ee5a7a5b5d47e298ee3,06752280,USGS,Boxelder
USGS-06752260,00060,00003,2022-09-13,19.2,ft^3/s,Approved,2025-02-21T16:41:42Z,,272a1fc51e7a4da584101aad9cdd2601,06752260,USGS,Lincoln
USGS-06752280,00060,00003,2022-09-13,18.6,ft^3/s,Approved,2025-02-24T16:24:39Z,,af36731baeac4ee5a7a5b5d47e298ee3,06752280,USGS,Boxelder
USGS-06752260,00060,00003,2022-09-14,10.3,ft^3/s,Approved,2025-02-21T16:41:42Z,,272a1fc51e7a4da584101aad9cdd2601,06752260,USGS,Lincoln
USGS-06752280,00060,00003,2022-09-14,9.82,ft^3/s,Approved,2025-02-24T16:24:39Z,,af36731baeac4ee5a7a5b5d47e298ee3,06752280,USGS,Boxelder
USGS-06752260,00060,00003,2022-09-15,18.3,ft^3/s,Approved,2025-02-21T16:41:42Z,,272a1fc51e7a4da584101aad9cdd2601,06752260,USGS,Lincoln
USGS-06752280,00060,00003,2022-09-15,17.3,ft^3/s,Approved,2025-02-24T16:24:39Z,,af36731baeac4ee5a7a5b5d47e298ee3,06752280,USGS,Boxelder
USGS-06752260,00060,00003,2022-09-16,30.5,ft^3/s,Approved,2025-02-21T16:41:42Z,,272a1fc51e7a4da584101aad9cdd2601,06752260,USGS,Lincoln
USGS-06752280,00060,00003,2022-09-16,33.1,ft^3/s,Approved,2025-02-24T16:24:39Z,,af36731baeac4ee5a7a5b5d47e298ee3,06752280,USGS,Boxelder
USGS-06752260,00060,00003,2022-09-17,17.9,ft^3/s,Approved,2025-02-21T16:41:42Z,,272a1fc51e7a4da584101aad9cdd2601,06752260,USGS,Lincoln
USGS-06752280,00060,00003,2022-09-17,19.6,ft^3/s,Approved,2025-02-24T16:24:39Z,,af36731baeac4ee5a7a5b5d47e298ee3,06752280,USGS,Boxelder
USGS-06752260,00060,00003,2022-09-18,17.9,ft^3/s,Approved,2025-02-21T16:41:42Z,,272a1fc51e7a4da584101aad9cdd2601,06752260,USGS,Lincoln
USGS-06752280,00060,00003,2022-09-18,17.6,ft^3/s,Approved,2025-02-24T16:24:39Z,,af36731baeac4ee5a7a5b5d47e298ee3,06752280,USGS,Boxelder
USGS-06752260,00060,00003,2022-09-19,13.9,ft^3/s,Approved,2025-02-21T16:41:42Z,,272a1fc51e7a4da584101aad9cdd2601,06752260,USGS,Lincoln
USGS-06752280,00060,00003,2022-09-19,16.5,ft^3/s,Approved,2025-02-24T16:24:39Z,,af36731baeac4ee5a7a5b5d47e298ee3,06752280,USGS,Boxelder
USGS-06752260,00060,00003,2022-09-20,10.1,ft^3/s,Approved,2025-02-21T16:41:42Z,,272a1fc51e7a4da584101aad9cdd2601,06752260,USGS,Lincoln
USGS-06752280,00060,00003,2022-09-20,11.7,ft^3/s,Approved,2025-02-24T16:24:39Z,,af36731baeac4ee5a7a5b5d47e298ee3,06752280,USGS,Boxelder
USGS-06752260,00060,00003,2022-09-21,10.9,ft^3/s,Approved,2025-02-21T16:41:42Z,,272a1fc51e7a4da584101aad9cdd2601,06752260,USGS,Lincoln
USGS-06752280,00060,00003,2022-09-21,16.4,ft^3/s,Approved,2025-02-24T16:24:39Z,,af36731baeac4ee5a7a5b5d47e298ee3,06752280,USGS,Boxelder
USGS-06752260,00060,00003,2022-09-22,33.7,ft^3/s,Approved,2025-02-21T16:41:42Z,,272a1fc51e7a4da584101aad9cdd2601,06752260,USGS,Lincoln
USGS-06752280,00060,00003,2022-09-22,48.9,ft^3/s,Approved,2025-02-24T16:24:39Z,,af36731baeac4ee5a7a5b5d47e298ee3,06752280,USGS,Boxelder
USGS-06752260,00060,00003,2022-09-23,39.2,ft^3/s,Approved,2025-02-21T16:41:42Z,,272a1fc51e7a4da584101aad9cdd2601,06752260,USGS,Lincoln
USGS-06752280,00060,00003,2022-09-23,51,ft^3/s,Approved,2025-02-24T16:24:39Z,,af36731baeac4ee5a7a5b5d47e298ee3,06752280,USGS,Boxelder
USGS-06752260,00060,00003,2022-09-24,22.4,ft^3/s,Approved,2025-02-21T16:41:42Z,,272a1fc51e7a4da584101aad9cdd2601,06752260,USGS,Lincoln
USGS-06752280,00060,00003,2022-09-24,28.6,ft^3/s,Approved,2025-02-24T16:24:39Z,,af36731baeac4ee5a7a5b5d47e298ee3,06752280,USGS,Boxelder
USGS-06752260,00060,00003,2022-09-25,15.8,ft^3/s,Approved,2025-02-21T16:41:42Z,,272a1fc51e7a4da584101aad9cdd2601,06752260,USGS,Lincoln
USGS-06752280,00060,00003,2022-09-25,20.4,ft^3/s,Approved,2025-02-24T16:24:39Z,,af36731baeac4ee5a7a5b5d47e298ee3,06752280,USGS,Boxelder
USGS-06752260,00060,00003,2022-09-26,12.8,ft^3/s,Approved,2025-02-21T16:41:42Z,,272a1fc51e7a4da584101aad9cdd2601,06752260,USGS,Lincoln
USGS-06752280,00060,00003,2022-09-26,14.2,ft^3/s,Approved,2025-02-24T16:24:39Z,,af36731baeac4ee5a7a5b5d47e298ee3,06752280,USGS,Boxelder
USGS-06752260,00060,00003,2022-09-27,9.11,ft^3/s,Approved,2025-02-21T16:41:42Z,,272a1fc51e7a4da584101aad9cdd2601,06752260,USGS,Lincoln
USGS-06752280,00060,00003,2022-09-27,10.4,ft^3/s,Approved,2025-02-24T16:24:39Z,,af36731baeac4ee5a7a5b5d47e298ee3,06752280,USGS,Boxelder
USGS-06752260,00060,00003,2022-09-28,5.32,ft^3/s,Approved,2025-02-21T16:41:42Z,,272a1fc51e7a4da584101aad9cdd2601,06752260,USGS,Lincoln
USGS-06752280,00060,00003,2022-09-28,4.91,ft^3/s,Approved,2025-02-24T16:24:39Z,,af36731baeac4ee5a7a5b5d47e298ee3,06752280,USGS,Boxelder
USGS-06752260,00060,00003,2022-09-29,5.95,ft^3/s,Approved,2025-02-21T16:41:42Z,,272a1fc51e7a4da584101aad9cdd2601,06752260,USGS,Lincoln
USGS-06752280,00060,00003,2022-09-29,3.1,ft^3/s,Approved,2025-02-24T16:24:39Z,,af36731baeac4ee5a7a5b5d47e298ee3,06752280,USGS,Boxelder
USGS-06752260,00060,00003,2022-09-30,8.69,ft^3/s,Approved,2025-02-21T16:41:42Z,,272a1fc51e7a4da584101aad9cdd2601,06752260,USGS,Lincoln
USGS-06752280,00060,00003,2022-09-30,6.76,ft^3/s,Approved,2025-02-24T16:24:39Z,,af36731baeac4ee5a7a5b5d47e298ee3,06752280,USGS,Boxelder
USGS-06752260,00060,00003,2022-10-01,18.5,ft^3/s,Approved,2025-02-21T16:41:42Z,,272a1fc51e7a4da584101aad9cdd2601,06752260,USGS,Lincoln
USGS-06752280,00060,00003,2022-10-01,13.7,ft^3/s,Approved,2025-02-24T16:24:39Z,,af36731baeac4ee5a7a5b5d47e298ee3,06752280,USGS,Boxelder
USGS-06752260,00060,00003,2022-10-02,19.2,ft^3/s,Approved,2025-02-21T16:41:42Z,,272a1fc51e7a4da584101aad9cdd2601,06752260,USGS,Lincoln
USGS-06752280,00060,00003,2022-10-02,14.7,ft^3/s,Approved,2025-02-24T16:24:39Z,,af36731baeac4ee5a7a5b5d47e298ee3,06752280,USGS,Boxelder
USGS-06752260,00060,00003,2022-10-03,14.2,ft^3/s,Approved,2025-02-21T16:41:42Z,,272a1fc51e7a4da584101aad9cdd2601,06752260,USGS,Lincoln
USGS-06752280,00060,00003,2022-10-03,13.8,ft^3/s,Approved,2025-02-24T16:24:39Z,,af36731baeac4ee5a7a5b5d47e298ee3,06752280,USGS,Boxelder
USGS-06752260,00060,00003,2022-10-04,9.86,ft^3/s,Approved,2025-02-21T16:41:42Z,,272a1fc51e7a4da584101aad9cdd2601,06752260,USGS,Lincoln
USGS-06752280,00060,00003,2022-10-04,7,ft^3/s,Approved,2025-02-24T16:24:39Z,,af36731baeac4ee5a7a5b5d47e298ee3,06752280,USGS,Boxelder
USGS-06752260,00060,00003,2022-10-05,10.5,ft^3/s,Approved,2025-02-21T16:41:42Z,,272a1fc51e7a4da584101aad9cdd2601,06752260,USGS,Lincoln
USGS-06752280,00060,00003,2022-10-05,7.64,ft^3/s,Approved,2025-02-24T16:24:39Z,,af36731baeac4ee5a7a5b5d47e298ee3,06752280,USGS,Boxelder
USGS-06752260,00060,00003,2022-10-06,7.02,ft^3/s,Approved,2025-02-21T16:41:42Z,,272a1fc51e7a4da584101aad9cdd2601,06752260,USGS,Lincoln
USGS-06752280,00060,00003,2022-10-06,5.69,ft^3/s,Approved,2025-02-24T16:24:39Z,,af36731baeac4ee5a7a5b5d47e298ee3,06752280,USGS,Boxelder
USGS-06752260,00060,00003,2022-10-07,5.8,ft^3/s,Approved,2025-02-21T16:41:42Z,,272a1fc51e7a4da584101aad9cdd2601,06752260,USGS,Lincoln
USGS-06752280,00060,00003,2022-10-07,3.54,ft^3/s,Approved,2025-02-24T16:24:39Z,,af36731baeac4ee5a7a5b5d47e298ee3,06752280,USGS,Boxelder
USGS-06752260,00060,00003,2022-10-08,6.11,ft^3/s,Approved,2025-02-21T16:41:42Z,,272a1fc51e7a4da584101aad9cdd2601,06752260,USGS,Lincoln
USGS-06752280,00060,00003,2022-10-08,4.14,ft^3/s,Approved,2025-02-24T16:24:39Z,,af36731baeac4ee5a7a5b5d47e298ee3,06752280,USGS,Boxelder
USGS-06752260,00060,00003,2022-10-09,10.8,ft^3/s,Approved,2025-02-21T16:41:42Z,ESTIMATED,272a1fc51e7a4da584101aad9cdd2601,06752260,USGS,Lincoln
USGS-06752280,00060,00003,2022-10-09,5.87,ft^3/s,Approved,2025-02-24T16:24:39Z,,af36731baeac4ee5a7a5b5d47e298ee3,06752280,USGS,Boxelder
USGS-06752260,00060,00003,2022-10-10,12.5,ft^3/s,Approved,2026-01-14T23:29:26Z,,272a1fc51e7a4da584101aad9cdd2601,06752260,USGS,Lincoln
USGS-06752280,00060,00003,2022-10-10,8.11,ft^3/s,Approved,2025-02-24T16:24:39Z,,af36731baeac4ee5a7a5b5d47e298ee3,06752280,USGS,Boxelder
USGS-06752260,00060,00003,2022-10-11,10.3,ft^3/s,Approved,2025-02-21T16:41:42Z,,272a1fc51e7a4da584101aad9cdd2601,06752260,USGS,Lincoln
USGS-06752280,00060,00003,2022-10-11,7.86,ft^3/s,Approved,2025-02-24T16:24:39Z,,af36731baeac4ee5a7a5b5d47e298ee3,06752280,USGS,Boxelder
USGS-06752260,00060,00003,2022-10-12,12.4,ft^3/s,Approved,2025-02-21T16:41:42Z,,272a1fc51e7a4da584101aad9cdd2601,06752260,USGS,Lincoln
USGS-06752280,00060,00003,2022-10-12,7.49,ft^3/s,Approved,2025-02-24T16:24:39Z,,af36731baeac4ee5a7a5b5d47e298ee3,06752280,USGS,Boxelder
USGS-06752260,00060,00003,2022-10-13,12.8,ft^3/s,Approved,2025-02-21T16:41:42Z,,272a1fc51e7a4da584101aad9cdd2601,06752260,USGS,Lincoln
USGS-06752280,00060,00003,2022-10-13,8.44,ft^3/s,Approved,2025-02-24T16:24:39Z,,af36731baeac4ee5a7a5b5d47e298ee3,06752280,USGS,Boxelder
USGS-06752260,00060,00003,2022-10-14,13.4,ft^3/s,Approved,2025-02-21T16:41:42Z,,272a1fc51e7a4da584101aad9cdd2601,06752260,USGS,Lincoln
USGS-06752280,00060,00003,2022-10-14,11.3,ft^3/s,Approved,2025-02-24T16:24:39Z,,af36731baeac4ee5a7a5b5d47e298ee3,06752280,USGS,Boxelder
USGS-06752260,00060,00003,2022-10-15,11.3,ft^3/s,Approved,2025-02-21T16:41:42Z,,272a1fc51e7a4da584101aad9cdd2601,06752260,USGS,Lincoln
USGS-06752280,00060,00003,2022-10-15,10.3,ft^3/s,Approved,2025-02-24T16:24:39Z,,af36731baeac4ee5a7a5b5d47e298ee3,06752280,USGS,Boxelder
USGS-06752260,00060,00003,2022-10-16,10.9,ft^3/s,Approved,2025-02-21T16:41:42Z,,272a1fc51e7a4da584101aad9cdd2601,06752260,USGS,Lincoln
USGS-06752280,00060,00003,2022-10-16,8.24,ft^3/s,Approved,2025-02-24T16:24:39Z,,af36731baeac4ee5a7a5b5d47e298ee3,06752280,USGS,Boxelder
USGS-06752260,00060,00003,2022-10-17,11.2,ft^3/s,Approved,2025-02-21T16:41:42Z,,272a1fc51e7a4da584101aad9cdd2601,06752260,USGS,Lincoln
USGS-06752280,00060,00003,2022-10-17,9.81,ft^3/s,Approved,2025-02-24T16:24:39Z,,af36731baeac4ee5a7a5b5d47e298ee3,06752280,USGS,Boxelder
USGS-06752260,00060,00003,2022-10-18,11.9,ft^3/s,Approved,2025-02-21T16:41:42Z,,272a1fc51e7a4da584101aad9cdd2601,06752260,USGS,Lincoln
USGS-06752280,00060,00003,2022-10-18,16,ft^3/s,Approved,2025-02-24T16:24:39Z,,af36731baeac4ee5a7a5b5d47e298ee3,06752280,USGS,Boxelder
USGS-06752260,00060,00003,2022-10-19,13.9,ft^3/s,Approved,2025-02-21T16:41:42Z,,272a1fc51e7a4da584101aad9cdd2601,06752260,USGS,Lincoln
USGS-06752280,00060,00003,2022-10-19,22,ft^3/s,Approved,2025-02-24T16:24:39Z,,af36731baeac4ee5a7a5b5d47e298ee3,06752280,USGS,Boxelder
USGS-06752260,00060,00003,2022-10-20,17.2,ft^3/s,Approved,2025-02-21T16:41:42Z,,272a1fc51e7a4da584101aad9cdd2601,06752260,USGS,Lincoln
USGS-06752280,00060,00003,2022-10-20,17.5,ft^3/s,Approved,2025-02-24T16:24:39Z,,af36731baeac4ee5a7a5b5d47e298ee3,06752280,USGS,Boxelder
USGS-06752260,00060,00003,2022-10-21,27.6,ft^3/s,Approved,2025-02-21T16:41:42Z,,272a1fc51e7a4da584101aad9cdd2601,06752260,USGS,Lincoln
USGS-06752280,00060,00003,2022-10-21,35.7,ft^3/s,Approved,2025-02-24T16:24:39Z,,af36731baeac4ee5a7a5b5d47e298ee3,06752280,USGS,Boxelder
USGS-06752260,00060,00003,2022-10-22,106,ft^3/s,Approved,2025-02-21T16:41:42Z,,272a1fc51e7a4da584101aad9cdd2601,06752260,USGS,Lincoln
USGS-06752280,00060,00003,2022-10-22,88.3,ft^3/s,Approved,2025-02-24T16:24:39Z,,af36731baeac4ee5a7a5b5d47e298ee3,06752280,USGS,Boxelder
USGS-06752260,00060,00003,2022-10-23,220,ft^3/s,Approved,2025-02-21T16:41:42Z,,272a1fc51e7a4da584101aad9cdd2601,06752260,USGS,Lincoln
USGS-06752280,00060,00003,2022-10-23,217,ft^3/s,Approved,2025-02-24T16:24:39Z,,af36731baeac4ee5a7a5b5d47e298ee3,06752280,USGS,Boxelder
USGS-06752260,00060,00003,2022-10-24,208,ft^3/s,Approved,2025-02-21T16:41:42Z,,272a1fc51e7a4da584101aad9cdd2601,06752260,USGS,Lincoln
USGS-06752280,00060,00003,2022-10-24,207,ft^3/s,Approved,2025-02-24T16:24:39Z,,af36731baeac4ee5a7a5b5d47e298ee3,06752280,USGS,Boxelder
USGS-06752260,00060,00003,2022-10-25,218,ft^3/s,Approved,2025-02-21T16:41:42Z,,272a1fc51e7a4da584101aad9cdd2601,06752260,USGS,Lincoln
USGS-06752280,00060,00003,2022-10-25,215,ft^3/s,Approved,2025-02-24T16:24:39Z,,af36731baeac4ee5a7a5b5d47e298ee3,06752280,USGS,Boxelder
USGS-06752260,00060,00003,2022-10-26,244,ft^3/s,Approved,2025-02-21T16:41:42Z,,272a1fc51e7a4da584101aad9cdd2601,06752260,USGS,Lincoln
USGS-06752280,00060,00003,2022-10-26,240,ft^3/s,Approved,2025-02-24T16:24:39Z,,af36731baeac4ee5a7a5b5d47e298ee3,06752280,USGS,Boxelder
USGS-06752260,00060,00003,2022-10-27,255,ft^3/s,Approved,2025-02-21T16:41:42Z,,272a1fc51e7a4da584101aad9cdd2601,06752260,USGS,Lincoln
USGS-06752280,00060,00003,2022-10-27,258,ft^3/s,Approved,2025-02-24T16:24:39Z,,af36731baeac4ee5a7a5b5d47e298ee3,06752280,USGS,Boxelder
USGS-06752260,00060,00003,2022-10-28,249,ft^3/s,Approved,2025-02-21T16:41:42Z,,272a1fc51e7a4da584101aad9cdd2601,06752260,USGS,Lincoln
USGS-06752280,00060,00003,2022-10-28,268,ft^3/s,Approved,2025-02-24T16:24:39Z,,af36731baeac4ee5a7a5b5d47e298ee3,06752280,USGS,Boxelder
USGS-06752260,00060,00003,2022-10-29,242,ft^3/s,Approved,2025-02-21T16:41:42Z,,272a1fc51e7a4da584101aad9cdd2601,06752260,USGS,Lincoln
USGS-06752280,00060,00003,2022-10-29,277,ft^3/s,Approved,2025-02-24T16:24:39Z,,af36731baeac4ee5a7a5b5d47e298ee3,06752280,USGS,Boxelder
USGS-06752260,00060,00003,2022-10-30,120,ft^3/s,Approved,2025-02-21T16:41:42Z,,272a1fc51e7a4da584101aad9cdd2601,06752260,USGS,Lincoln
USGS-06752280,00060,00003,2022-10-30,149,ft^3/s,Approved,2025-02-24T16:24:39Z,,af36731baeac4ee5a7a5b5d47e298ee3,06752280,USGS,Boxelder
USGS-06752260,00060,00003,2022-10-31,13,ft^3/s,Approved,2025-02-21T16:41:42Z,,272a1fc51e7a4da584101aad9cdd2601,06752260,USGS,Lincoln
USGS-06752280,00060,00003,2022-10-31,15.1,ft^3/s,Approved,2025-02-24T16:24:39Z,,af36731baeac4ee5a7a5b5d47e298ee3,06752280,USGS,Boxelder
USGS-06752260,00060,00003,2022-11-01,11.6,ft^3/s,Approved,2025-02-21T16:41:42Z,,272a1fc51e7a4da584101aad9cdd2601,06752260,USGS,Lincoln
USGS-06752280,00060,00003,2022-11-01,10,ft^3/s,Approved,2025-02-24T16:24:39Z,,af36731baeac4ee5a7a5b5d47e298ee3,06752280,USGS,Boxelder
USGS-06752260,00060,00003,2022-11-02,11.4,ft^3/s,Approved,2025-02-21T16:41:42Z,,272a1fc51e7a4da584101aad9cdd2601,06752260,USGS,Lincoln
USGS-06752280,00060,00003,2022-11-02,1.63,ft^3/s,Approved,2025-02-24T16:24:39Z,,af36731baeac4ee5a7a5b5d47e298ee3,06752280,USGS,Boxelder
USGS-06752260,00060,00003,2022-11-03,11.6,ft^3/s,Approved,2025-02-21T16:41:42Z,,272a1fc51e7a4da584101aad9cdd2601,06752260,USGS,Lincoln
USGS-06752280,00060,00003,2022-11-03,2.03,ft^3/s,Approved,2025-02-24T16:24:39Z,ESTIMATED,af36731baeac4ee5a7a5b5d47e298ee3,06752280,USGS,Boxelder
USGS-06752260,00060,00003,2022-11-04,11.6,ft^3/s,Approved,2025-02-21T16:41:42Z,,272a1fc51e7a4da584101aad9cdd2601,06752260,USGS,Lincoln
USGS-06752280,00060,00003,2022-11-04,1.96,ft^3/s,Approved,2025-02-24T16:24:39Z,ESTIMATED,af36731baeac4ee5a7a5b5d47e298ee3,06752280,USGS,Boxelder
USGS-06752260,00060,00003,2022-11-05,11.5,ft^3/s,Approved,2025-02-21T16:41:42Z,,272a1fc51e7a4da584101aad9cdd2601,06752260,USGS,Lincoln
USGS-06752280,00060,00003,2022-11-05,1.98,ft^3/s,Approved,2025-02-24T16:24:39Z,ESTIMATED,af36731baeac4ee5a7a5b5d47e298ee3,06752280,USGS,Boxelder
USGS-06752260,00060,00003,2022-11-06,11.7,ft^3/s,Approved,2025-02-21T16:41:42Z,,272a1fc51e7a4da584101aad9cdd2601,06752260,USGS,Lincoln
USGS-06752280,00060,00003,2022-11-06,2.01,ft^3/s,Approved,2025-02-24T16:24:39Z,ESTIMATED,af36731baeac4ee5a7a5b5d47e298ee3,06752280,USGS,Boxelder
USGS-06752260,00060,00003,2022-11-07,11.6,ft^3/s,Approved,2025-02-21T16:41:42Z,,272a1fc51e7a4da584101aad9cdd2601,06752260,USGS,Lincoln
USGS-06752280,00060,00003,2022-11-07,2.03,ft^3/s,Approved,2025-02-24T16:24:39Z,ESTIMATED,af36731baeac4ee5a7a5b5d47e298ee3,06752280,USGS,Boxelder
USGS-06752260,00060,00003,2022-11-08,11.4,ft^3/s,Approved,2025-02-21T16:41:42Z,,272a1fc51e7a4da584101aad9cdd2601,06752260,USGS,Lincoln
USGS-06752280,00060,00003,2022-11-08,2.08,ft^3/s,Approved,2025-02-24T16:24:39Z,ESTIMATED,af36731baeac4ee5a7a5b5d47e298ee3,06752280,USGS,Boxelder
USGS-06752260,00060,00003,2022-11-09,11.4,ft^3/s,Approved,2025-02-21T16:41:42Z,,272a1fc51e7a4da584101aad9cdd2601,06752260,USGS,Lincoln
USGS-06752280,00060,00003,2022-11-09,2.1,ft^3/s,Approved,2025-02-24T16:24:39Z,ESTIMATED,af36731baeac4ee5a7a5b5d47e298ee3,06752280,USGS,Boxelder
USGS-06752260,00060,00003,2022-11-10,11.1,ft^3/s,Approved,2025-02-21T16:41:42Z,,272a1fc51e7a4da584101aad9cdd2601,06752260,USGS,Lincoln
USGS-06752280,00060,00003,2022-11-10,2.15,ft^3/s,Approved,2025-02-24T16:24:39Z,ESTIMATED,af36731baeac4ee5a7a5b5d47e298ee3,06752280,USGS,Boxelder
USGS-06752260,00060,00003,2022-11-11,10.9,ft^3/s,Approved,2025-02-21T16:41:42Z,,272a1fc51e7a4da584101aad9cdd2601,06752260,USGS,Lincoln
USGS-06752280,00060,00003,2022-11-11,2.2,ft^3/s,Approved,2025-02-24T16:24:39Z,ESTIMATED,af36731baeac4ee5a7a5b5d47e298ee3,06752280,USGS,Boxelder
USGS-06752260,00060,00003,2022-11-12,10.6,ft^3/s,Approved,2025-02-21T16:41:42Z,,272a1fc51e7a4da584101aad9cdd2601,06752260,USGS,Lincoln
USGS-06752280,00060,00003,2022-11-12,2.21,ft^3/s,Approved,2025-02-24T16:24:39Z,ESTIMATED,af36731baeac4ee5a7a5b5d47e298ee3,06752280,USGS,Boxelder
USGS-06752260,00060,00003,2022-11-13,10.7,ft^3/s,Approved,2025-02-21T16:41:42Z,,272a1fc51e7a4da584101aad9cdd2601,06752260,USGS,Lincoln
USGS-06752280,00060,00003,2022-11-13,2.22,ft^3/s,Approved,2025-02-24T16:24:39Z,ESTIMATED,af36731baeac4ee5a7a5b5d47e298ee3,06752280,USGS,Boxelder
USGS-06752260,00060,00003,2022-11-14,11.6,ft^3/s,Approved,2025-02-21T16:41:42Z,,272a1fc51e7a4da584101aad9cdd2601,06752260,USGS,Lincoln
USGS-06752280,00060,00003,2022-11-14,2.23,ft^3/s,Approved,2025-02-24T16:24:39Z,ESTIMATED,af36731baeac4ee5a7a5b5d47e298ee3,06752280,USGS,Boxelder
USGS-06752260,00060,00003,2022-11-15,11.4,ft^3/s,Approved,2025-02-21T16:41:42Z,,272a1fc51e7a4da584101aad9cdd2601,06752260,USGS,Lincoln
USGS-06752280,00060,00003,2022-11-15,2.26,ft^3/s,Approved,2025-02-24T16:24:39Z,ESTIMATED,af36731baeac4ee5a7a5b5d47e298ee3,06752280,USGS,Boxelder
USGS-06752260,00060,00003,2022-11-16,11.1,ft^3/s,Approved,2025-02-21T16:41:42Z,,272a1fc51e7a4da584101aad9cdd2601,06752260,USGS,Lincoln
USGS-06752280,00060,00003,2022-11-16,2.29,ft^3/s,Approved,2025-02-24T16:24:39Z,ESTIMATED,af36731baeac4ee5a7a5b5d47e298ee3,06752280,USGS,Boxelder
USGS-06752260,00060,00003,2022-11-17,10.9,ft^3/s,Approved,2025-02-21T16:41:42Z,,272a1fc51e7a4da584101aad9cdd2601,06752260,USGS,Lincoln
USGS-06752280,00060,00003,2022-11-17,2.31,ft^3/s,Approved,2025-02-24T16:24:39Z,ESTIMATED,af36731baeac4ee5a7a5b5d47e298ee3,06752280,USGS,Boxelder
USGS-06752260,00060,00003,2022-11-18,10.7,ft^3/s,Approved,2025-02-21T16:41:42Z,ESTIMATED,272a1fc51e7a4da584101aad9cdd2601,06752260,USGS,Lincoln
USGS-06752280,00060,00003,2022-11-18,2.35,ft^3/s,Approved,2025-02-24T16:24:39Z,ESTIMATED,af36731baeac4ee5a7a5b5d47e298ee3,06752280,USGS,Boxelder
USGS-06752260,00060,00003,2022-11-19,10.8,ft^3/s,Approved,2025-02-21T16:41:42Z,ESTIMATED,272a1fc51e7a4da584101aad9cdd2601,06752260,USGS,Lincoln
USGS-06752280,00060,00003,2022-11-19,2.39,ft^3/s,Approved,2025-02-24T16:24:39Z,ESTIMATED,af36731baeac4ee5a7a5b5d47e298ee3,06752280,USGS,Boxelder
USGS-06752260,00060,00003,2022-11-20,10.9,ft^3/s,Approved,2025-02-21T16:41:42Z,ESTIMATED,272a1fc51e7a4da584101aad9cdd2601,06752260,USGS,Lincoln
USGS-06752280,00060,00003,2022-11-20,2.41,ft^3/s,Approved,2025-02-24T16:24:39Z,ESTIMATED,af36731baeac4ee5a7a5b5d47e298ee3,06752280,USGS,Boxelder
USGS-06752260,00060,00003,2022-11-21,11.1,ft^3/s,Approved,2026-01-14T23:29:26Z,,272a1fc51e7a4da584101aad9cdd2601,06752260,USGS,Lincoln
USGS-06752280,00060,00003,2022-11-21,2.41,ft^3/s,Approved,2025-02-24T16:24:39Z,ESTIMATED,af36731baeac4ee5a7a5b5d47e298ee3,06752280,USGS,Boxelder
USGS-06752260,00060,00003,2022-11-22,11.4,ft^3/s,Approved,2025-02-21T16:41:42Z,,272a1fc51e7a4da584101aad9cdd2601,06752260,USGS,Lincoln
USGS-06752280,00060,00003,2022-11-22,2.46,ft^3/s,Approved,2025-02-24T16:24:39Z,ESTIMATED,af36731baeac4ee5a7a5b5d47e298ee3,06752280,USGS,Boxelder
USGS-06752260,00060,00003,2022-11-23,11.3,ft^3/s,Approved,2025-02-21T16:41:42Z,,272a1fc51e7a4da584101aad9cdd2601,06752260,USGS,Lincoln
USGS-06752280,00060,00003,2022-11-23,2.51,ft^3/s,Approved,2025-02-24T16:24:39Z,ESTIMATED,af36731baeac4ee5a7a5b5d47e298ee3,06752280,USGS,Boxelder
USGS-06752260,00060,00003,2022-11-24,11.2,ft^3/s,Approved,2025-02-21T16:41:42Z,,272a1fc51e7a4da584101aad9cdd2601,06752260,USGS,Lincoln
USGS-06752280,00060,00003,2022-11-24,2.55,ft^3/s,Approved,2025-02-24T16:24:39Z,ESTIMATED,af36731baeac4ee5a7a5b5d47e298ee3,06752280,USGS,Boxelder
USGS-06752260,00060,00003,2022-11-25,11.2,ft^3/s,Approved,2025-02-21T16:41:42Z,,272a1fc51e7a4da584101aad9cdd2601,06752260,USGS,Lincoln
USGS-06752280,00060,00003,2022-11-25,2.59,ft^3/s,Approved,2025-02-24T16:24:39Z,ESTIMATED,af36731baeac4ee5a7a5b5d47e298ee3,06752280,USGS,Boxelder
USGS-06752260,00060,00003,2022-11-26,11.1,ft^3/s,Approved,2025-02-21T16:41:42Z,,272a1fc51e7a4da584101aad9cdd2601,06752260,USGS,Lincoln
USGS-06752280,00060,00003,2022-11-26,2.63,ft^3/s,Approved,2025-02-24T16:24:39Z,ESTIMATED,af36731baeac4ee5a7a5b5d47e298ee3,06752280,USGS,Boxelder
USGS-06752260,00060,00003,2022-11-27,11.7,ft^3/s,Approved,2025-02-21T16:41:42Z,,272a1fc51e7a4da584101aad9cdd2601,06752260,USGS,Lincoln
USGS-06752280,00060,00003,2022-11-27,2.7,ft^3/s,Approved,2025-02-24T16:24:39Z,ESTIMATED,af36731baeac4ee5a7a5b5d47e298ee3,06752280,USGS,Boxelder
USGS-06752260,00060,00003,2022-11-28,11.2,ft^3/s,Approved,2025-02-21T16:41:42Z,,272a1fc51e7a4da584101aad9cdd2601,06752260,USGS,Lincoln
USGS-06752280,00060,00003,2022-11-28,2.77,ft^3/s,Approved,2025-02-24T16:24:39Z,ESTIMATED,af36731baeac4ee5a7a5b5d47e298ee3,06752280,USGS,Boxelder
USGS-06752260,00060,00003,2022-11-29,11.1,ft^3/s,Approved,2025-02-21T16:41:42Z,,272a1fc51e7a4da584101aad9cdd2601,06752260,USGS,Lincoln
USGS-06752280,00060,00003,2022-11-29,2.83,ft^3/s,Approved,2025-02-24T16:24:39Z,ESTIMATED,af36731baeac4ee5a7a5b5d47e298ee3,06752280,USGS,Boxelder
USGS-06752260,00060,00003,2022-11-30,10.5,ft^3/s,Approved,2025-02-21T16:41:42Z,ESTIMATED,272a1fc51e7a4da584101aad9cdd2601,06752260,USGS,Lincoln
USGS-06752280,00060,00003,2022-11-30,2.81,ft^3/s,Approved,2025-02-24T16:24:39Z,ESTIMATED,af36731baeac4ee5a7a5b5d47e298ee3,06752280,USGS,Boxelder
USGS-06752260,00060,00003,2022-12-01,10.8,ft^3/s,Approved,2025-02-21T16:41:42Z,ESTIMATED,272a1fc51e7a4da584101aad9cdd2601,06752260,USGS,Lincoln
USGS-06752280,00060,00003,2022-12-01,2.75,ft^3/s,Approved,2026-01-15T00:42:43Z,,af36731baeac4ee5a7a5b5d47e298ee3,06752280,USGS,Boxelder
USGS-06752260,00060,00003,2022-12-02,11.3,ft^3/s,Approved,2026-01-14T23:29:26Z,,272a1fc51e7a4da584101aad9cdd2601,06752260,USGS,Lincoln
USGS-06752280,00060,00003,2022-12-02,2.93,ft^3/s,Approved,2025-02-24T16:24:39Z,,af36731baeac4ee5a7a5b5d47e298ee3,06752280,USGS,Boxelder
USGS-06752260,00060,00003,2022-12-03,11.1,ft^3/s,Approved,2025-02-21T16:41:42Z,,272a1fc51e7a4da584101aad9cdd2601,06752260,USGS,Lincoln
USGS-06752280,00060,00003,2022-12-03,2.65,ft^3/s,Approved,2025-02-24T16:24:39Z,,af36731baeac4ee5a7a5b5d47e298ee3,06752280,USGS,Boxelder
USGS-06752260,00060,00003,2022-12-04,10.7,ft^3/s,Approved,2025-02-21T16:41:42Z,,272a1fc51e7a4da584101aad9cdd2601,06752260,USGS,Lincoln
USGS-06752280,00060,00003,2022-12-04,2.59,ft^3/s,Approved,2025-02-24T16:24:39Z,,af36731baeac4ee5a7a5b5d47e298ee3,06752280,USGS,Boxelder
USGS-06752260,00060,00003,2022-12-05,11,ft^3/s,Approved,2025-02-21T16:41:42Z,,272a1fc51e7a4da584101aad9cdd2601,06752260,USGS,Lincoln
USGS-06752280,00060,00003,2022-12-05,2.59,ft^3/s,Approved,2025-02-24T16:24:39Z,,af36731baeac4ee5a7a5b5d47e298ee3,06752280,USGS,Boxelder
USGS-06752260,00060,00003,2022-12-06,10.9,ft^3/s,Approved,2025-02-21T16:41:42Z,,272a1fc51e7a4da584101aad9cdd2601,06752260,USGS,Lincoln
USGS-06752280,00060,00003,2022-12-06,2.55,ft^3/s,Approved,2025-02-24T16:24:39Z,,af36731baeac4ee5a7a5b5d47e298ee3,06752280,USGS,Boxelder
USGS-06752260,00060,00003,2022-12-07,10.4,ft^3/s,Approved,2025-02-21T16:41:42Z,,272a1fc51e7a4da584101aad9cdd2601,06752260,USGS,Lincoln
USGS-06752280,00060,00003,2022-12-07,2.56,ft^3/s,Approved,2025-02-24T16:24:39Z,,af36731baeac4ee5a7a5b5d47e298ee3,06752280,USGS,Boxelder
USGS-06752260,00060,00003,2022-12-08,10.2,ft^3/s,Approved,2025-02-21T16:41:42Z,,272a1fc51e7a4da584101aad9cdd2601,06752260,USGS,Lincoln
USGS-06752280,00060,00003,2022-12-08,2.5,ft^3/s,Approved,2025-02-24T16:24:39Z,,af36731baeac4ee5a7a5b5d47e298ee3,06752280,USGS,Boxelder
USGS-06752260,00060,00003,2022-12-09,10,ft^3/s,Approved,2025-02-21T16:41:42Z,,272a1fc51e7a4da584101aad9cdd2601,06752260,USGS,Lincoln
USGS-06752280,00060,00003,2022-12-09,2.45,ft^3/s,Approved,2025-02-24T16:24:39Z,,af36731baeac4ee5a7a5b5d47e298ee3,06752280,USGS,Boxelder
USGS-06752260,00060,00003,2022-12-10,9.51,ft^3/s,Approved,2025-02-21T16:41:42Z,,272a1fc51e7a4da584101aad9cdd2601,06752260,USGS,Lincoln
USGS-06752280,00060,00003,2022-12-10,2.42,ft^3/s,Approved,2025-02-24T16:24:39Z,,af36731baeac4ee5a7a5b5d47e298ee3,06752280,USGS,Boxelder
USGS-06752260,00060,00003,2022-12-11,10.4,ft^3/s,Approved,2025-02-21T16:41:42Z,,272a1fc51e7a4da584101aad9cdd2601,06752260,USGS,Lincoln
USGS-06752280,00060,00003,2022-12-11,2.45,ft^3/s,Approved,2025-02-24T16:24:39Z,,af36731baeac4ee5a7a5b5d47e298ee3,06752280,USGS,Boxelder
USGS-06752260,00060,00003,2022-12-12,14.5,ft^3/s,Approved,2025-02-21T16:41:42Z,,272a1fc51e7a4da584101aad9cdd2601,06752260,USGS,Lincoln
USGS-06752280,00060,00003,2022-12-12,2.42,ft^3/s,Approved,2025-02-24T16:24:39Z,,af36731baeac4ee5a7a5b5d47e298ee3,06752280,USGS,Boxelder
USGS-06752260,00060,00003,2022-12-13,14.3,ft^3/s,Approved,2025-02-21T16:41:42Z,ESTIMATED,272a1fc51e7a4da584101aad9cdd2601,06752260,USGS,Lincoln
USGS-06752280,00060,00003,2022-12-13,2.32,ft^3/s,Approved,2025-02-24T16:24:39Z,,af36731baeac4ee5a7a5b5d47e298ee3,06752280,USGS,Boxelder
USGS-06752260,00060,00003,2022-12-14,11.7,ft^3/s,Approved,2025-02-21T16:41:42Z,ESTIMATED,272a1fc51e7a4da584101aad9cdd2601,06752260,USGS,Lincoln
USGS-06752280,00060,00003,2022-12-14,2.53,ft^3/s,Approved,2025-02-24T16:24:39Z,,af36731baeac4ee5a7a5b5d47e298ee3,06752280,USGS,Boxelder
USGS-06752260,00060,00003,2022-12-15,12.7,ft^3/s,Approved,2025-02-21T16:41:42Z,ESTIMATED,272a1fc51e7a4da584101aad9cdd2601,06752260,USGS,Lincoln
USGS-06752280,00060,00003,2022-12-15,2.37,ft^3/s,Approved,2025-02-24T16:24:39Z,,af36731baeac4ee5a7a5b5d47e298ee3,06752280,USGS,Boxelder
USGS-06752260,00060,00003,2022-12-16,10.6,ft^3/s,Approved,2025-02-21T16:41:42Z,ESTIMATED,272a1fc51e7a4da584101aad9cdd2601,06752260,USGS,Lincoln
USGS-06752280,00060,00003,2022-12-16,2.64,ft^3/s,Approved,2025-02-24T16:24:39Z,,af36731baeac4ee5a7a5b5d47e298ee3,06752280,USGS,Boxelder
USGS-06752260,00060,00003,2022-12-17,8.37,ft^3/s,Approved,2025-02-21T16:41:42Z,ESTIMATED,272a1fc51e7a4da584101aad9cdd2601,06752260,USGS,Lincoln
USGS-06752280,00060,00003,2022-12-17,2.38,ft^3/s,Approved,2025-02-24T16:24:39Z,,af36731baeac4ee5a7a5b5d47e298ee3,06752280,USGS,Boxelder
USGS-06752260,00060,00003,2022-12-18,7.81,ft^3/s,Approved,2025-02-21T16:41:42Z,ESTIMATED,272a1fc51e7a4da584101aad9cdd2601,06752260,USGS,Lincoln
USGS-06752280,00060,00003,2022-12-18,2.26,ft^3/s,Approved,2025-02-24T16:24:39Z,,af36731baeac4ee5a7a5b5d47e298ee3,06752280,USGS,Boxelder
USGS-06752260,00060,00003,2022-12-19,9.54,ft^3/s,Approved,2025-02-21T16:41:42Z,ESTIMATED,272a1fc51e7a4da584101aad9cdd2601,06752260,USGS,Lincoln
USGS-06752280,00060,00003,2022-12-19,2.27,ft^3/s,Approved,2025-02-24T16:24:39Z,,af36731baeac4ee5a7a5b5d47e298ee3,06752280,USGS,Boxelder
USGS-06752260,00060,00003,2022-12-20,10.8,ft^3/s,Approved,2026-01-14T23:29:26Z,,272a1fc51e7a4da584101aad9cdd2601,06752260,USGS,Lincoln
USGS-06752280,00060,00003,2022-12-20,2.14,ft^3/s,Approved,2025-02-24T16:24:39Z,,af36731baeac4ee5a7a5b5d47e298ee3,06752280,USGS,Boxelder
USGS-06752260,00060,00003,2022-12-21,10.4,ft^3/s,Approved,2025-02-21T16:41:42Z,ESTIMATED,272a1fc51e7a4da584101aad9cdd2601,06752260,USGS,Lincoln
USGS-06752280,00060,00003,2022-12-21,2.46,ft^3/s,Approved,2025-02-24T16:24:39Z,ESTIMATED,af36731baeac4ee5a7a5b5d47e298ee3,06752280,USGS,Boxelder
USGS-06752260,00060,00003,2022-12-22,11.9,ft^3/s,Approved,2025-02-21T16:41:42Z,ESTIMATED,272a1fc51e7a4da584101aad9cdd2601,06752260,USGS,Lincoln
USGS-06752280,00060,00003,2022-12-22,2.93,ft^3/s,Approved,2025-02-24T16:24:39Z,ESTIMATED,af36731baeac4ee5a7a5b5d47e298ee3,06752280,USGS,Boxelder
USGS-06752260,00060,00003,2022-12-23,11.9,ft^3/s,Approved,2025-02-21T16:41:42Z,ESTIMATED,272a1fc51e7a4da584101aad9cdd2601,06752260,USGS,Lincoln
USGS-06752280,00060,00003,2022-12-23,2.96,ft^3/s,Approved,2025-02-24T16:24:39Z,ESTIMATED,af36731baeac4ee5a7a5b5d47e298ee3,06752280,USGS,Boxelder
USGS-06752260,00060,00003,2022-12-24,11.4,ft^3/s,Approved,2025-02-21T16:41:42Z,ESTIMATED,272a1fc51e7a4da584101aad9cdd2601,06752260,USGS,Lincoln
USGS-06752280,00060,00003,2022-12-24,3,ft^3/s,Approved,2025-02-24T16:24:39Z,ESTIMATED,af36731baeac4ee5a7a5b5d47e298ee3,06752280,USGS,Boxelder
USGS-06752260,00060,00003,2022-12-25,11,ft^3/s,Approved,2025-02-21T16:41:42Z,ESTIMATED,272a1fc51e7a4da584101aad9cdd2601,06752260,USGS,Lincoln
USGS-06752280,00060,00003,2022-12-25,2.99,ft^3/s,Approved,2025-02-24T16:24:39Z,ESTIMATED,af36731baeac4ee5a7a5b5d47e298ee3,06752280,USGS,Boxelder
USGS-06752260,00060,00003,2022-12-26,10.9,ft^3/s,Approved,2025-02-21T16:41:42Z,ESTIMATED,272a1fc51e7a4da584101aad9cdd2601,06752260,USGS,Lincoln
USGS-06752280,00060,00003,2022-12-26,2.99,ft^3/s,Approved,2025-02-24T16:24:39Z,ESTIMATED,af36731baeac4ee5a7a5b5d47e298ee3,06752280,USGS,Boxelder
USGS-06752260,00060,00003,2022-12-27,10.3,ft^3/s,Approved,2026-01-14T23:29:26Z,,272a1fc51e7a4da584101aad9cdd2601,06752260,USGS,Lincoln
USGS-06752280,00060,00003,2022-12-27,2.99,ft^3/s,Approved,2025-02-24T16:24:39Z,ESTIMATED,af36731baeac4ee5a7a5b5d47e298ee3,06752280,USGS,Boxelder
USGS-06752260,00060,00003,2022-12-28,8.32,ft^3/s,Approved,2025-02-21T16:41:42Z,,272a1fc51e7a4da584101aad9cdd2601,06752260,USGS,Lincoln
USGS-06752280,00060,00003,2022-12-28,2.99,ft^3/s,Approved,2025-02-24T16:24:39Z,ESTIMATED,af36731baeac4ee5a7a5b5d47e298ee3,06752280,USGS,Boxelder
USGS-06752260,00060,00003,2022-12-29,6.83,ft^3/s,Approved,2025-02-21T16:41:42Z,,272a1fc51e7a4da584101aad9cdd2601,06752260,USGS,Lincoln
USGS-06752280,00060,00003,2022-12-29,2.99,ft^3/s,Approved,2025-02-24T16:24:39Z,ESTIMATED,af36731baeac4ee5a7a5b5d47e298ee3,06752280,USGS,Boxelder
USGS-06752260,00060,00003,2022-12-30,5.62,ft^3/s,Approved,2025-02-21T16:41:42Z,,272a1fc51e7a4da584101aad9cdd2601,06752260,USGS,Lincoln
USGS-06752280,00060,00003,2022-12-30,2.99,ft^3/s,Approved,2025-02-24T16:24:39Z,ESTIMATED,af36731baeac4ee5a7a5b5d47e298ee3,06752280,USGS,Boxelder
USGS-06752260,00060,00003,2022-12-31,6.32,ft^3/s,Approved,2025-02-21T16:41:42Z,,272a1fc51e7a4da584101aad9cdd2601,06752260,USGS,Lincoln
USGS-06752280,00060,00003,2022-12-31,2.99,ft^3/s,Approved,2025-02-24T16:24:39Z,ESTIMATED,af36731baeac4ee5a7a5b5d47e298ee3,06752280,USGS,Boxelder
USGS-06752260,00060,00003,2023-01-01,5.21,ft^3/s,Approved,2025-02-21T16:41:42Z,,272a1fc51e7a4da584101aad9cdd2601,06752260,USGS,Lincoln
USGS-06752280,00060,00003,2023-01-01,2.99,ft^3/s,Approved,2025-02-24T16:24:39Z,ESTIMATED,af36731baeac4ee5a7a5b5d47e298ee3,06752280,USGS,Boxelder
USGS-06752260,00060,00003,2023-01-02,4.91,ft^3/s,Approved,2025-02-21T16:41:42Z,,272a1fc51e7a4da584101aad9cdd2601,06752260,USGS,Lincoln
USGS-06752280,00060,00003,2023-01-02,2.99,ft^3/s,Approved,2025-02-24T16:24:39Z,ESTIMATED,af36731baeac4ee5a7a5b5d47e298ee3,06752280,USGS,Boxelder
USGS-06752260,00060,00003,2023-01-03,4.73,ft^3/s,Approved,2025-02-21T16:41:42Z,,272a1fc51e7a4da584101aad9cdd2601,06752260,USGS,Lincoln
USGS-06752280,00060,00003,2023-01-03,2.99,ft^3/s,Approved,2025-02-24T16:24:39Z,ESTIMATED,af36731baeac4ee5a7a5b5d47e298ee3,06752280,USGS,Boxelder
USGS-06752260,00060,00003,2023-01-04,4.61,ft^3/s,Approved,2025-02-21T16:41:42Z,ESTIMATED,272a1fc51e7a4da584101aad9cdd2601,06752260,USGS,Lincoln
USGS-06752280,00060,00003,2023-01-04,3.01,ft^3/s,Approved,2025-02-24T16:24:39Z,ESTIMATED,af36731baeac4ee5a7a5b5d47e298ee3,06752280,USGS,Boxelder
USGS-06752260,00060,00003,2023-01-05,4.74,ft^3/s,Approved,2025-02-21T16:41:42Z,ESTIMATED,272a1fc51e7a4da584101aad9cdd2601,06752260,USGS,Lincoln
USGS-06752280,00060,00003,2023-01-05,3.02,ft^3/s,Approved,2025-02-24T16:24:39Z,ESTIMATED,af36731baeac4ee5a7a5b5d47e298ee3,06752280,USGS,Boxelder
USGS-06752260,00060,00003,2023-01-06,4.78,ft^3/s,Approved,2026-01-14T23:29:26Z,,272a1fc51e7a4da584101aad9cdd2601,06752260,USGS,Lincoln
USGS-06752280,00060,00003,2023-01-06,3.01,ft^3/s,Approved,2025-02-24T16:24:39Z,ESTIMATED,af36731baeac4ee5a7a5b5d47e298ee3,06752280,USGS,Boxelder
USGS-06752260,00060,00003,2023-01-07,4.78,ft^3/s,Approved,2025-02-21T16:41:42Z,,272a1fc51e7a4da584101aad9cdd2601,06752260,USGS,Lincoln
USGS-06752280,00060,00003,2023-01-07,3.01,ft^3/s,Approved,2025-02-24T16:24:39Z,ESTIMATED,af36731baeac4ee5a7a5b5d47e298ee3,06752280,USGS,Boxelder
USGS-06752260,00060,00003,2023-01-08,4.65,ft^3/s,Approved,2025-02-21T16:41:42Z,,272a1fc51e7a4da584101aad9cdd2601,06752260,USGS,Lincoln
USGS-06752280,00060,00003,2023-01-08,3.01,ft^3/s,Approved,2025-02-24T16:24:39Z,ESTIMATED,af36731baeac4ee5a7a5b5d47e298ee3,06752280,USGS,Boxelder
USGS-06752260,00060,00003,2023-01-09,4.6,ft^3/s,Approved,2025-02-21T16:41:42Z,,272a1fc51e7a4da584101aad9cdd2601,06752260,USGS,Lincoln
USGS-06752280,00060,00003,2023-01-09,3.03,ft^3/s,Approved,2025-02-24T16:24:39Z,ESTIMATED,af36731baeac4ee5a7a5b5d47e298ee3,06752280,USGS,Boxelder
USGS-06752260,00060,00003,2023-01-10,4.55,ft^3/s,Approved,2025-02-21T16:41:42Z,,272a1fc51e7a4da584101aad9cdd2601,06752260,USGS,Lincoln
USGS-06752280,00060,00003,2023-01-10,3.06,ft^3/s,Approved,2025-02-24T16:24:39Z,ESTIMATED,af36731baeac4ee5a7a5b5d47e298ee3,06752280,USGS,Boxelder
USGS-06752260,00060,00003,2023-01-11,4.89,ft^3/s,Approved,2025-02-21T16:41:42Z,,272a1fc51e7a4da584101aad9cdd2601,06752260,USGS,Lincoln
USGS-06752280,00060,00003,2023-01-11,3.06,ft^3/s,Approved,2025-02-24T16:24:39Z,ESTIMATED,af36731baeac4ee5a7a5b5d47e298ee3,06752280,USGS,Boxelder
USGS-06752260,00060,00003,2023-01-12,5.07,ft^3/s,Approved,2025-02-21T16:41:42Z,,272a1fc51e7a4da584101aad9cdd2601,06752260,USGS,Lincoln
USGS-06752280,00060,00003,2023-01-12,3.22,ft^3/s,Approved,2025-02-24T16:24:39Z,ESTIMATED,af36731baeac4ee5a7a5b5d47e298ee3,06752280,USGS,Boxelder
USGS-06752260,00060,00003,2023-01-13,6.99,ft^3/s,Approved,2025-02-21T16:41:42Z,,272a1fc51e7a4da584101aad9cdd2601,06752260,USGS,Lincoln
USGS-06752280,00060,00003,2023-01-13,3.21,ft^3/s,Approved,2026-01-15T00:42:43Z,,af36731baeac4ee5a7a5b5d47e298ee3,06752280,USGS,Boxelder
USGS-06752260,00060,00003,2023-01-14,7.15,ft^3/s,Approved,2025-02-21T16:41:42Z,,272a1fc51e7a4da584101aad9cdd2601,06752260,USGS,Lincoln
USGS-06752280,00060,00003,2023-01-14,3.15,ft^3/s,Approved,2025-02-24T16:24:39Z,,af36731baeac4ee5a7a5b5d47e298ee3,06752280,USGS,Boxelder
USGS-06752260,00060,00003,2023-01-15,7.09,ft^3/s,Approved,2025-02-21T16:41:42Z,,272a1fc51e7a4da584101aad9cdd2601,06752260,USGS,Lincoln
USGS-06752280,00060,00003,2023-01-15,3.1,ft^3/s,Approved,2025-02-24T16:24:39Z,,af36731baeac4ee5a7a5b5d47e298ee3,06752280,USGS,Boxelder
USGS-06752260,00060,00003,2023-01-16,7.6,ft^3/s,Approved,2025-02-21T16:41:42Z,,272a1fc51e7a4da584101aad9cdd2601,06752260,USGS,Lincoln
USGS-06752280,00060,00003,2023-01-16,3.05,ft^3/s,Approved,2025-02-24T16:24:39Z,,af36731baeac4ee5a7a5b5d47e298ee3,06752280,USGS,Boxelder
USGS-06752260,00060,00003,2023-01-17,9.36,ft^3/s,Approved,2025-02-21T16:41:42Z,,272a1fc51e7a4da584101aad9cdd2601,06752260,USGS,Lincoln
USGS-06752280,00060,00003,2023-01-17,2.97,ft^3/s,Approved,2025-02-24T16:24:39Z,ESTIMATED,af36731baeac4ee5a7a5b5d47e298ee3,06752280,USGS,Boxelder
USGS-06752260,00060,00003,2023-01-18,9.53,ft^3/s,Approved,2025-02-21T16:41:42Z,,272a1fc51e7a4da584101aad9cdd2601,06752260,USGS,Lincoln
USGS-06752280,00060,00003,2023-01-18,3.1,ft^3/s,Approved,2025-02-24T16:24:39Z,ESTIMATED,af36731baeac4ee5a7a5b5d47e298ee3,06752280,USGS,Boxelder
USGS-06752260,00060,00003,2023-01-19,9.15,ft^3/s,Approved,2025-02-21T16:41:42Z,ESTIMATED,272a1fc51e7a4da584101aad9cdd2601,06752260,USGS,Lincoln
USGS-06752280,00060,00003,2023-01-19,3.44,ft^3/s,Approved,2025-02-24T16:24:39Z,ESTIMATED,af36731baeac4ee5a7a5b5d47e298ee3,06752280,USGS,Boxelder
USGS-06752260,00060,00003,2023-01-20,8.45,ft^3/s,Approved,2025-02-21T16:41:42Z,ESTIMATED,272a1fc51e7a4da584101aad9cdd2601,06752260,USGS,Lincoln
USGS-06752280,00060,00003,2023-01-20,3.31,ft^3/s,Approved,2026-01-15T00:42:43Z,,af36731baeac4ee5a7a5b5d47e298ee3,06752280,USGS,Boxelder
USGS-06752260,00060,00003,2023-01-21,9.19,ft^3/s,Approved,2026-01-14T23:29:26Z,,272a1fc51e7a4da584101aad9cdd2601,06752260,USGS,Lincoln
USGS-06752280,00060,00003,2023-01-21,3.1,ft^3/s,Approved,2025-02-24T16:24:39Z,,af36731baeac4ee5a7a5b5d47e298ee3,06752280,USGS,Boxelder
USGS-06752260,00060,00003,2023-01-22,9.31,ft^3/s,Approved,2025-02-21T16:41:42Z,,272a1fc51e7a4da584101aad9cdd2601,06752260,USGS,Lincoln
USGS-06752280,00060,00003,2023-01-22,3.21,ft^3/s,Approved,2025-02-24T16:24:39Z,,af36731baeac4ee5a7a5b5d47e298ee3,06752280,USGS,Boxelder
USGS-06752260,00060,00003,2023-01-23,9.14,ft^3/s,Approved,2025-02-21T16:41:42Z,,272a1fc51e7a4da584101aad9cdd2601,06752260,USGS,Lincoln
USGS-06752280,00060,00003,2023-01-23,3.15,ft^3/s,Approved,2025-02-24T16:24:39Z,,af36731baeac4ee5a7a5b5d47e298ee3,06752280,USGS,Boxelder
USGS-06752260,00060,00003,2023-01-24,9.09,ft^3/s,Approved,2025-02-21T16:41:42Z,,272a1fc51e7a4da584101aad9cdd2601,06752260,USGS,Lincoln
USGS-06752280,00060,00003,2023-01-24,3.01,ft^3/s,Approved,2025-02-24T16:24:39Z,,af36731baeac4ee5a7a5b5d47e298ee3,06752280,USGS,Boxelder
USGS-06752260,00060,00003,2023-01-25,9.06,ft^3/s,Approved,2025-02-21T16:41:42Z,,272a1fc51e7a4da584101aad9cdd2601,06752260,USGS,Lincoln
USGS-06752280,00060,00003,2023-01-25,2.75,ft^3/s,Approved,2025-02-24T16:24:39Z,,af36731baeac4ee5a7a5b5d47e298ee3,06752280,USGS,Boxelder
USGS-06752260,00060,00003,2023-01-26,10.2,ft^3/s,Approved,2025-02-21T16:41:42Z,ESTIMATED,272a1fc51e7a4da584101aad9cdd2601,06752260,USGS,Lincoln
USGS-06752280,00060,00003,2023-01-26,2.72,ft^3/s,Approved,2025-02-24T16:24:39Z,,af36731baeac4ee5a7a5b5d47e298ee3,06752280,USGS,Boxelder
USGS-06752260,00060,00003,2023-01-27,8.93,ft^3/s,Approved,2026-01-14T23:29:26Z,,272a1fc51e7a4da584101aad9cdd2601,06752260,USGS,Lincoln
USGS-06752280,00060,00003,2023-01-27,2.59,ft^3/s,Approved,2025-02-24T16:24:39Z,,af36731baeac4ee5a7a5b5d47e298ee3,06752280,USGS,Boxelder
USGS-06752260,00060,00003,2023-01-28,9.81,ft^3/s,Approved,2025-02-21T16:41:42Z,ESTIMATED,272a1fc51e7a4da584101aad9cdd2601,06752260,USGS,Lincoln
USGS-06752280,00060,00003,2023-01-28,2.53,ft^3/s,Approved,2025-02-24T16:24:39Z,,af36731baeac4ee5a7a5b5d47e298ee3,06752280,USGS,Boxelder
USGS-06752260,00060,00003,2023-01-29,9.32,ft^3/s,Approved,2025-02-21T16:41:42Z,ESTIMATED,272a1fc51e7a4da584101aad9cdd2601,06752260,USGS,Lincoln
USGS-06752280,00060,00003,2023-01-29,2.53,ft^3/s,Approved,2025-02-24T16:24:39Z,ESTIMATED,af36731baeac4ee5a7a5b5d47e298ee3,06752280,USGS,Boxelder
USGS-06752260,00060,00003,2023-01-30,9.39,ft^3/s,Approved,2026-01-14T23:29:26Z,ESTIMATED,272a1fc51e7a4da584101aad9cdd2601,06752260,USGS,Lincoln
USGS-06752280,00060,00003,2023-01-30,2.61,ft^3/s,Approved,2025-02-24T16:24:39Z,ESTIMATED,af36731baeac4ee5a7a5b5d47e298ee3,06752280,USGS,Boxelder
USGS-06752260,00060,00003,2023-01-31,9.77,ft^3/s,Approved,2025-02-21T16:41:42Z,"ESTIMATED, REVISED",272a1fc51e7a4da584101aad9cdd2601,06752260,USGS,Lincoln
USGS-06752280,00060,00003,2023-01-31,3.01,ft^3/s,Approved,2025-02-24T16:24:39Z,ESTIMATED,af36731baeac4ee5a7a5b5d47e298ee3,06752280,USGS,Boxelder
USGS-06752260,00060,00003,2023-02-01,9.73,ft^3/s,Approved,2025-02-21T16:41:42Z,"ESTIMATED, REVISED",272a1fc51e7a4da584101aad9cdd2601,06752260,USGS,Lincoln
USGS-06752280,00060,00003,2023-02-01,3.01,ft^3/s,Approved,2025-02-24T16:24:39Z,ESTIMATED,af36731baeac4ee5a7a5b5d47e298ee3,06752280,USGS,Boxelder
USGS-06752260,00060,00003,2023-02-02,9.88,ft^3/s,Approved,2025-02-21T16:41:42Z,"ESTIMATED, REVISED",272a1fc51e7a4da584101aad9cdd2601,06752260,USGS,Lincoln
USGS-06752280,00060,00003,2023-02-02,2.94,ft^3/s,Approved,2025-02-24T16:24:39Z,ESTIMATED,af36731baeac4ee5a7a5b5d47e298ee3,06752280,USGS,Boxelder
USGS-06752260,00060,00003,2023-02-03,25.4,ft^3/s,Approved,2025-02-21T16:41:42Z,"ESTIMATED, REVISED",272a1fc51e7a4da584101aad9cdd2601,06752260,USGS,Lincoln
USGS-06752280,00060,00003,2023-02-03,2.9,ft^3/s,Approved,2025-02-24T16:24:39Z,ESTIMATED,af36731baeac4ee5a7a5b5d47e298ee3,06752280,USGS,Boxelder
USGS-06752260,00060,00003,2023-02-04,38.6,ft^3/s,Approved,2026-01-14T23:29:26Z,REVISED,272a1fc51e7a4da584101aad9cdd2601,06752260,USGS,Lincoln
USGS-06752280,00060,00003,2023-02-04,2.79,ft^3/s,Approved,2025-02-24T16:24:39Z,ESTIMATED,af36731baeac4ee5a7a5b5d47e298ee3,06752280,USGS,Boxelder
USGS-06752260,00060,00003,2023-02-05,31.7,ft^3/s,Approved,2025-02-21T16:41:42Z,REVISED,272a1fc51e7a4da584101aad9cdd2601,06752260,USGS,Lincoln
USGS-06752280,00060,00003,2023-02-05,2.66,ft^3/s,Approved,2026-01-15T00:42:43Z,,af36731baeac4ee5a7a5b5d47e298ee3,06752280,USGS,Boxelder
USGS-06752260,00060,00003,2023-02-06,23.2,ft^3/s,Approved,2025-02-21T16:41:42Z,REVISED,272a1fc51e7a4da584101aad9cdd2601,06752260,USGS,Lincoln
USGS-06752280,00060,00003,2023-02-06,2.56,ft^3/s,Approved,2025-02-24T16:24:39Z,,af36731baeac4ee5a7a5b5d47e298ee3,06752280,USGS,Boxelder
USGS-06752260,00060,00003,2023-02-07,20.8,ft^3/s,Approved,2025-02-21T16:41:42Z,REVISED,272a1fc51e7a4da584101aad9cdd2601,06752260,USGS,Lincoln
USGS-06752280,00060,00003,2023-02-07,2.29,ft^3/s,Approved,2025-02-24T16:24:39Z,,af36731baeac4ee5a7a5b5d47e298ee3,06752280,USGS,Boxelder
USGS-06752260,00060,00003,2023-02-08,20.2,ft^3/s,Approved,2025-02-21T16:41:42Z,REVISED,272a1fc51e7a4da584101aad9cdd2601,06752260,USGS,Lincoln
USGS-06752280,00060,00003,2023-02-08,2.1,ft^3/s,Approved,2025-02-24T16:24:39Z,,af36731baeac4ee5a7a5b5d47e298ee3,06752280,USGS,Boxelder
USGS-06752260,00060,00003,2023-02-09,19.9,ft^3/s,Approved,2025-02-21T16:41:42Z,REVISED,272a1fc51e7a4da584101aad9cdd2601,06752260,USGS,Lincoln
USGS-06752280,00060,00003,2023-02-09,2.14,ft^3/s,Approved,2025-02-24T16:24:39Z,,af36731baeac4ee5a7a5b5d47e298ee3,06752280,USGS,Boxelder
USGS-06752260,00060,00003,2023-02-10,21.3,ft^3/s,Approved,2025-02-21T16:41:42Z,"ESTIMATED, REVISED",272a1fc51e7a4da584101aad9cdd2601,06752260,USGS,Lincoln
USGS-06752280,00060,00003,2023-02-10,2,ft^3/s,Approved,2025-02-24T16:24:39Z,,af36731baeac4ee5a7a5b5d47e298ee3,06752280,USGS,Boxelder
USGS-06752260,00060,00003,2023-02-11,22,ft^3/s,Approved,2026-01-14T23:29:26Z,REVISED,272a1fc51e7a4da584101aad9cdd2601,06752260,USGS,Lincoln
USGS-06752280,00060,00003,2023-02-11,1.99,ft^3/s,Approved,2025-02-24T16:24:39Z,,af36731baeac4ee5a7a5b5d47e298ee3,06752280,USGS,Boxelder
USGS-06752260,00060,00003,2023-02-12,20.6,ft^3/s,Approved,2025-02-21T16:41:42Z,REVISED,272a1fc51e7a4da584101aad9cdd2601,06752260,USGS,Lincoln
USGS-06752280,00060,00003,2023-02-12,2.02,ft^3/s,Approved,2025-02-24T16:24:39Z,,af36731baeac4ee5a7a5b5d47e298ee3,06752280,USGS,Boxelder
USGS-06752260,00060,00003,2023-02-13,21.1,ft^3/s,Approved,2025-02-21T16:41:42Z,REVISED,272a1fc51e7a4da584101aad9cdd2601,06752260,USGS,Lincoln
USGS-06752280,00060,00003,2023-02-13,1.88,ft^3/s,Approved,2025-02-24T16:24:39Z,,af36731baeac4ee5a7a5b5d47e298ee3,06752280,USGS,Boxelder
USGS-06752260,00060,00003,2023-02-14,20.8,ft^3/s,Approved,2025-02-21T16:41:42Z,REVISED,272a1fc51e7a4da584101aad9cdd2601,06752260,USGS,Lincoln
USGS-06752280,00060,00003,2023-02-14,1.82,ft^3/s,Approved,2025-02-24T16:24:39Z,,af36731baeac4ee5a7a5b5d47e298ee3,06752280,USGS,Boxelder
USGS-06752260,00060,00003,2023-02-15,20.6,ft^3/s,Approved,2025-02-21T16:41:42Z,REVISED,272a1fc51e7a4da584101aad9cdd2601,06752260,USGS,Lincoln
USGS-06752280,00060,00003,2023-02-15,2.03,ft^3/s,Approved,2025-02-24T16:24:39Z,,af36731baeac4ee5a7a5b5d47e298ee3,06752280,USGS,Boxelder
USGS-06752260,00060,00003,2023-02-16,20.2,ft^3/s,Approved,2025-02-21T16:41:42Z,"ESTIMATED, REVISED",272a1fc51e7a4da584101aad9cdd2601,06752260,USGS,Lincoln
USGS-06752280,00060,00003,2023-02-16,2.06,ft^3/s,Approved,2025-02-24T16:24:39Z,,af36731baeac4ee5a7a5b5d47e298ee3,06752280,USGS,Boxelder
USGS-06752260,00060,00003,2023-02-17,18.8,ft^3/s,Approved,2025-02-21T16:41:42Z,"ESTIMATED, REVISED",272a1fc51e7a4da584101aad9cdd2601,06752260,USGS,Lincoln
USGS-06752280,00060,00003,2023-02-17,2.04,ft^3/s,Approved,2025-02-24T16:24:39Z,,af36731baeac4ee5a7a5b5d47e298ee3,06752280,USGS,Boxelder
USGS-06752260,00060,00003,2023-02-18,20.8,ft^3/s,Approved,2026-01-14T23:29:26Z,REVISED,272a1fc51e7a4da584101aad9cdd2601,06752260,USGS,Lincoln
USGS-06752280,00060,00003,2023-02-18,1.95,ft^3/s,Approved,2025-02-24T16:24:39Z,,af36731baeac4ee5a7a5b5d47e298ee3,06752280,USGS,Boxelder
USGS-06752260,00060,00003,2023-02-19,22.5,ft^3/s,Approved,2025-02-21T16:41:42Z,REVISED,272a1fc51e7a4da584101aad9cdd2601,06752260,USGS,Lincoln
USGS-06752280,00060,00003,2023-02-19,2,ft^3/s,Approved,2025-02-24T16:24:39Z,,af36731baeac4ee5a7a5b5d47e298ee3,06752280,USGS,Boxelder
USGS-06752260,00060,00003,2023-02-20,19.7,ft^3/s,Approved,2025-02-21T16:41:42Z,REVISED,272a1fc51e7a4da584101aad9cdd2601,06752260,USGS,Lincoln
USGS-06752280,00060,00003,2023-02-20,2.08,ft^3/s,Approved,2025-02-24T16:24:39Z,,af36731baeac4ee5a7a5b5d47e298ee3,06752280,USGS,Boxelder
USGS-06752260,00060,00003,2023-02-21,20.4,ft^3/s,Approved,2025-02-21T16:41:42Z,REVISED,272a1fc51e7a4da584101aad9cdd2601,06752260,USGS,Lincoln
USGS-06752280,00060,00003,2023-02-21,2.1,ft^3/s,Approved,2025-02-24T16:24:39Z,,af36731baeac4ee5a7a5b5d47e298ee3,06752280,USGS,Boxelder
USGS-06752260,00060,00003,2023-02-22,20,ft^3/s,Approved,2025-02-21T16:41:42Z,"ESTIMATED, REVISED",272a1fc51e7a4da584101aad9cdd2601,06752260,USGS,Lincoln
USGS-06752280,00060,00003,2023-02-22,2.13,ft^3/s,Approved,2025-02-24T16:24:39Z,,af36731baeac4ee5a7a5b5d47e298ee3,06752280,USGS,Boxelder
USGS-06752260,00060,00003,2023-02-23,16.9,ft^3/s,Approved,2025-02-21T16:41:42Z,"ESTIMATED, REVISED",272a1fc51e7a4da584101aad9cdd2601,06752260,USGS,Lincoln
USGS-06752280,00060,00003,2023-02-23,2.15,ft^3/s,Approved,2025-02-24T16:24:39Z,ESTIMATED,af36731baeac4ee5a7a5b5d47e298ee3,06752280,USGS,Boxelder
USGS-06752260,00060,00003,2023-02-24,18.4,ft^3/s,Approved,2025-02-21T16:41:42Z,"ESTIMATED, REVISED",272a1fc51e7a4da584101aad9cdd2601,06752260,USGS,Lincoln
USGS-06752280,00060,00003,2023-02-24,2.17,ft^3/s,Approved,2025-02-24T16:24:39Z,ESTIMATED,af36731baeac4ee5a7a5b5d47e298ee3,06752280,USGS,Boxelder
USGS-06752260,00060,00003,2023-02-25,19.3,ft^3/s,Approved,2025-02-21T16:41:42Z,"ESTIMATED, REVISED",272a1fc51e7a4da584101aad9cdd2601,06752260,USGS,Lincoln
USGS-06752280,00060,00003,2023-02-25,2.53,ft^3/s,Approved,2026-01-15T00:42:43Z,,af36731baeac4ee5a7a5b5d47e298ee3,06752280,USGS,Boxelder
USGS-06752260,00060,00003,2023-02-26,25.7,ft^3/s,Approved,2025-02-21T16:41:42Z,"ESTIMATED, REVISED",272a1fc51e7a4da584101aad9cdd2601,06752260,USGS,Lincoln
USGS-06752280,00060,00003,2023-02-26,2.43,ft^3/s,Approved,2025-02-24T16:24:39Z,,af36731baeac4ee5a7a5b5d47e298ee3,06752280,USGS,Boxelder
USGS-06752260,00060,00003,2023-02-27,33.9,ft^3/s,Approved,2026-01-14T23:29:26Z,REVISED,272a1fc51e7a4da584101aad9cdd2601,06752260,USGS,Lincoln
USGS-06752280,00060,00003,2023-02-27,2.33,ft^3/s,Approved,2025-02-24T16:24:39Z,,af36731baeac4ee5a7a5b5d47e298ee3,06752280,USGS,Boxelder
USGS-06752260,00060,00003,2023-02-28,30.8,ft^3/s,Approved,2025-02-21T16:41:42Z,REVISED,272a1fc51e7a4da584101aad9cdd2601,06752260,USGS,Lincoln
USGS-06752280,00060,00003,2023-02-28,2.3,ft^3/s,Approved,2025-02-24T16:24:39Z,,af36731baeac4ee5a7a5b5d47e298ee3,06752280,USGS,Boxelder
USGS-06752260,00060,00003,2023-03-01,19.9,ft^3/s,Approved,2025-02-21T16:41:42Z,REVISED,272a1fc51e7a4da584101aad9cdd2601,06752260,USGS,Lincoln
USGS-06752280,00060,00003,2023-03-01,2.13,ft^3/s,Approved,2025-02-24T16:24:39Z,,af36731baeac4ee5a7a5b5d47e298ee3,06752280,USGS,Boxelder
USGS-06752260,00060,00003,2023-03-02,26.6,ft^3/s,Approved,2025-02-21T16:41:42Z,REVISED,272a1fc51e7a4da584101aad9cdd2601,06752260,USGS,Lincoln
USGS-06752280,00060,00003,2023-03-02,2.19,ft^3/s,Approved,2025-02-24T16:24:39Z,,af36731baeac4ee5a7a5b5d47e298ee3,06752280,USGS,Boxelder
USGS-06752260,00060,00003,2023-03-03,27.8,ft^3/s,Approved,2025-02-21T16:41:42Z,REVISED,272a1fc51e7a4da584101aad9cdd2601,06752260,USGS,Lincoln
USGS-06752280,00060,00003,2023-03-03,2.22,ft^3/s,Approved,2025-02-24T16:24:39Z,,af36731baeac4ee5a7a5b5d47e298ee3,06752280,USGS,Boxelder
USGS-06752260,00060,00003,2023-03-04,24.6,ft^3/s,Approved,2025-02-21T16:41:42Z,REVISED,272a1fc51e7a4da584101aad9cdd2601,06752260,USGS,Lincoln
USGS-06752280,00060,00003,2023-03-04,2.25,ft^3/s,Approved,2025-02-24T16:24:39Z,,af36731baeac4ee5a7a5b5d47e298ee3,06752280,USGS,Boxelder
USGS-06752260,00060,00003,2023-03-05,23.9,ft^3/s,Approved,2025-02-21T16:41:42Z,REVISED,272a1fc51e7a4da584101aad9cdd2601,06752260,USGS,Lincoln
USGS-06752280,00060,00003,2023-03-05,2.26,ft^3/s,Approved,2025-02-24T16:24:39Z,,af36731baeac4ee5a7a5b5d47e298ee3,06752280,USGS,Boxelder
USGS-06752260,00060,00003,2023-03-06,25,ft^3/s,Approved,2025-02-21T16:41:42Z,REVISED,272a1fc51e7a4da584101aad9cdd2601,06752260,USGS,Lincoln
USGS-06752280,00060,00003,2023-03-06,2.26,ft^3/s,Approved,2025-02-24T16:24:39Z,,af36731baeac4ee5a7a5b5d47e298ee3,06752280,USGS,Boxelder
USGS-06752260,00060,00003,2023-03-07,24.9,ft^3/s,Approved,2025-02-21T16:41:42Z,REVISED,272a1fc51e7a4da584101aad9cdd2601,06752260,USGS,Lincoln
USGS-06752280,00060,00003,2023-03-07,2.22,ft^3/s,Approved,2025-02-24T16:24:39Z,,af36731baeac4ee5a7a5b5d47e298ee3,06752280,USGS,Boxelder
USGS-06752260,00060,00003,2023-03-08,24.6,ft^3/s,Approved,2025-02-21T16:41:42Z,REVISED,272a1fc51e7a4da584101aad9cdd2601,06752260,USGS,Lincoln
USGS-06752280,00060,00003,2023-03-08,2.17,ft^3/s,Approved,2025-02-24T16:24:39Z,,af36731baeac4ee5a7a5b5d47e298ee3,06752280,USGS,Boxelder
USGS-06752260,00060,00003,2023-03-09,23,ft^3/s,Approved,2025-02-21T16:41:42Z,REVISED,272a1fc51e7a4da584101aad9cdd2601,06752260,USGS,Lincoln
USGS-06752280,00060,00003,2023-03-09,2.28,ft^3/s,Approved,2025-02-24T16:24:39Z,,af36731baeac4ee5a7a5b5d47e298ee3,06752280,USGS,Boxelder
USGS-06752260,00060,00003,2023-03-10,23.3,ft^3/s,Approved,2025-02-21T16:41:42Z,REVISED,272a1fc51e7a4da584101aad9cdd2601,06752260,USGS,Lincoln
USGS-06752280,00060,00003,2023-03-10,2.23,ft^3/s,Approved,2025-02-24T16:24:39Z,,af36731baeac4ee5a7a5b5d47e298ee3,06752280,USGS,Boxelder
USGS-06752260,00060,00003,2023-03-11,25.3,ft^3/s,Approved,2025-02-21T16:41:42Z,REVISED,272a1fc51e7a4da584101aad9cdd2601,06752260,USGS,Lincoln
USGS-06752280,00060,00003,2023-03-11,2.21,ft^3/s,Approved,2025-02-24T16:24:39Z,,af36731baeac4ee5a7a5b5d47e298ee3,06752280,USGS,Boxelder
USGS-06752260,00060,00003,2023-03-12,30.6,ft^3/s,Approved,2025-02-21T16:41:42Z,REVISED,272a1fc51e7a4da584101aad9cdd2601,06752260,USGS,Lincoln
USGS-06752280,00060,00003,2023-03-12,2.23,ft^3/s,Approved,2025-02-24T16:24:39Z,,af36731baeac4ee5a7a5b5d47e298ee3,06752280,USGS,Boxelder
USGS-06752260,00060,00003,2023-03-13,29.6,ft^3/s,Approved,2025-02-21T16:41:42Z,REVISED,272a1fc51e7a4da584101aad9cdd2601,06752260,USGS,Lincoln
USGS-06752280,00060,00003,2023-03-13,2.28,ft^3/s,Approved,2025-02-24T16:24:39Z,,af36731baeac4ee5a7a5b5d47e298ee3,06752280,USGS,Boxelder
USGS-06752260,00060,00003,2023-03-14,31.2,ft^3/s,Approved,2025-02-21T16:41:42Z,REVISED,272a1fc51e7a4da584101aad9cdd2601,06752260,USGS,Lincoln
USGS-06752280,00060,00003,2023-03-14,2.32,ft^3/s,Approved,2025-02-24T16:24:39Z,,af36731baeac4ee5a7a5b5d47e298ee3,06752280,USGS,Boxelder
USGS-06752260,00060,00003,2023-03-15,33.5,ft^3/s,Approved,2025-02-21T16:41:42Z,REVISED,272a1fc51e7a4da584101aad9cdd2601,06752260,USGS,Lincoln
USGS-06752280,00060,00003,2023-03-15,2.29,ft^3/s,Approved,2025-02-24T16:24:39Z,,af36731baeac4ee5a7a5b5d47e298ee3,06752280,USGS,Boxelder
USGS-06752260,00060,00003,2023-03-16,41.2,ft^3/s,Approved,2025-02-21T16:41:42Z,REVISED,272a1fc51e7a4da584101aad9cdd2601,06752260,USGS,Lincoln
USGS-06752280,00060,00003,2023-03-16,2.36,ft^3/s,Approved,2025-02-24T16:24:39Z,,af36731baeac4ee5a7a5b5d47e298ee3,06752280,USGS,Boxelder
USGS-06752260,00060,00003,2023-03-17,32.9,ft^3/s,Approved,2025-02-21T16:41:42Z,REVISED,272a1fc51e7a4da584101aad9cdd2601,06752260,USGS,Lincoln
USGS-06752280,00060,00003,2023-03-17,2.2,ft^3/s,Approved,2025-02-24T16:24:39Z,,af36731baeac4ee5a7a5b5d47e298ee3,06752280,USGS,Boxelder
USGS-06752260,00060,00003,2023-03-18,21.6,ft^3/s,Approved,2025-02-21T16:41:42Z,REVISED,272a1fc51e7a4da584101aad9cdd2601,06752260,USGS,Lincoln
USGS-06752280,00060,00003,2023-03-18,1.9,ft^3/s,Approved,2025-02-24T16:24:39Z,,af36731baeac4ee5a7a5b5d47e298ee3,06752280,USGS,Boxelder
USGS-06752260,00060,00003,2023-03-19,17,ft^3/s,Approved,2025-02-21T16:41:42Z,REVISED,272a1fc51e7a4da584101aad9cdd2601,06752260,USGS,Lincoln
USGS-06752280,00060,00003,2023-03-19,1.82,ft^3/s,Approved,2025-02-24T16:24:39Z,,af36731baeac4ee5a7a5b5d47e298ee3,06752280,USGS,Boxelder
USGS-06752260,00060,00003,2023-03-20,16.9,ft^3/s,Approved,2025-02-21T16:41:42Z,REVISED,272a1fc51e7a4da584101aad9cdd2601,06752260,USGS,Lincoln
USGS-06752280,00060,00003,2023-03-20,1.69,ft^3/s,Approved,2025-02-24T16:24:39Z,,af36731baeac4ee5a7a5b5d47e298ee3,06752280,USGS,Boxelder
USGS-06752260,00060,00003,2023-03-21,22.3,ft^3/s,Approved,2025-02-21T16:41:42Z,REVISED,272a1fc51e7a4da584101aad9cdd2601,06752260,USGS,Lincoln
USGS-06752280,00060,00003,2023-03-21,1.83,ft^3/s,Approved,2025-02-24T16:24:39Z,,af36731baeac4ee5a7a5b5d47e298ee3,06752280,USGS,Boxelder
USGS-06752260,00060,00003,2023-03-22,29.1,ft^3/s,Approved,2025-02-21T16:41:42Z,REVISED,272a1fc51e7a4da584101aad9cdd2601,06752260,USGS,Lincoln
USGS-06752280,00060,00003,2023-03-22,2.08,ft^3/s,Approved,2025-02-24T16:24:39Z,,af36731baeac4ee5a7a5b5d47e298ee3,06752280,USGS,Boxelder
USGS-06752260,00060,00003,2023-03-23,30.1,ft^3/s,Approved,2025-02-21T16:41:42Z,REVISED,272a1fc51e7a4da584101aad9cdd2601,06752260,USGS,Lincoln
USGS-06752280,00060,00003,2023-03-23,2.1,ft^3/s,Approved,2025-02-24T16:24:39Z,,af36731baeac4ee5a7a5b5d47e298ee3,06752280,USGS,Boxelder
USGS-06752260,00060,00003,2023-03-24,34.4,ft^3/s,Approved,2025-02-21T16:41:42Z,REVISED,272a1fc51e7a4da584101aad9cdd2601,06752260,USGS,Lincoln
USGS-06752280,00060,00003,2023-03-24,2.07,ft^3/s,Approved,2025-02-24T16:24:39Z,,af36731baeac4ee5a7a5b5d47e298ee3,06752280,USGS,Boxelder
USGS-06752260,00060,00003,2023-03-25,40.3,ft^3/s,Approved,2025-02-21T16:41:42Z,REVISED,272a1fc51e7a4da584101aad9cdd2601,06752260,USGS,Lincoln
USGS-06752280,00060,00003,2023-03-25,2.42,ft^3/s,Approved,2025-02-24T16:24:39Z,,af36731baeac4ee5a7a5b5d47e298ee3,06752280,USGS,Boxelder
USGS-06752260,00060,00003,2023-03-26,34.1,ft^3/s,Approved,2025-02-21T16:41:42Z,REVISED,272a1fc51e7a4da584101aad9cdd2601,06752260,USGS,Lincoln
USGS-06752280,00060,00003,2023-03-26,2.22,ft^3/s,Approved,2025-02-24T16:24:39Z,,af36731baeac4ee5a7a5b5d47e298ee3,06752280,USGS,Boxelder
USGS-06752260,00060,00003,2023-03-27,31.6,ft^3/s,Approved,2025-02-21T16:41:42Z,REVISED,272a1fc51e7a4da584101aad9cdd2601,06752260,USGS,Lincoln
USGS-06752280,00060,00003,2023-03-27,2.57,ft^3/s,Approved,2025-02-24T16:24:39Z,,af36731baeac4ee5a7a5b5d47e298ee3,06752280,USGS,Boxelder
USGS-06752260,00060,00003,2023-03-28,32.5,ft^3/s,Approved,2025-02-21T16:41:42Z,REVISED,272a1fc51e7a4da584101aad9cdd2601,06752260,USGS,Lincoln
USGS-06752280,00060,00003,2023-03-28,2.3,ft^3/s,Approved,2025-02-24T16:24:39Z,,af36731baeac4ee5a7a5b5d47e298ee3,06752280,USGS,Boxelder
USGS-06752260,00060,00003,2023-03-29,27.8,ft^3/s,Approved,2025-02-21T16:41:42Z,REVISED,272a1fc51e7a4da584101aad9cdd2601,06752260,USGS,Lincoln
USGS-06752280,00060,00003,2023-03-29,2.13,ft^3/s,Approved,2025-02-24T16:24:39Z,,af36731baeac4ee5a7a5b5d47e298ee3,06752280,USGS,Boxelder
USGS-06752260,00060,00003,2023-03-30,38.9,ft^3/s,Approved,2025-02-21T16:41:42Z,REVISED,272a1fc51e7a4da584101aad9cdd2601,06752260,USGS,Lincoln
USGS-06752280,00060,00003,2023-03-30,2.05,ft^3/s,Approved,2025-02-24T16:24:39Z,,af36731baeac4ee5a7a5b5d47e298ee3,06752280,USGS,Boxelder
USGS-06752260,00060,00003,2023-03-31,48.5,ft^3/s,Approved,2025-02-21T16:41:42Z,REVISED,272a1fc51e7a4da584101aad9cdd2601,06752260,USGS,Lincoln
USGS-06752280,00060,00003,2023-03-31,2.2,ft^3/s,Approved,2025-02-24T16:24:39Z,,af36731baeac4ee5a7a5b5d47e298ee3,06752280,USGS,Boxelder
USGS-06752260,00060,00003,2023-04-01,36.6,ft^3/s,Approved,2025-02-21T16:41:42Z,REVISED,272a1fc51e7a4da584101aad9cdd2601,06752260,USGS,Lincoln
USGS-06752280,00060,00003,2023-04-01,2.07,ft^3/s,Approved,2025-02-24T16:24:39Z,,af36731baeac4ee5a7a5b5d47e298ee3,06752280,USGS,Boxelder
USGS-06752260,00060,00003,2023-04-02,41.3,ft^3/s,Approved,2025-02-21T16:41:42Z,REVISED,272a1fc51e7a4da584101aad9cdd2601,06752260,USGS,Lincoln
USGS-06752280,00060,00003,2023-04-02,1.76,ft^3/s,Approved,2025-02-24T16:24:39Z,,af36731baeac4ee5a7a5b5d47e298ee3,06752280,USGS,Boxelder
USGS-06752260,00060,00003,2023-04-03,43.5,ft^3/s,Approved,2025-02-21T16:41:42Z,REVISED,272a1fc51e7a4da584101aad9cdd2601,06752260,USGS,Lincoln
USGS-06752280,00060,00003,2023-04-03,1.74,ft^3/s,Approved,2025-02-24T16:24:39Z,,af36731baeac4ee5a7a5b5d47e298ee3,06752280,USGS,Boxelder
USGS-06752260,00060,00003,2023-04-04,43.1,ft^3/s,Approved,2025-02-21T16:41:42Z,REVISED,272a1fc51e7a4da584101aad9cdd2601,06752260,USGS,Lincoln
USGS-06752280,00060,00003,2023-04-04,2.33,ft^3/s,Approved,2025-02-24T16:24:39Z,,af36731baeac4ee5a7a5b5d47e298ee3,06752280,USGS,Boxelder
USGS-06752260,00060,00003,2023-04-05,39.6,ft^3/s,Approved,2025-02-21T16:41:42Z,REVISED,272a1fc51e7a4da584101aad9cdd2601,06752260,USGS,Lincoln
USGS-06752280,00060,00003,2023-04-05,2.12,ft^3/s,Approved,2025-02-24T16:24:39Z,,af36731baeac4ee5a7a5b5d47e298ee3,06752280,USGS,Boxelder
USGS-06752260,00060,00003,2023-04-06,35,ft^3/s,Approved,2025-02-21T16:41:42Z,REVISED,272a1fc51e7a4da584101aad9cdd2601,06752260,USGS,Lincoln
USGS-06752280,00060,00003,2023-04-06,1.95,ft^3/s,Approved,2025-02-24T16:24:39Z,,af36731baeac4ee5a7a5b5d47e298ee3,06752280,USGS,Boxelder
USGS-06752260,00060,00003,2023-04-07,40,ft^3/s,Approved,2025-02-21T16:41:42Z,REVISED,272a1fc51e7a4da584101aad9cdd2601,06752260,USGS,Lincoln
USGS-06752280,00060,00003,2023-04-07,1.76,ft^3/s,Approved,2025-02-24T16:24:39Z,,af36731baeac4ee5a7a5b5d47e298ee3,06752280,USGS,Boxelder
USGS-06752260,00060,00003,2023-04-08,40.7,ft^3/s,Approved,2025-02-21T16:41:42Z,REVISED,272a1fc51e7a4da584101aad9cdd2601,06752260,USGS,Lincoln
USGS-06752280,00060,00003,2023-04-08,1.68,ft^3/s,Approved,2025-02-24T16:24:39Z,,af36731baeac4ee5a7a5b5d47e298ee3,06752280,USGS,Boxelder
USGS-06752260,00060,00003,2023-04-09,45.5,ft^3/s,Approved,2025-02-21T16:41:42Z,REVISED,272a1fc51e7a4da584101aad9cdd2601,06752260,USGS,Lincoln
USGS-06752280,00060,00003,2023-04-09,1.89,ft^3/s,Approved,2025-02-24T16:24:39Z,,af36731baeac4ee5a7a5b5d47e298ee3,06752280,USGS,Boxelder
USGS-06752260,00060,00003,2023-04-10,47.5,ft^3/s,Approved,2025-02-21T16:41:42Z,REVISED,272a1fc51e7a4da584101aad9cdd2601,06752260,USGS,Lincoln
USGS-06752280,00060,00003,2023-04-10,2.02,ft^3/s,Approved,2025-02-24T16:24:39Z,,af36731baeac4ee5a7a5b5d47e298ee3,06752280,USGS,Boxelder
USGS-06752260,00060,00003,2023-04-11,63.8,ft^3/s,Approved,2025-02-21T16:41:42Z,REVISED,272a1fc51e7a4da584101aad9cdd2601,06752260,USGS,Lincoln
USGS-06752280,00060,00003,2023-04-11,2.06,ft^3/s,Approved,2025-02-24T16:24:39Z,,af36731baeac4ee5a7a5b5d47e298ee3,06752280,USGS,Boxelder
USGS-06752260,00060,00003,2023-04-12,70.6,ft^3/s,Approved,2025-02-21T16:41:42Z,REVISED,272a1fc51e7a4da584101aad9cdd2601,06752260,USGS,Lincoln
USGS-06752280,00060,00003,2023-04-12,4.25,ft^3/s,Approved,2025-02-24T16:24:39Z,,af36731baeac4ee5a7a5b5d47e298ee3,06752280,USGS,Boxelder
USGS-06752260,00060,00003,2023-04-13,39.5,ft^3/s,Approved,2025-02-21T16:41:42Z,REVISED,272a1fc51e7a4da584101aad9cdd2601,06752260,USGS,Lincoln
USGS-06752280,00060,00003,2023-04-13,1.89,ft^3/s,Approved,2025-02-24T16:24:39Z,,af36731baeac4ee5a7a5b5d47e298ee3,06752280,USGS,Boxelder
USGS-06752260,00060,00003,2023-04-14,55.4,ft^3/s,Approved,2025-02-21T16:41:42Z,REVISED,272a1fc51e7a4da584101aad9cdd2601,06752260,USGS,Lincoln
USGS-06752280,00060,00003,2023-04-14,1.92,ft^3/s,Approved,2025-02-24T16:24:39Z,,af36731baeac4ee5a7a5b5d47e298ee3,06752280,USGS,Boxelder
USGS-06752260,00060,00003,2023-04-15,70,ft^3/s,Approved,2025-02-21T16:41:42Z,REVISED,272a1fc51e7a4da584101aad9cdd2601,06752260,USGS,Lincoln
USGS-06752280,00060,00003,2023-04-15,3.35,ft^3/s,Approved,2025-02-24T16:24:39Z,,af36731baeac4ee5a7a5b5d47e298ee3,06752280,USGS,Boxelder
USGS-06752260,00060,00003,2023-04-16,58.6,ft^3/s,Approved,2025-02-21T16:41:42Z,REVISED,272a1fc51e7a4da584101aad9cdd2601,06752260,USGS,Lincoln
USGS-06752280,00060,00003,2023-04-16,2.4,ft^3/s,Approved,2025-02-24T16:24:39Z,,af36731baeac4ee5a7a5b5d47e298ee3,06752280,USGS,Boxelder
USGS-06752260,00060,00003,2023-04-17,72.2,ft^3/s,Approved,2025-02-21T16:41:42Z,REVISED,272a1fc51e7a4da584101aad9cdd2601,06752260,USGS,Lincoln
USGS-06752280,00060,00003,2023-04-17,2.55,ft^3/s,Approved,2025-02-24T16:24:39Z,,af36731baeac4ee5a7a5b5d47e298ee3,06752280,USGS,Boxelder
USGS-06752260,00060,00003,2023-04-18,107,ft^3/s,Approved,2025-02-21T16:41:42Z,REVISED,272a1fc51e7a4da584101aad9cdd2601,06752260,USGS,Lincoln
USGS-06752280,00060,00003,2023-04-18,4.8,ft^3/s,Approved,2025-02-24T16:24:39Z,,af36731baeac4ee5a7a5b5d47e298ee3,06752280,USGS,Boxelder
USGS-06752260,00060,00003,2023-04-19,129,ft^3/s,Approved,2025-02-21T16:41:42Z,REVISED,272a1fc51e7a4da584101aad9cdd2601,06752260,USGS,Lincoln
USGS-06752280,00060,00003,2023-04-19,7.98,ft^3/s,Approved,2025-02-24T16:24:39Z,,af36731baeac4ee5a7a5b5d47e298ee3,06752280,USGS,Boxelder
USGS-06752260,00060,00003,2023-04-20,124,ft^3/s,Approved,2025-02-21T16:41:42Z,REVISED,272a1fc51e7a4da584101aad9cdd2601,06752260,USGS,Lincoln
USGS-06752280,00060,00003,2023-04-20,6.89,ft^3/s,Approved,2025-02-24T16:24:39Z,,af36731baeac4ee5a7a5b5d47e298ee3,06752280,USGS,Boxelder
USGS-06752260,00060,00003,2023-04-21,117,ft^3/s,Approved,2025-02-21T16:41:42Z,REVISED,272a1fc51e7a4da584101aad9cdd2601,06752260,USGS,Lincoln
USGS-06752280,00060,00003,2023-04-21,5.12,ft^3/s,Approved,2025-02-24T16:24:39Z,,af36731baeac4ee5a7a5b5d47e298ee3,06752280,USGS,Boxelder
USGS-06752260,00060,00003,2023-04-22,84,ft^3/s,Approved,2025-02-21T16:41:42Z,REVISED,272a1fc51e7a4da584101aad9cdd2601,06752260,USGS,Lincoln
USGS-06752280,00060,00003,2023-04-22,2.75,ft^3/s,Approved,2025-02-24T16:24:39Z,,af36731baeac4ee5a7a5b5d47e298ee3,06752280,USGS,Boxelder
USGS-06752260,00060,00003,2023-04-23,80.2,ft^3/s,Approved,2025-02-21T16:41:42Z,REVISED,272a1fc51e7a4da584101aad9cdd2601,06752260,USGS,Lincoln
USGS-06752280,00060,00003,2023-04-23,2.13,ft^3/s,Approved,2025-02-24T16:24:39Z,,af36731baeac4ee5a7a5b5d47e298ee3,06752280,USGS,Boxelder
USGS-06752260,00060,00003,2023-04-24,93.7,ft^3/s,Approved,2025-02-21T16:41:42Z,REVISED,272a1fc51e7a4da584101aad9cdd2601,06752260,USGS,Lincoln
USGS-06752280,00060,00003,2023-04-24,2.54,ft^3/s,Approved,2025-02-24T16:24:39Z,,af36731baeac4ee5a7a5b5d47e298ee3,06752280,USGS,Boxelder
USGS-06752260,00060,00003,2023-04-25,109,ft^3/s,Approved,2025-02-21T16:41:42Z,REVISED,272a1fc51e7a4da584101aad9cdd2601,06752260,USGS,Lincoln
USGS-06752280,00060,00003,2023-04-25,3.25,ft^3/s,Approved,2025-02-24T16:24:39Z,,af36731baeac4ee5a7a5b5d47e298ee3,06752280,USGS,Boxelder
USGS-06752260,00060,00003,2023-04-26,117,ft^3/s,Approved,2025-02-21T16:41:42Z,REVISED,272a1fc51e7a4da584101aad9cdd2601,06752260,USGS,Lincoln
USGS-06752280,00060,00003,2023-04-26,6.26,ft^3/s,Approved,2025-02-24T16:24:39Z,,af36731baeac4ee5a7a5b5d47e298ee3,06752280,USGS,Boxelder
USGS-06752260,00060,00003,2023-04-27,115,ft^3/s,Approved,2025-02-21T16:41:42Z,REVISED,272a1fc51e7a4da584101aad9cdd2601,06752260,USGS,Lincoln
USGS-06752280,00060,00003,2023-04-27,4.26,ft^3/s,Approved,2025-02-24T16:24:39Z,,af36731baeac4ee5a7a5b5d47e298ee3,06752280,USGS,Boxelder
USGS-06752260,00060,00003,2023-04-28,121,ft^3/s,Approved,2025-02-21T16:41:42Z,REVISED,272a1fc51e7a4da584101aad9cdd2601,06752260,USGS,Lincoln
USGS-06752280,00060,00003,2023-04-28,5.08,ft^3/s,Approved,2025-02-24T16:24:39Z,,af36731baeac4ee5a7a5b5d47e298ee3,06752280,USGS,Boxelder
USGS-06752260,00060,00003,2023-04-29,120,ft^3/s,Approved,2025-02-21T16:41:42Z,REVISED,272a1fc51e7a4da584101aad9cdd2601,06752260,USGS,Lincoln
USGS-06752280,00060,00003,2023-04-29,5.12,ft^3/s,Approved,2025-02-24T16:24:39Z,,af36731baeac4ee5a7a5b5d47e298ee3,06752280,USGS,Boxelder
USGS-06752260,00060,00003,2023-04-30,143,ft^3/s,Approved,2025-02-21T16:41:42Z,REVISED,272a1fc51e7a4da584101aad9cdd2601,06752260,USGS,Lincoln
USGS-06752280,00060,00003,2023-04-30,13.3,ft^3/s,Approved,2025-02-24T16:24:39Z,,af36731baeac4ee5a7a5b5d47e298ee3,06752280,USGS,Boxelder
USGS-06752260,00060,00003,2023-05-01,153,ft^3/s,Approved,2025-02-21T16:41:42Z,REVISED,272a1fc51e7a4da584101aad9cdd2601,06752260,USGS,Lincoln
USGS-06752280,00060,00003,2023-05-01,19.9,ft^3/s,Approved,2025-02-24T16:24:39Z,,af36731baeac4ee5a7a5b5d47e298ee3,06752280,USGS,Boxelder
USGS-06752260,00060,00003,2023-05-02,75.6,ft^3/s,Approved,2025-02-21T16:41:42Z,REVISED,272a1fc51e7a4da584101aad9cdd2601,06752260,USGS,Lincoln
USGS-06752280,00060,00003,2023-05-02,3.11,ft^3/s,Approved,2025-02-24T16:24:39Z,,af36731baeac4ee5a7a5b5d47e298ee3,06752280,USGS,Boxelder
USGS-06752260,00060,00003,2023-05-03,66.9,ft^3/s,Approved,2025-02-21T16:41:42Z,REVISED,272a1fc51e7a4da584101aad9cdd2601,06752260,USGS,Lincoln
USGS-06752280,00060,00003,2023-05-03,1.79,ft^3/s,Approved,2025-02-24T16:24:39Z,,af36731baeac4ee5a7a5b5d47e298ee3,06752280,USGS,Boxelder
USGS-06752260,00060,00003,2023-05-04,269,ft^3/s,Approved,2025-02-21T16:41:42Z,REVISED,272a1fc51e7a4da584101aad9cdd2601,06752260,USGS,Lincoln
USGS-06752280,00060,00003,2023-05-04,89.4,ft^3/s,Approved,2025-02-24T16:24:39Z,,af36731baeac4ee5a7a5b5d47e298ee3,06752280,USGS,Boxelder
USGS-06752260,00060,00003,2023-05-05,493,ft^3/s,Approved,2025-02-21T16:41:42Z,REVISED,272a1fc51e7a4da584101aad9cdd2601,06752260,USGS,Lincoln
USGS-06752280,00060,00003,2023-05-05,333,ft^3/s,Approved,2025-02-24T16:24:39Z,,af36731baeac4ee5a7a5b5d47e298ee3,06752280,USGS,Boxelder
USGS-06752260,00060,00003,2023-05-06,582,ft^3/s,Approved,2025-02-21T16:41:42Z,REVISED,272a1fc51e7a4da584101aad9cdd2601,06752260,USGS,Lincoln
USGS-06752280,00060,00003,2023-05-06,475,ft^3/s,Approved,2025-02-24T16:24:39Z,,af36731baeac4ee5a7a5b5d47e298ee3,06752280,USGS,Boxelder
USGS-06752260,00060,00003,2023-05-07,516,ft^3/s,Approved,2025-02-21T16:41:42Z,REVISED,272a1fc51e7a4da584101aad9cdd2601,06752260,USGS,Lincoln
USGS-06752280,00060,00003,2023-05-07,421,ft^3/s,Approved,2025-02-24T16:24:39Z,,af36731baeac4ee5a7a5b5d47e298ee3,06752280,USGS,Boxelder
USGS-06752260,00060,00003,2023-05-08,566,ft^3/s,Approved,2025-02-21T16:41:42Z,REVISED,272a1fc51e7a4da584101aad9cdd2601,06752260,USGS,Lincoln
USGS-06752280,00060,00003,2023-05-08,512,ft^3/s,Approved,2025-02-24T16:24:39Z,,af36731baeac4ee5a7a5b5d47e298ee3,06752280,USGS,Boxelder
USGS-06752260,00060,00003,2023-05-09,591,ft^3/s,Approved,2025-02-21T16:41:42Z,REVISED,272a1fc51e7a4da584101aad9cdd2601,06752260,USGS,Lincoln
USGS-06752280,00060,00003,2023-05-09,527,ft^3/s,Approved,2025-02-24T16:24:39Z,,af36731baeac4ee5a7a5b5d47e298ee3,06752280,USGS,Boxelder
USGS-06752260,00060,00003,2023-05-10,489,ft^3/s,Approved,2025-02-21T16:41:42Z,REVISED,272a1fc51e7a4da584101aad9cdd2601,06752260,USGS,Lincoln
USGS-06752280,00060,00003,2023-05-10,378,ft^3/s,Approved,2025-02-24T16:24:39Z,,af36731baeac4ee5a7a5b5d47e298ee3,06752280,USGS,Boxelder
USGS-06752260,00060,00003,2023-05-11,212,ft^3/s,Approved,2025-02-21T16:41:42Z,REVISED,272a1fc51e7a4da584101aad9cdd2601,06752260,USGS,Lincoln
USGS-06752280,00060,00003,2023-05-11,80.3,ft^3/s,Approved,2025-02-24T16:24:39Z,,af36731baeac4ee5a7a5b5d47e298ee3,06752280,USGS,Boxelder
USGS-06752260,00060,00003,2023-05-12,205,ft^3/s,Approved,2025-02-21T16:41:42Z,REVISED,272a1fc51e7a4da584101aad9cdd2601,06752260,USGS,Lincoln
USGS-06752280,00060,00003,2023-05-12,103,ft^3/s,Approved,2025-02-24T16:24:39Z,,af36731baeac4ee5a7a5b5d47e298ee3,06752280,USGS,Boxelder
USGS-06752260,00060,00003,2023-05-13,108,ft^3/s,Approved,2025-02-21T16:41:42Z,REVISED,272a1fc51e7a4da584101aad9cdd2601,06752260,USGS,Lincoln
USGS-06752280,00060,00003,2023-05-13,37.3,ft^3/s,Approved,2025-02-24T16:24:39Z,,af36731baeac4ee5a7a5b5d47e298ee3,06752280,USGS,Boxelder
USGS-06752260,00060,00003,2023-05-14,160,ft^3/s,Approved,2025-02-21T16:41:42Z,REVISED,272a1fc51e7a4da584101aad9cdd2601,06752260,USGS,Lincoln
USGS-06752280,00060,00003,2023-05-14,91.8,ft^3/s,Approved,2025-02-24T16:24:39Z,,af36731baeac4ee5a7a5b5d47e298ee3,06752280,USGS,Boxelder
USGS-06752260,00060,00003,2023-05-15,459,ft^3/s,Approved,2025-02-21T16:41:42Z,REVISED,272a1fc51e7a4da584101aad9cdd2601,06752260,USGS,Lincoln
USGS-06752280,00060,00003,2023-05-15,350,ft^3/s,Approved,2025-02-24T16:24:39Z,,af36731baeac4ee5a7a5b5d47e298ee3,06752280,USGS,Boxelder
USGS-06752260,00060,00003,2023-05-16,555,ft^3/s,Approved,2025-02-21T16:41:42Z,REVISED,272a1fc51e7a4da584101aad9cdd2601,06752260,USGS,Lincoln
USGS-06752280,00060,00003,2023-05-16,428,ft^3/s,Approved,2025-02-24T16:24:39Z,,af36731baeac4ee5a7a5b5d47e298ee3,06752280,USGS,Boxelder
USGS-06752260,00060,00003,2023-05-17,894,ft^3/s,Approved,2025-02-21T16:41:42Z,REVISED,272a1fc51e7a4da584101aad9cdd2601,06752260,USGS,Lincoln
USGS-06752280,00060,00003,2023-05-17,703,ft^3/s,Approved,2025-02-24T16:24:39Z,,af36731baeac4ee5a7a5b5d47e298ee3,06752280,USGS,Boxelder
USGS-06752260,00060,00003,2023-05-18,919,ft^3/s,Approved,2025-02-21T16:41:42Z,REVISED,272a1fc51e7a4da584101aad9cdd2601,06752260,USGS,Lincoln
USGS-06752280,00060,00003,2023-05-18,744,ft^3/s,Approved,2025-02-24T16:24:39Z,,af36731baeac4ee5a7a5b5d47e298ee3,06752280,USGS,Boxelder
USGS-06752260,00060,00003,2023-05-19,1120,ft^3/s,Approved,2025-02-21T16:41:42Z,REVISED,272a1fc51e7a4da584101aad9cdd2601,06752260,USGS,Lincoln
USGS-06752280,00060,00003,2023-05-19,914,ft^3/s,Approved,2025-02-24T16:24:39Z,,af36731baeac4ee5a7a5b5d47e298ee3,06752280,USGS,Boxelder
USGS-06752260,00060,00003,2023-05-20,1000,ft^3/s,Approved,2025-02-21T16:41:42Z,REVISED,272a1fc51e7a4da584101aad9cdd2601,06752260,USGS,Lincoln
USGS-06752280,00060,00003,2023-05-20,824,ft^3/s,Approved,2025-02-24T16:24:39Z,,af36731baeac4ee5a7a5b5d47e298ee3,06752280,USGS,Boxelder
USGS-06752260,00060,00003,2023-05-21,1090,ft^3/s,Approved,2025-02-21T16:41:42Z,REVISED,272a1fc51e7a4da584101aad9cdd2601,06752260,USGS,Lincoln
USGS-06752280,00060,00003,2023-05-21,916,ft^3/s,Approved,2025-02-24T16:24:39Z,,af36731baeac4ee5a7a5b5d47e298ee3,06752280,USGS,Boxelder
USGS-06752260,00060,00003,2023-05-22,1100,ft^3/s,Approved,2025-02-21T16:41:42Z,REVISED,272a1fc51e7a4da584101aad9cdd2601,06752260,USGS,Lincoln
USGS-06752280,00060,00003,2023-05-22,991,ft^3/s,Approved,2025-02-24T16:24:39Z,,af36731baeac4ee5a7a5b5d47e298ee3,06752280,USGS,Boxelder
USGS-06752260,00060,00003,2023-05-23,990,ft^3/s,Approved,2025-02-21T16:41:42Z,REVISED,272a1fc51e7a4da584101aad9cdd2601,06752260,USGS,Lincoln
USGS-06752280,00060,00003,2023-05-23,903,ft^3/s,Approved,2025-02-24T16:24:39Z,,af36731baeac4ee5a7a5b5d47e298ee3,06752280,USGS,Boxelder
USGS-06752260,00060,00003,2023-05-24,913,ft^3/s,Approved,2025-02-21T16:41:42Z,REVISED,272a1fc51e7a4da584101aad9cdd2601,06752260,USGS,Lincoln
USGS-06752280,00060,00003,2023-05-24,823,ft^3/s,Approved,2025-02-24T16:24:39Z,,af36731baeac4ee5a7a5b5d47e298ee3,06752280,USGS,Boxelder
USGS-06752260,00060,00003,2023-05-25,919,ft^3/s,Approved,2025-02-21T16:41:42Z,REVISED,272a1fc51e7a4da584101aad9cdd2601,06752260,USGS,Lincoln
USGS-06752280,00060,00003,2023-05-25,839,ft^3/s,Approved,2025-02-24T16:24:39Z,,af36731baeac4ee5a7a5b5d47e298ee3,06752280,USGS,Boxelder
USGS-06752260,00060,00003,2023-05-26,1070,ft^3/s,Approved,2025-02-21T16:41:42Z,REVISED,272a1fc51e7a4da584101aad9cdd2601,06752260,USGS,Lincoln
USGS-06752280,00060,00003,2023-05-26,997,ft^3/s,Approved,2025-02-24T16:24:39Z,,af36731baeac4ee5a7a5b5d47e298ee3,06752280,USGS,Boxelder
USGS-06752260,00060,00003,2023-05-27,1050,ft^3/s,Approved,2025-02-21T16:41:42Z,REVISED,272a1fc51e7a4da584101aad9cdd2601,06752260,USGS,Lincoln
USGS-06752280,00060,00003,2023-05-27,1010,ft^3/s,Approved,2025-02-24T16:24:39Z,,af36731baeac4ee5a7a5b5d47e298ee3,06752280,USGS,Boxelder
USGS-06752260,00060,00003,2023-05-28,1030,ft^3/s,Approved,2025-02-21T16:41:42Z,REVISED,272a1fc51e7a4da584101aad9cdd2601,06752260,USGS,Lincoln
USGS-06752280,00060,00003,2023-05-28,1010,ft^3/s,Approved,2025-02-24T16:24:39Z,,af36731baeac4ee5a7a5b5d47e298ee3,06752280,USGS,Boxelder
USGS-06752260,00060,00003,2023-05-29,899,ft^3/s,Approved,2025-02-21T16:41:42Z,REVISED,272a1fc51e7a4da584101aad9cdd2601,06752260,USGS,Lincoln
USGS-06752280,00060,00003,2023-05-29,897,ft^3/s,Approved,2025-02-24T16:24:39Z,,af36731baeac4ee5a7a5b5d47e298ee3,06752280,USGS,Boxelder
USGS-06752260,00060,00003,2023-05-30,790,ft^3/s,Approved,2025-02-21T16:41:42Z,REVISED,272a1fc51e7a4da584101aad9cdd2601,06752260,USGS,Lincoln
USGS-06752280,00060,00003,2023-05-30,790,ft^3/s,Approved,2025-02-24T16:24:39Z,,af36731baeac4ee5a7a5b5d47e298ee3,06752280,USGS,Boxelder
USGS-06752260,00060,00003,2023-05-31,819,ft^3/s,Approved,2025-02-21T16:41:42Z,"ESTIMATED, REVISED",272a1fc51e7a4da584101aad9cdd2601,06752260,USGS,Lincoln
USGS-06752280,00060,00003,2023-05-31,812,ft^3/s,Approved,2025-02-24T16:24:39Z,,af36731baeac4ee5a7a5b5d47e298ee3,06752280,USGS,Boxelder
USGS-06752260,00060,00003,2023-06-01,753,ft^3/s,Approved,2025-02-21T16:41:42Z,"ESTIMATED, REVISED",272a1fc51e7a4da584101aad9cdd2601,06752260,USGS,Lincoln
USGS-06752280,00060,00003,2023-06-01,750,ft^3/s,Approved,2025-02-24T16:24:39Z,,af36731baeac4ee5a7a5b5d47e298ee3,06752280,USGS,Boxelder
USGS-06752260,00060,00003,2023-06-02,874,ft^3/s,Approved,2025-02-21T16:41:42Z,"ESTIMATED, REVISED",272a1fc51e7a4da584101aad9cdd2601,06752260,USGS,Lincoln
USGS-06752280,00060,00003,2023-06-02,852,ft^3/s,Approved,2025-02-24T16:24:39Z,,af36731baeac4ee5a7a5b5d47e298ee3,06752280,USGS,Boxelder
USGS-06752260,00060,00003,2023-06-03,983,ft^3/s,Approved,2025-02-21T16:41:42Z,"ESTIMATED, REVISED",272a1fc51e7a4da584101aad9cdd2601,06752260,USGS,Lincoln
USGS-06752280,00060,00003,2023-06-03,957,ft^3/s,Approved,2025-02-24T16:24:39Z,,af36731baeac4ee5a7a5b5d47e298ee3,06752280,USGS,Boxelder
USGS-06752260,00060,00003,2023-06-04,1440,ft^3/s,Approved,2025-02-21T16:41:42Z,"ESTIMATED, REVISED",272a1fc51e7a4da584101aad9cdd2601,06752260,USGS,Lincoln
USGS-06752280,00060,00003,2023-06-04,1370,ft^3/s,Approved,2025-02-24T16:24:39Z,,af36731baeac4ee5a7a5b5d47e298ee3,06752280,USGS,Boxelder
USGS-06752260,00060,00003,2023-06-05,1980,ft^3/s,Approved,2025-02-21T16:41:42Z,"ESTIMATED, REVISED",272a1fc51e7a4da584101aad9cdd2601,06752260,USGS,Lincoln
USGS-06752280,00060,00003,2023-06-05,1890,ft^3/s,Approved,2025-02-24T16:24:39Z,,af36731baeac4ee5a7a5b5d47e298ee3,06752280,USGS,Boxelder
USGS-06752260,00060,00003,2023-06-06,2060,ft^3/s,Approved,2026-01-14T23:29:26Z,REVISED,272a1fc51e7a4da584101aad9cdd2601,06752260,USGS,Lincoln
USGS-06752280,00060,00003,2023-06-06,1930,ft^3/s,Approved,2025-02-24T16:24:39Z,,af36731baeac4ee5a7a5b5d47e298ee3,06752280,USGS,Boxelder
USGS-06752260,00060,00003,2023-06-07,1770,ft^3/s,Approved,2025-02-21T16:41:42Z,REVISED,272a1fc51e7a4da584101aad9cdd2601,06752260,USGS,Lincoln
USGS-06752280,00060,00003,2023-06-07,1620,ft^3/s,Approved,2025-02-24T16:24:39Z,,af36731baeac4ee5a7a5b5d47e298ee3,06752280,USGS,Boxelder
USGS-06752260,00060,00003,2023-06-08,1930,ft^3/s,Approved,2025-02-21T16:41:42Z,"ESTIMATED, REVISED",272a1fc51e7a4da584101aad9cdd2601,06752260,USGS,Lincoln
USGS-06752280,00060,00003,2023-06-08,1730,ft^3/s,Approved,2025-02-24T16:24:39Z,,af36731baeac4ee5a7a5b5d47e298ee3,06752280,USGS,Boxelder
USGS-06752260,00060,00003,2023-06-09,1820,ft^3/s,Approved,2025-02-21T16:41:42Z,"ESTIMATED, REVISED",272a1fc51e7a4da584101aad9cdd2601,06752260,USGS,Lincoln
USGS-06752280,00060,00003,2023-06-09,1690,ft^3/s,Approved,2025-02-24T16:24:39Z,,af36731baeac4ee5a7a5b5d47e298ee3,06752280,USGS,Boxelder
USGS-06752260,00060,00003,2023-06-10,1700,ft^3/s,Approved,2026-01-14T23:29:26Z,REVISED,272a1fc51e7a4da584101aad9cdd2601,06752260,USGS,Lincoln
USGS-06752280,00060,00003,2023-06-10,1560,ft^3/s,Approved,2025-02-24T16:24:39Z,,af36731baeac4ee5a7a5b5d47e298ee3,06752280,USGS,Boxelder
USGS-06752260,00060,00003,2023-06-11,1590,ft^3/s,Approved,2025-02-21T16:41:42Z,REVISED,272a1fc51e7a4da584101aad9cdd2601,06752260,USGS,Lincoln
USGS-06752280,00060,00003,2023-06-11,1520,ft^3/s,Approved,2025-02-24T16:24:39Z,,af36731baeac4ee5a7a5b5d47e298ee3,06752280,USGS,Boxelder
USGS-06752260,00060,00003,2023-06-12,1830,ft^3/s,Approved,2025-02-21T16:41:42Z,REVISED,272a1fc51e7a4da584101aad9cdd2601,06752260,USGS,Lincoln
USGS-06752280,00060,00003,2023-06-12,1750,ft^3/s,Approved,2025-02-24T16:24:39Z,,af36731baeac4ee5a7a5b5d47e298ee3,06752280,USGS,Boxelder
USGS-06752260,00060,00003,2023-06-13,1780,ft^3/s,Approved,2025-02-21T16:41:42Z,REVISED,272a1fc51e7a4da584101aad9cdd2601,06752260,USGS,Lincoln
USGS-06752280,00060,00003,2023-06-13,1690,ft^3/s,Approved,2025-02-24T16:24:39Z,,af36731baeac4ee5a7a5b5d47e298ee3,06752280,USGS,Boxelder
USGS-06752260,00060,00003,2023-06-14,1980,ft^3/s,Approved,2025-02-21T16:41:42Z,REVISED,272a1fc51e7a4da584101aad9cdd2601,06752260,USGS,Lincoln
USGS-06752280,00060,00003,2023-06-14,1900,ft^3/s,Approved,2025-02-24T16:24:39Z,,af36731baeac4ee5a7a5b5d47e298ee3,06752280,USGS,Boxelder
USGS-06752260,00060,00003,2023-06-15,1840,ft^3/s,Approved,2025-02-21T16:41:42Z,REVISED,272a1fc51e7a4da584101aad9cdd2601,06752260,USGS,Lincoln
USGS-06752280,00060,00003,2023-06-15,1760,ft^3/s,Approved,2025-02-24T16:24:39Z,,af36731baeac4ee5a7a5b5d47e298ee3,06752280,USGS,Boxelder
USGS-06752260,00060,00003,2023-06-16,1980,ft^3/s,Approved,2025-02-21T16:41:42Z,REVISED,272a1fc51e7a4da584101aad9cdd2601,06752260,USGS,Lincoln
USGS-06752280,00060,00003,2023-06-16,1920,ft^3/s,Approved,2025-02-24T16:24:39Z,,af36731baeac4ee5a7a5b5d47e298ee3,06752280,USGS,Boxelder
USGS-06752260,00060,00003,2023-06-17,2210,ft^3/s,Approved,2025-02-21T16:41:42Z,REVISED,272a1fc51e7a4da584101aad9cdd2601,06752260,USGS,Lincoln
USGS-06752280,00060,00003,2023-06-17,2220,ft^3/s,Approved,2025-02-24T16:24:39Z,,af36731baeac4ee5a7a5b5d47e298ee3,06752280,USGS,Boxelder
USGS-06752260,00060,00003,2023-06-18,2090,ft^3/s,Approved,2025-02-21T16:41:42Z,REVISED,272a1fc51e7a4da584101aad9cdd2601,06752260,USGS,Lincoln
USGS-06752280,00060,00003,2023-06-18,2100,ft^3/s,Approved,2025-02-24T16:24:39Z,,af36731baeac4ee5a7a5b5d47e298ee3,06752280,USGS,Boxelder
USGS-06752260,00060,00003,2023-06-19,1780,ft^3/s,Approved,2025-02-21T16:41:42Z,REVISED,272a1fc51e7a4da584101aad9cdd2601,06752260,USGS,Lincoln
USGS-06752280,00060,00003,2023-06-19,1770,ft^3/s,Approved,2025-02-24T16:24:39Z,,af36731baeac4ee5a7a5b5d47e298ee3,06752280,USGS,Boxelder
USGS-06752260,00060,00003,2023-06-20,1670,ft^3/s,Approved,2025-02-21T16:41:42Z,REVISED,272a1fc51e7a4da584101aad9cdd2601,06752260,USGS,Lincoln
USGS-06752280,00060,00003,2023-06-20,1650,ft^3/s,Approved,2025-02-24T16:24:39Z,,af36731baeac4ee5a7a5b5d47e298ee3,06752280,USGS,Boxelder
USGS-06752260,00060,00003,2023-06-21,1590,ft^3/s,Approved,2025-02-21T16:41:42Z,REVISED,272a1fc51e7a4da584101aad9cdd2601,06752260,USGS,Lincoln
USGS-06752280,00060,00003,2023-06-21,1590,ft^3/s,Approved,2025-02-24T16:24:39Z,,af36731baeac4ee5a7a5b5d47e298ee3,06752280,USGS,Boxelder
USGS-06752260,00060,00003,2023-06-22,1700,ft^3/s,Approved,2025-02-21T16:41:42Z,REVISED,272a1fc51e7a4da584101aad9cdd2601,06752260,USGS,Lincoln
USGS-06752280,00060,00003,2023-06-22,1730,ft^3/s,Approved,2025-02-24T16:24:39Z,,af36731baeac4ee5a7a5b5d47e298ee3,06752280,USGS,Boxelder
USGS-06752260,00060,00003,2023-06-23,1790,ft^3/s,Approved,2025-02-21T16:41:42Z,REVISED,272a1fc51e7a4da584101aad9cdd2601,06752260,USGS,Lincoln
USGS-06752280,00060,00003,2023-06-23,1860,ft^3/s,Approved,2025-02-24T16:24:39Z,,af36731baeac4ee5a7a5b5d47e298ee3,06752280,USGS,Boxelder
USGS-06752260,00060,00003,2023-06-24,1640,ft^3/s,Approved,2025-02-21T16:41:42Z,REVISED,272a1fc51e7a4da584101aad9cdd2601,06752260,USGS,Lincoln
USGS-06752280,00060,00003,2023-06-24,1730,ft^3/s,Approved,2025-02-24T16:24:39Z,,af36731baeac4ee5a7a5b5d47e298ee3,06752280,USGS,Boxelder
USGS-06752260,00060,00003,2023-06-25,1360,ft^3/s,Approved,2025-02-21T16:41:42Z,REVISED,272a1fc51e7a4da584101aad9cdd2601,06752260,USGS,Lincoln
USGS-06752280,00060,00003,2023-06-25,1470,ft^3/s,Approved,2025-02-24T16:24:39Z,,af36731baeac4ee5a7a5b5d47e298ee3,06752280,USGS,Boxelder
USGS-06752260,00060,00003,2023-06-26,966,ft^3/s,Approved,2025-02-21T16:41:42Z,REVISED,272a1fc51e7a4da584101aad9cdd2601,06752260,USGS,Lincoln
USGS-06752280,00060,00003,2023-06-26,1150,ft^3/s,Approved,2025-02-24T16:24:39Z,,af36731baeac4ee5a7a5b5d47e298ee3,06752280,USGS,Boxelder
USGS-06752260,00060,00003,2023-06-27,694,ft^3/s,Approved,2025-02-21T16:41:42Z,REVISED,272a1fc51e7a4da584101aad9cdd2601,06752260,USGS,Lincoln
USGS-06752280,00060,00003,2023-06-27,880,ft^3/s,Approved,2025-02-24T16:24:39Z,,af36731baeac4ee5a7a5b5d47e298ee3,06752280,USGS,Boxelder
USGS-06752260,00060,00003,2023-06-28,541,ft^3/s,Approved,2025-02-21T16:41:42Z,REVISED,272a1fc51e7a4da584101aad9cdd2601,06752260,USGS,Lincoln
USGS-06752280,00060,00003,2023-06-28,714,ft^3/s,Approved,2025-02-24T16:24:39Z,,af36731baeac4ee5a7a5b5d47e298ee3,06752280,USGS,Boxelder
USGS-06752260,00060,00003,2023-06-29,323,ft^3/s,Approved,2025-02-21T16:41:42Z,REVISED,272a1fc51e7a4da584101aad9cdd2601,06752260,USGS,Lincoln
USGS-06752280,00060,00003,2023-06-29,460,ft^3/s,Approved,2025-02-24T16:24:39Z,,af36731baeac4ee5a7a5b5d47e298ee3,06752280,USGS,Boxelder
USGS-06752260,00060,00003,2023-06-30,313,ft^3/s,Approved,2025-02-21T16:41:42Z,REVISED,272a1fc51e7a4da584101aad9cdd2601,06752260,USGS,Lincoln
USGS-06752280,00060,00003,2023-06-30,394,ft^3/s,Approved,2025-02-24T16:24:39Z,,af36731baeac4ee5a7a5b5d47e298ee3,06752280,USGS,Boxelder
USGS-06752260,00060,00003,2023-07-01,515,ft^3/s,Approved,2025-02-21T16:41:42Z,REVISED,272a1fc51e7a4da584101aad9cdd2601,06752260,USGS,Lincoln
USGS-06752280,00060,00003,2023-07-01,666,ft^3/s,Approved,2025-02-24T16:24:39Z,,af36731baeac4ee5a7a5b5d47e298ee3,06752280,USGS,Boxelder
USGS-06752260,00060,00003,2023-07-02,374,ft^3/s,Approved,2025-02-21T16:41:42Z,REVISED,272a1fc51e7a4da584101aad9cdd2601,06752260,USGS,Lincoln
USGS-06752280,00060,00003,2023-07-02,513,ft^3/s,Approved,2025-02-24T16:24:39Z,,af36731baeac4ee5a7a5b5d47e298ee3,06752280,USGS,Boxelder
USGS-06752260,00060,00003,2023-07-03,239,ft^3/s,Approved,2025-02-21T16:41:42Z,REVISED,272a1fc51e7a4da584101aad9cdd2601,06752260,USGS,Lincoln
USGS-06752280,00060,00003,2023-07-03,315,ft^3/s,Approved,2025-02-24T16:24:39Z,,af36731baeac4ee5a7a5b5d47e298ee3,06752280,USGS,Boxelder
USGS-06752260,00060,00003,2023-07-04,178,ft^3/s,Approved,2025-02-21T16:41:42Z,REVISED,272a1fc51e7a4da584101aad9cdd2601,06752260,USGS,Lincoln
USGS-06752280,00060,00003,2023-07-04,178,ft^3/s,Approved,2025-02-24T16:24:39Z,,af36731baeac4ee5a7a5b5d47e298ee3,06752280,USGS,Boxelder
USGS-06752260,00060,00003,2023-07-05,351,ft^3/s,Approved,2025-02-21T16:41:42Z,REVISED,272a1fc51e7a4da584101aad9cdd2601,06752260,USGS,Lincoln
USGS-06752280,00060,00003,2023-07-05,393,ft^3/s,Approved,2025-02-24T16:24:39Z,,af36731baeac4ee5a7a5b5d47e298ee3,06752280,USGS,Boxelder
USGS-06752260,00060,00003,2023-07-06,454,ft^3/s,Approved,2025-02-21T16:41:42Z,REVISED,272a1fc51e7a4da584101aad9cdd2601,06752260,USGS,Lincoln
USGS-06752280,00060,00003,2023-07-06,527,ft^3/s,Approved,2025-02-24T16:24:39Z,,af36731baeac4ee5a7a5b5d47e298ee3,06752280,USGS,Boxelder
USGS-06752260,00060,00003,2023-07-07,391,ft^3/s,Approved,2025-02-21T16:41:42Z,REVISED,272a1fc51e7a4da584101aad9cdd2601,06752260,USGS,Lincoln
USGS-06752280,00060,00003,2023-07-07,473,ft^3/s,Approved,2025-02-24T16:24:39Z,,af36731baeac4ee5a7a5b5d47e298ee3,06752280,USGS,Boxelder
USGS-06752260,00060,00003,2023-07-08,361,ft^3/s,Approved,2025-02-21T16:41:42Z,REVISED,272a1fc51e7a4da584101aad9cdd2601,06752260,USGS,Lincoln
USGS-06752280,00060,00003,2023-07-08,426,ft^3/s,Approved,2025-02-24T16:24:39Z,,af36731baeac4ee5a7a5b5d47e298ee3,06752280,USGS,Boxelder
USGS-06752260,00060,00003,2023-07-09,474,ft^3/s,Approved,2025-02-21T16:41:42Z,REVISED,272a1fc51e7a4da584101aad9cdd2601,06752260,USGS,Lincoln
USGS-06752280,00060,00003,2023-07-09,561,ft^3/s,Approved,2025-02-24T16:24:39Z,,af36731baeac4ee5a7a5b5d47e298ee3,06752280,USGS,Boxelder
USGS-06752260,00060,00003,2023-07-10,442,ft^3/s,Approved,2025-02-21T16:41:42Z,REVISED,272a1fc51e7a4da584101aad9cdd2601,06752260,USGS,Lincoln
USGS-06752280,00060,00003,2023-07-10,548,ft^3/s,Approved,2025-02-24T16:24:39Z,,af36731baeac4ee5a7a5b5d47e298ee3,06752280,USGS,Boxelder
USGS-06752260,00060,00003,2023-07-11,331,ft^3/s,Approved,2025-02-21T16:41:42Z,REVISED,272a1fc51e7a4da584101aad9cdd2601,06752260,USGS,Lincoln
USGS-06752280,00060,00003,2023-07-11,418,ft^3/s,Approved,2025-02-24T16:24:39Z,,af36731baeac4ee5a7a5b5d47e298ee3,06752280,USGS,Boxelder
USGS-06752260,00060,00003,2023-07-12,242,ft^3/s,Approved,2025-02-21T16:41:42Z,REVISED,272a1fc51e7a4da584101aad9cdd2601,06752260,USGS,Lincoln
USGS-06752280,00060,00003,2023-07-12,271,ft^3/s,Approved,2025-02-24T16:24:39Z,,af36731baeac4ee5a7a5b5d47e298ee3,06752280,USGS,Boxelder
USGS-06752260,00060,00003,2023-07-13,150,ft^3/s,Approved,2026-01-14T23:29:26Z,,272a1fc51e7a4da584101aad9cdd2601,06752260,USGS,Lincoln
USGS-06752280,00060,00003,2023-07-13,172,ft^3/s,Approved,2025-02-24T16:24:39Z,,af36731baeac4ee5a7a5b5d47e298ee3,06752280,USGS,Boxelder
USGS-06752260,00060,00003,2023-07-14,132,ft^3/s,Approved,2025-02-21T16:41:42Z,,272a1fc51e7a4da584101aad9cdd2601,06752260,USGS,Lincoln
USGS-06752280,00060,00003,2023-07-14,127,ft^3/s,Approved,2025-02-24T16:24:39Z,,af36731baeac4ee5a7a5b5d47e298ee3,06752280,USGS,Boxelder
USGS-06752260,00060,00003,2023-07-15,134,ft^3/s,Approved,2025-02-21T16:41:42Z,,272a1fc51e7a4da584101aad9cdd2601,06752260,USGS,Lincoln
USGS-06752280,00060,00003,2023-07-15,136,ft^3/s,Approved,2025-02-24T16:24:39Z,,af36731baeac4ee5a7a5b5d47e298ee3,06752280,USGS,Boxelder
USGS-06752260,00060,00003,2023-07-16,44.2,ft^3/s,Approved,2025-02-21T16:41:42Z,,272a1fc51e7a4da584101aad9cdd2601,06752260,USGS,Lincoln
USGS-06752280,00060,00003,2023-07-16,69.1,ft^3/s,Approved,2025-02-24T16:24:39Z,,af36731baeac4ee5a7a5b5d47e298ee3,06752280,USGS,Boxelder
USGS-06752260,00060,00003,2023-07-17,56.4,ft^3/s,Approved,2025-02-21T16:41:42Z,,272a1fc51e7a4da584101aad9cdd2601,06752260,USGS,Lincoln
USGS-06752280,00060,00003,2023-07-17,59.6,ft^3/s,Approved,2025-02-24T16:24:39Z,,af36731baeac4ee5a7a5b5d47e298ee3,06752280,USGS,Boxelder
USGS-06752260,00060,00003,2023-07-18,60.8,ft^3/s,Approved,2025-02-21T16:41:42Z,,272a1fc51e7a4da584101aad9cdd2601,06752260,USGS,Lincoln
USGS-06752280,00060,00003,2023-07-18,60.9,ft^3/s,Approved,2025-02-24T16:24:39Z,,af36731baeac4ee5a7a5b5d47e298ee3,06752280,USGS,Boxelder
USGS-06752260,00060,00003,2023-07-19,48,ft^3/s,Approved,2025-02-21T16:41:42Z,,272a1fc51e7a4da584101aad9cdd2601,06752260,USGS,Lincoln
USGS-06752280,00060,00003,2023-07-19,49.2,ft^3/s,Approved,2025-02-24T16:24:39Z,,af36731baeac4ee5a7a5b5d47e298ee3,06752280,USGS,Boxelder
USGS-06752260,00060,00003,2023-07-20,63.4,ft^3/s,Approved,2025-02-21T16:41:42Z,,272a1fc51e7a4da584101aad9cdd2601,06752260,USGS,Lincoln
USGS-06752280,00060,00003,2023-07-20,73.8,ft^3/s,Approved,2025-02-24T16:24:39Z,,af36731baeac4ee5a7a5b5d47e298ee3,06752280,USGS,Boxelder
USGS-06752260,00060,00003,2023-07-21,82.6,ft^3/s,Approved,2025-02-21T16:41:42Z,,272a1fc51e7a4da584101aad9cdd2601,06752260,USGS,Lincoln
USGS-06752280,00060,00003,2023-07-21,99.5,ft^3/s,Approved,2025-02-24T16:24:39Z,,af36731baeac4ee5a7a5b5d47e298ee3,06752280,USGS,Boxelder
USGS-06752260,00060,00003,2023-07-22,7.8,ft^3/s,Approved,2025-02-21T16:41:42Z,,272a1fc51e7a4da584101aad9cdd2601,06752260,USGS,Lincoln
USGS-06752280,00060,00003,2023-07-22,29.1,ft^3/s,Approved,2025-02-24T16:24:39Z,,af36731baeac4ee5a7a5b5d47e298ee3,06752280,USGS,Boxelder
USGS-06752260,00060,00003,2023-07-23,8.61,ft^3/s,Approved,2025-02-21T16:41:42Z,,272a1fc51e7a4da584101aad9cdd2601,06752260,USGS,Lincoln
USGS-06752280,00060,00003,2023-07-23,23.7,ft^3/s,Approved,2025-02-24T16:24:39Z,,af36731baeac4ee5a7a5b5d47e298ee3,06752280,USGS,Boxelder
USGS-06752260,00060,00003,2023-07-24,22.5,ft^3/s,Approved,2025-02-21T16:41:42Z,,272a1fc51e7a4da584101aad9cdd2601,06752260,USGS,Lincoln
USGS-06752280,00060,00003,2023-07-24,29.5,ft^3/s,Approved,2025-02-24T16:24:39Z,,af36731baeac4ee5a7a5b5d47e298ee3,06752280,USGS,Boxelder
USGS-06752260,00060,00003,2023-07-25,27.4,ft^3/s,Approved,2025-02-21T16:41:42Z,,272a1fc51e7a4da584101aad9cdd2601,06752260,USGS,Lincoln
USGS-06752280,00060,00003,2023-07-25,28.4,ft^3/s,Approved,2025-02-24T16:24:39Z,,af36731baeac4ee5a7a5b5d47e298ee3,06752280,USGS,Boxelder
USGS-06752260,00060,00003,2023-07-26,52,ft^3/s,Approved,2025-02-21T16:41:42Z,,272a1fc51e7a4da584101aad9cdd2601,06752260,USGS,Lincoln
USGS-06752280,00060,00003,2023-07-26,44.6,ft^3/s,Approved,2025-02-24T16:24:39Z,,af36731baeac4ee5a7a5b5d47e298ee3,06752280,USGS,Boxelder
USGS-06752260,00060,00003,2023-07-27,92.1,ft^3/s,Approved,2025-02-21T16:41:42Z,,272a1fc51e7a4da584101aad9cdd2601,06752260,USGS,Lincoln
USGS-06752280,00060,00003,2023-07-27,82.8,ft^3/s,Approved,2025-02-24T16:24:39Z,,af36731baeac4ee5a7a5b5d47e298ee3,06752280,USGS,Boxelder
USGS-06752260,00060,00003,2023-07-28,94.3,ft^3/s,Approved,2025-02-21T16:41:42Z,,272a1fc51e7a4da584101aad9cdd2601,06752260,USGS,Lincoln
USGS-06752280,00060,00003,2023-07-28,93.2,ft^3/s,Approved,2025-02-24T16:24:39Z,,af36731baeac4ee5a7a5b5d47e298ee3,06752280,USGS,Boxelder
USGS-06752260,00060,00003,2023-07-29,84.8,ft^3/s,Approved,2025-02-21T16:41:42Z,,272a1fc51e7a4da584101aad9cdd2601,06752260,USGS,Lincoln
USGS-06752280,00060,00003,2023-07-29,79.8,ft^3/s,Approved,2025-02-24T16:24:39Z,,af36731baeac4ee5a7a5b5d47e298ee3,06752280,USGS,Boxelder
USGS-06752260,00060,00003,2023-07-30,114,ft^3/s,Approved,2025-02-21T16:41:42Z,,272a1fc51e7a4da584101aad9cdd2601,06752260,USGS,Lincoln
USGS-06752280,00060,00003,2023-07-30,98.1,ft^3/s,Approved,2025-02-24T16:24:39Z,,af36731baeac4ee5a7a5b5d47e298ee3,06752280,USGS,Boxelder
USGS-06752260,00060,00003,2023-07-31,191,ft^3/s,Approved,2025-02-21T16:41:42Z,,272a1fc51e7a4da584101aad9cdd2601,06752260,USGS,Lincoln
USGS-06752280,00060,00003,2023-07-31,274,ft^3/s,Approved,2025-02-24T16:24:39Z,,af36731baeac4ee5a7a5b5d47e298ee3,06752280,USGS,Boxelder
USGS-06752260,00060,00003,2023-08-01,287,ft^3/s,Approved,2025-02-21T16:41:42Z,,272a1fc51e7a4da584101aad9cdd2601,06752260,USGS,Lincoln
USGS-06752280,00060,00003,2023-08-01,479,ft^3/s,Approved,2025-02-24T16:24:39Z,,af36731baeac4ee5a7a5b5d47e298ee3,06752280,USGS,Boxelder
USGS-06752260,00060,00003,2023-08-02,90.4,ft^3/s,Approved,2025-02-21T16:41:42Z,,272a1fc51e7a4da584101aad9cdd2601,06752260,USGS,Lincoln
USGS-06752280,00060,00003,2023-08-02,131,ft^3/s,Approved,2025-02-24T16:24:39Z,,af36731baeac4ee5a7a5b5d47e298ee3,06752280,USGS,Boxelder
USGS-06752260,00060,00003,2023-08-03,226,ft^3/s,Approved,2025-02-21T16:41:42Z,,272a1fc51e7a4da584101aad9cdd2601,06752260,USGS,Lincoln
USGS-06752280,00060,00003,2023-08-03,343,ft^3/s,Approved,2025-02-24T16:24:39Z,,af36731baeac4ee5a7a5b5d47e298ee3,06752280,USGS,Boxelder
USGS-06752260,00060,00003,2023-08-04,177,ft^3/s,Approved,2025-02-21T16:41:42Z,,272a1fc51e7a4da584101aad9cdd2601,06752260,USGS,Lincoln
USGS-06752280,00060,00003,2023-08-04,283,ft^3/s,Approved,2025-02-24T16:24:39Z,,af36731baeac4ee5a7a5b5d47e298ee3,06752280,USGS,Boxelder
USGS-06752260,00060,00003,2023-08-05,55,ft^3/s,Approved,2025-02-21T16:41:42Z,,272a1fc51e7a4da584101aad9cdd2601,06752260,USGS,Lincoln
USGS-06752280,00060,00003,2023-08-05,93.9,ft^3/s,Approved,2025-02-24T16:24:39Z,,af36731baeac4ee5a7a5b5d47e298ee3,06752280,USGS,Boxelder
USGS-06752260,00060,00003,2023-08-06,82.8,ft^3/s,Approved,2025-02-21T16:41:42Z,,272a1fc51e7a4da584101aad9cdd2601,06752260,USGS,Lincoln
USGS-06752280,00060,00003,2023-08-06,104,ft^3/s,Approved,2025-02-24T16:24:39Z,,af36731baeac4ee5a7a5b5d47e298ee3,06752280,USGS,Boxelder
USGS-06752260,00060,00003,2023-08-07,101,ft^3/s,Approved,2025-02-21T16:41:42Z,,272a1fc51e7a4da584101aad9cdd2601,06752260,USGS,Lincoln
USGS-06752280,00060,00003,2023-08-07,115,ft^3/s,Approved,2025-02-24T16:24:39Z,,af36731baeac4ee5a7a5b5d47e298ee3,06752280,USGS,Boxelder
USGS-06752260,00060,00003,2023-08-08,73.6,ft^3/s,Approved,2025-02-21T16:41:42Z,,272a1fc51e7a4da584101aad9cdd2601,06752260,USGS,Lincoln
USGS-06752280,00060,00003,2023-08-08,91.9,ft^3/s,Approved,2025-02-24T16:24:39Z,,af36731baeac4ee5a7a5b5d47e298ee3,06752280,USGS,Boxelder
USGS-06752260,00060,00003,2023-08-09,47.2,ft^3/s,Approved,2025-02-21T16:41:42Z,,272a1fc51e7a4da584101aad9cdd2601,06752260,USGS,Lincoln
USGS-06752280,00060,00003,2023-08-09,71.7,ft^3/s,Approved,2025-02-24T16:24:39Z,,af36731baeac4ee5a7a5b5d47e298ee3,06752280,USGS,Boxelder
USGS-06752260,00060,00003,2023-08-10,40,ft^3/s,Approved,2025-02-21T16:41:42Z,,272a1fc51e7a4da584101aad9cdd2601,06752260,USGS,Lincoln
USGS-06752280,00060,00003,2023-08-10,59.4,ft^3/s,Approved,2025-02-24T16:24:39Z,,af36731baeac4ee5a7a5b5d47e298ee3,06752280,USGS,Boxelder
USGS-06752260,00060,00003,2023-08-11,29.1,ft^3/s,Approved,2025-02-21T16:41:42Z,,272a1fc51e7a4da584101aad9cdd2601,06752260,USGS,Lincoln
USGS-06752280,00060,00003,2023-08-11,51.4,ft^3/s,Approved,2025-02-24T16:24:39Z,,af36731baeac4ee5a7a5b5d47e298ee3,06752280,USGS,Boxelder
USGS-06752260,00060,00003,2023-08-12,29.7,ft^3/s,Approved,2025-02-21T16:41:42Z,,272a1fc51e7a4da584101aad9cdd2601,06752260,USGS,Lincoln
USGS-06752280,00060,00003,2023-08-12,46.7,ft^3/s,Approved,2025-02-24T16:24:39Z,,af36731baeac4ee5a7a5b5d47e298ee3,06752280,USGS,Boxelder
USGS-06752260,00060,00003,2023-08-13,55.7,ft^3/s,Approved,2025-02-21T16:41:42Z,,272a1fc51e7a4da584101aad9cdd2601,06752260,USGS,Lincoln
USGS-06752280,00060,00003,2023-08-13,72,ft^3/s,Approved,2025-02-24T16:24:39Z,,af36731baeac4ee5a7a5b5d47e298ee3,06752280,USGS,Boxelder
USGS-06752260,00060,00003,2023-08-14,48,ft^3/s,Approved,2025-02-21T16:41:42Z,,272a1fc51e7a4da584101aad9cdd2601,06752260,USGS,Lincoln
USGS-06752280,00060,00003,2023-08-14,65.4,ft^3/s,Approved,2025-02-24T16:24:39Z,,af36731baeac4ee5a7a5b5d47e298ee3,06752280,USGS,Boxelder
USGS-06752260,00060,00003,2023-08-15,44.5,ft^3/s,Approved,2025-02-21T16:41:42Z,,272a1fc51e7a4da584101aad9cdd2601,06752260,USGS,Lincoln
USGS-06752280,00060,00003,2023-08-15,63.8,ft^3/s,Approved,2025-02-24T16:24:39Z,,af36731baeac4ee5a7a5b5d47e298ee3,06752280,USGS,Boxelder
USGS-06752260,00060,00003,2023-08-16,36,ft^3/s,Approved,2025-02-21T16:41:42Z,,272a1fc51e7a4da584101aad9cdd2601,06752260,USGS,Lincoln
USGS-06752280,00060,00003,2023-08-16,48.1,ft^3/s,Approved,2025-02-24T16:24:39Z,,af36731baeac4ee5a7a5b5d47e298ee3,06752280,USGS,Boxelder
USGS-06752260,00060,00003,2023-08-17,64.7,ft^3/s,Approved,2025-02-21T16:41:42Z,,272a1fc51e7a4da584101aad9cdd2601,06752260,USGS,Lincoln
USGS-06752280,00060,00003,2023-08-17,69.5,ft^3/s,Approved,2025-02-24T16:24:39Z,,af36731baeac4ee5a7a5b5d47e298ee3,06752280,USGS,Boxelder
USGS-06752260,00060,00003,2023-08-18,72.1,ft^3/s,Approved,2025-02-21T16:41:42Z,,272a1fc51e7a4da584101aad9cdd2601,06752260,USGS,Lincoln
USGS-06752280,00060,00003,2023-08-18,78,ft^3/s,Approved,2025-02-24T16:24:39Z,,af36731baeac4ee5a7a5b5d47e298ee3,06752280,USGS,Boxelder
USGS-06752260,00060,00003,2023-08-19,94.7,ft^3/s,Approved,2025-02-21T16:41:42Z,,272a1fc51e7a4da584101aad9cdd2601,06752260,USGS,Lincoln
USGS-06752280,00060,00003,2023-08-19,93.4,ft^3/s,Approved,2025-02-24T16:24:39Z,,af36731baeac4ee5a7a5b5d47e298ee3,06752280,USGS,Boxelder
USGS-06752260,00060,00003,2023-08-20,111,ft^3/s,Approved,2025-02-21T16:41:42Z,,272a1fc51e7a4da584101aad9cdd2601,06752260,USGS,Lincoln
USGS-06752280,00060,00003,2023-08-20,108,ft^3/s,Approved,2025-02-24T16:24:39Z,,af36731baeac4ee5a7a5b5d47e298ee3,06752280,USGS,Boxelder
USGS-06752260,00060,00003,2023-08-21,94.6,ft^3/s,Approved,2025-02-21T16:41:42Z,,272a1fc51e7a4da584101aad9cdd2601,06752260,USGS,Lincoln
USGS-06752280,00060,00003,2023-08-21,96.6,ft^3/s,Approved,2025-02-24T16:24:39Z,,af36731baeac4ee5a7a5b5d47e298ee3,06752280,USGS,Boxelder
USGS-06752260,00060,00003,2023-08-22,98.7,ft^3/s,Approved,2025-02-21T16:41:42Z,,272a1fc51e7a4da584101aad9cdd2601,06752260,USGS,Lincoln
USGS-06752280,00060,00003,2023-08-22,95.6,ft^3/s,Approved,2025-02-24T16:24:39Z,,af36731baeac4ee5a7a5b5d47e298ee3,06752280,USGS,Boxelder
USGS-06752260,00060,00003,2023-08-23,106,ft^3/s,Approved,2025-02-21T16:41:42Z,,272a1fc51e7a4da584101aad9cdd2601,06752260,USGS,Lincoln
USGS-06752280,00060,00003,2023-08-23,105,ft^3/s,Approved,2025-02-24T16:24:39Z,,af36731baeac4ee5a7a5b5d47e298ee3,06752280,USGS,Boxelder
USGS-06752260,00060,00003,2023-08-24,132,ft^3/s,Approved,2025-02-21T16:41:42Z,,272a1fc51e7a4da584101aad9cdd2601,06752260,USGS,Lincoln
USGS-06752280,00060,00003,2023-08-24,121,ft^3/s,Approved,2025-02-24T16:24:39Z,,af36731baeac4ee5a7a5b5d47e298ee3,06752280,USGS,Boxelder
USGS-06752260,00060,00003,2023-08-25,142,ft^3/s,Approved,2025-02-21T16:41:42Z,,272a1fc51e7a4da584101aad9cdd2601,06752260,USGS,Lincoln
USGS-06752280,00060,00003,2023-08-25,148,ft^3/s,Approved,2025-02-24T16:24:39Z,,af36731baeac4ee5a7a5b5d47e298ee3,06752280,USGS,Boxelder
USGS-06752260,00060,00003,2023-08-26,91.7,ft^3/s,Approved,2025-02-21T16:41:42Z,,272a1fc51e7a4da584101aad9cdd2601,06752260,USGS,Lincoln
USGS-06752280,00060,00003,2023-08-26,89.4,ft^3/s,Approved,2025-02-24T16:24:39Z,,af36731baeac4ee5a7a5b5d47e298ee3,06752280,USGS,Boxelder
USGS-06752260,00060,00003,2023-08-27,77.9,ft^3/s,Approved,2025-02-21T16:41:42Z,,272a1fc51e7a4da584101aad9cdd2601,06752260,USGS,Lincoln
USGS-06752280,00060,00003,2023-08-27,63,ft^3/s,Approved,2025-02-24T16:24:39Z,,af36731baeac4ee5a7a5b5d47e298ee3,06752280,USGS,Boxelder
USGS-06752260,00060,00003,2023-08-28,91.3,ft^3/s,Approved,2025-02-21T16:41:42Z,,272a1fc51e7a4da584101aad9cdd2601,06752260,USGS,Lincoln
USGS-06752280,00060,00003,2023-08-28,93.2,ft^3/s,Approved,2025-02-24T16:24:39Z,,af36731baeac4ee5a7a5b5d47e298ee3,06752280,USGS,Boxelder
USGS-06752260,00060,00003,2023-08-29,94.4,ft^3/s,Approved,2025-02-21T16:41:42Z,,272a1fc51e7a4da584101aad9cdd2601,06752260,USGS,Lincoln
USGS-06752280,00060,00003,2023-08-29,85.2,ft^3/s,Approved,2025-02-24T16:24:39Z,,af36731baeac4ee5a7a5b5d47e298ee3,06752280,USGS,Boxelder
USGS-06752260,00060,00003,2023-08-30,80.8,ft^3/s,Approved,2025-02-21T16:41:42Z,,272a1fc51e7a4da584101aad9cdd2601,06752260,USGS,Lincoln
USGS-06752280,00060,00003,2023-08-30,77.3,ft^3/s,Approved,2025-02-24T16:24:39Z,,af36731baeac4ee5a7a5b5d47e298ee3,06752280,USGS,Boxelder
USGS-06752260,00060,00003,2023-08-31,47.1,ft^3/s,Approved,2025-02-21T16:41:42Z,,272a1fc51e7a4da584101aad9cdd2601,06752260,USGS,Lincoln
USGS-06752280,00060,00003,2023-08-31,44.5,ft^3/s,Approved,2025-02-24T16:24:39Z,,af36731baeac4ee5a7a5b5d47e298ee3,06752280,USGS,Boxelder
USGS-06752260,00060,00003,2023-09-01,24.9,ft^3/s,Approved,2025-02-21T16:41:42Z,,272a1fc51e7a4da584101aad9cdd2601,06752260,USGS,Lincoln
USGS-06752280,00060,00003,2023-09-01,26.1,ft^3/s,Approved,2025-02-24T16:24:39Z,,af36731baeac4ee5a7a5b5d47e298ee3,06752280,USGS,Boxelder
USGS-06752260,00060,00003,2023-09-02,16.6,ft^3/s,Approved,2025-02-21T16:41:42Z,,272a1fc51e7a4da584101aad9cdd2601,06752260,USGS,Lincoln
USGS-06752280,00060,00003,2023-09-02,18,ft^3/s,Approved,2025-02-24T16:24:39Z,ESTIMATED,af36731baeac4ee5a7a5b5d47e298ee3,06752280,USGS,Boxelder
USGS-06752260,00060,00003,2023-09-03,13.3,ft^3/s,Approved,2025-02-21T16:41:42Z,,272a1fc51e7a4da584101aad9cdd2601,06752260,USGS,Lincoln
USGS-06752280,00060,00003,2023-09-03,15.6,ft^3/s,Approved,2026-01-15T00:42:43Z,,af36731baeac4ee5a7a5b5d47e298ee3,06752280,USGS,Boxelder
USGS-06752260,00060,00003,2023-09-04,86.6,ft^3/s,Approved,2025-02-21T16:41:42Z,,272a1fc51e7a4da584101aad9cdd2601,06752260,USGS,Lincoln
USGS-06752280,00060,00003,2023-09-04,64.5,ft^3/s,Approved,2025-02-24T16:24:39Z,,af36731baeac4ee5a7a5b5d47e298ee3,06752280,USGS,Boxelder
USGS-06752260,00060,00003,2023-09-05,101,ft^3/s,Approved,2025-02-21T16:41:42Z,,272a1fc51e7a4da584101aad9cdd2601,06752260,USGS,Lincoln
USGS-06752280,00060,00003,2023-09-05,102,ft^3/s,Approved,2025-02-24T16:24:39Z,,af36731baeac4ee5a7a5b5d47e298ee3,06752280,USGS,Boxelder
USGS-06752260,00060,00003,2023-09-06,44.1,ft^3/s,Approved,2025-02-21T16:41:42Z,,272a1fc51e7a4da584101aad9cdd2601,06752260,USGS,Lincoln
USGS-06752280,00060,00003,2023-09-06,43.9,ft^3/s,Approved,2025-02-24T16:24:39Z,,af36731baeac4ee5a7a5b5d47e298ee3,06752280,USGS,Boxelder
USGS-06752260,00060,00003,2023-09-07,36.7,ft^3/s,Approved,2025-02-21T16:41:42Z,,272a1fc51e7a4da584101aad9cdd2601,06752260,USGS,Lincoln
USGS-06752280,00060,00003,2023-09-07,26.5,ft^3/s,Approved,2025-02-24T16:24:39Z,,af36731baeac4ee5a7a5b5d47e298ee3,06752280,USGS,Boxelder
USGS-06752260,00060,00003,2023-09-08,27.6,ft^3/s,Approved,2025-02-21T16:41:42Z,,272a1fc51e7a4da584101aad9cdd2601,06752260,USGS,Lincoln
USGS-06752280,00060,00003,2023-09-08,26.9,ft^3/s,Approved,2025-02-24T16:24:39Z,,af36731baeac4ee5a7a5b5d47e298ee3,06752280,USGS,Boxelder
USGS-06752260,00060,00003,2023-09-09,21,ft^3/s,Approved,2025-02-21T16:41:42Z,,272a1fc51e7a4da584101aad9cdd2601,06752260,USGS,Lincoln
USGS-06752280,00060,00003,2023-09-09,15.2,ft^3/s,Approved,2025-02-24T16:24:39Z,,af36731baeac4ee5a7a5b5d47e298ee3,06752280,USGS,Boxelder
USGS-06752260,00060,00003,2023-09-10,68.6,ft^3/s,Approved,2025-02-21T16:41:42Z,,272a1fc51e7a4da584101aad9cdd2601,06752260,USGS,Lincoln
USGS-06752280,00060,00003,2023-09-10,55.6,ft^3/s,Approved,2025-02-24T16:24:39Z,,af36731baeac4ee5a7a5b5d47e298ee3,06752280,USGS,Boxelder
USGS-06752260,00060,00003,2023-09-11,75.1,ft^3/s,Approved,2025-02-21T16:41:42Z,,272a1fc51e7a4da584101aad9cdd2601,06752260,USGS,Lincoln
USGS-06752280,00060,00003,2023-09-11,71,ft^3/s,Approved,2025-02-24T16:24:39Z,,af36731baeac4ee5a7a5b5d47e298ee3,06752280,USGS,Boxelder
USGS-06752260,00060,00003,2023-09-12,61.1,ft^3/s,Approved,2025-02-21T16:41:42Z,,272a1fc51e7a4da584101aad9cdd2601,06752260,USGS,Lincoln
USGS-06752280,00060,00003,2023-09-12,53.8,ft^3/s,Approved,2025-02-24T16:24:39Z,,af36731baeac4ee5a7a5b5d47e298ee3,06752280,USGS,Boxelder
USGS-06752260,00060,00003,2023-09-13,49.3,ft^3/s,Approved,2025-02-21T16:41:42Z,,272a1fc51e7a4da584101aad9cdd2601,06752260,USGS,Lincoln
USGS-06752280,00060,00003,2023-09-13,48.5,ft^3/s,Approved,2025-02-24T16:24:39Z,,af36731baeac4ee5a7a5b5d47e298ee3,06752280,USGS,Boxelder
USGS-06752260,00060,00003,2023-09-14,42.5,ft^3/s,Approved,2025-02-21T16:41:42Z,,272a1fc51e7a4da584101aad9cdd2601,06752260,USGS,Lincoln
USGS-06752280,00060,00003,2023-09-14,46.2,ft^3/s,Approved,2025-02-24T16:24:39Z,,af36731baeac4ee5a7a5b5d47e298ee3,06752280,USGS,Boxelder
USGS-06752260,00060,00003,2023-09-15,39.6,ft^3/s,Approved,2025-02-21T16:41:42Z,,272a1fc51e7a4da584101aad9cdd2601,06752260,USGS,Lincoln
USGS-06752280,00060,00003,2023-09-15,36.4,ft^3/s,Approved,2025-02-24T16:24:39Z,,af36731baeac4ee5a7a5b5d47e298ee3,06752280,USGS,Boxelder
USGS-06752260,00060,00003,2023-09-16,51.8,ft^3/s,Approved,2025-02-21T16:41:42Z,,272a1fc51e7a4da584101aad9cdd2601,06752260,USGS,Lincoln
USGS-06752280,00060,00003,2023-09-16,53.2,ft^3/s,Approved,2025-02-24T16:24:39Z,,af36731baeac4ee5a7a5b5d47e298ee3,06752280,USGS,Boxelder
USGS-06752260,00060,00003,2023-09-17,20.4,ft^3/s,Approved,2025-02-21T16:41:42Z,,272a1fc51e7a4da584101aad9cdd2601,06752260,USGS,Lincoln
USGS-06752280,00060,00003,2023-09-17,22.5,ft^3/s,Approved,2025-02-24T16:24:39Z,,af36731baeac4ee5a7a5b5d47e298ee3,06752280,USGS,Boxelder
USGS-06752260,00060,00003,2023-09-18,11,ft^3/s,Approved,2025-02-21T16:41:42Z,,272a1fc51e7a4da584101aad9cdd2601,06752260,USGS,Lincoln
USGS-06752280,00060,00003,2023-09-18,14.6,ft^3/s,Approved,2025-02-24T16:24:39Z,,af36731baeac4ee5a7a5b5d47e298ee3,06752280,USGS,Boxelder
USGS-06752260,00060,00003,2023-09-19,11.3,ft^3/s,Approved,2025-02-21T16:41:42Z,,272a1fc51e7a4da584101aad9cdd2601,06752260,USGS,Lincoln
USGS-06752280,00060,00003,2023-09-19,20.8,ft^3/s,Approved,2025-02-24T16:24:39Z,,af36731baeac4ee5a7a5b5d47e298ee3,06752280,USGS,Boxelder
USGS-06752260,00060,00003,2023-09-20,24.3,ft^3/s,Approved,2025-02-21T16:41:42Z,,272a1fc51e7a4da584101aad9cdd2601,06752260,USGS,Lincoln
USGS-06752280,00060,00003,2023-09-20,25.6,ft^3/s,Approved,2025-02-24T16:24:39Z,,af36731baeac4ee5a7a5b5d47e298ee3,06752280,USGS,Boxelder
USGS-06752260,00060,00003,2023-09-21,61.3,ft^3/s,Approved,2025-02-21T16:41:42Z,,272a1fc51e7a4da584101aad9cdd2601,06752260,USGS,Lincoln
USGS-06752280,00060,00003,2023-09-21,63.7,ft^3/s,Approved,2025-02-24T16:24:39Z,,af36731baeac4ee5a7a5b5d47e298ee3,06752280,USGS,Boxelder
USGS-06752260,00060,00003,2023-09-22,48.6,ft^3/s,Approved,2025-02-21T16:41:42Z,,272a1fc51e7a4da584101aad9cdd2601,06752260,USGS,Lincoln
USGS-06752280,00060,00003,2023-09-22,54.5,ft^3/s,Approved,2025-02-24T16:24:39Z,,af36731baeac4ee5a7a5b5d47e298ee3,06752280,USGS,Boxelder
USGS-06752260,00060,00003,2023-09-23,50.7,ft^3/s,Approved,2025-02-21T16:41:42Z,,272a1fc51e7a4da584101aad9cdd2601,06752260,USGS,Lincoln
USGS-06752280,00060,00003,2023-09-23,49.1,ft^3/s,Approved,2025-02-24T16:24:39Z,,af36731baeac4ee5a7a5b5d47e298ee3,06752280,USGS,Boxelder
USGS-06752260,00060,00003,2023-09-24,46.4,ft^3/s,Approved,2025-02-21T16:41:42Z,,272a1fc51e7a4da584101aad9cdd2601,06752260,USGS,Lincoln
USGS-06752280,00060,00003,2023-09-24,50.4,ft^3/s,Approved,2025-02-24T16:24:39Z,,af36731baeac4ee5a7a5b5d47e298ee3,06752280,USGS,Boxelder
USGS-06752260,00060,00003,2023-09-25,37,ft^3/s,Approved,2025-02-21T16:41:42Z,,272a1fc51e7a4da584101aad9cdd2601,06752260,USGS,Lincoln
USGS-06752280,00060,00003,2023-09-25,41,ft^3/s,Approved,2025-02-24T16:24:39Z,,af36731baeac4ee5a7a5b5d47e298ee3,06752280,USGS,Boxelder
USGS-06752260,00060,00003,2023-09-26,22.9,ft^3/s,Approved,2025-02-21T16:41:42Z,,272a1fc51e7a4da584101aad9cdd2601,06752260,USGS,Lincoln
USGS-06752280,00060,00003,2023-09-26,27.6,ft^3/s,Approved,2025-02-24T16:24:39Z,,af36731baeac4ee5a7a5b5d47e298ee3,06752280,USGS,Boxelder
USGS-06752260,00060,00003,2023-09-27,14.1,ft^3/s,Approved,2025-02-21T16:41:42Z,,272a1fc51e7a4da584101aad9cdd2601,06752260,USGS,Lincoln
USGS-06752280,00060,00003,2023-09-27,18.7,ft^3/s,Approved,2025-02-24T16:24:39Z,,af36731baeac4ee5a7a5b5d47e298ee3,06752280,USGS,Boxelder
USGS-06752260,00060,00003,2023-09-28,8.16,ft^3/s,Approved,2025-02-21T16:41:42Z,,272a1fc51e7a4da584101aad9cdd2601,06752260,USGS,Lincoln
USGS-06752280,00060,00003,2023-09-28,14.8,ft^3/s,Approved,2025-02-24T16:24:39Z,,af36731baeac4ee5a7a5b5d47e298ee3,06752280,USGS,Boxelder
USGS-06752260,00060,00003,2023-09-29,4.87,ft^3/s,Approved,2025-02-21T16:41:42Z,,272a1fc51e7a4da584101aad9cdd2601,06752260,USGS,Lincoln
USGS-06752280,00060,00003,2023-09-29,13.6,ft^3/s,Approved,2025-02-24T16:24:39Z,,af36731baeac4ee5a7a5b5d47e298ee3,06752280,USGS,Boxelder
USGS-06752260,00060,00003,2023-09-30,4.48,ft^3/s,Approved,2025-02-21T16:41:42Z,,272a1fc51e7a4da584101aad9cdd2601,06752260,USGS,Lincoln
USGS-06752280,00060,00003,2023-09-30,13.6,ft^3/s,Approved,2025-02-24T16:24:39Z,,af36731baeac4ee5a7a5b5d47e298ee3,06752280,USGS,Boxelder
USGS-06752260,00060,00003,2023-10-01,5.45,ft^3/s,Approved,2025-02-21T16:41:42Z,,272a1fc51e7a4da584101aad9cdd2601,06752260,USGS,Lincoln
USGS-06752280,00060,00003,2023-10-01,15.4,ft^3/s,Approved,2025-02-24T16:24:39Z,,af36731baeac4ee5a7a5b5d47e298ee3,06752280,USGS,Boxelder
USGS-06752260,00060,00003,2023-10-02,6.78,ft^3/s,Approved,2025-02-21T16:41:42Z,,272a1fc51e7a4da584101aad9cdd2601,06752260,USGS,Lincoln
USGS-06752280,00060,00003,2023-10-02,18.6,ft^3/s,Approved,2025-02-24T16:24:39Z,,af36731baeac4ee5a7a5b5d47e298ee3,06752280,USGS,Boxelder
USGS-06752260,00060,00003,2023-10-03,14.4,ft^3/s,Approved,2025-02-21T16:41:42Z,,272a1fc51e7a4da584101aad9cdd2601,06752260,USGS,Lincoln
USGS-06752280,00060,00003,2023-10-03,19.7,ft^3/s,Approved,2025-02-24T16:24:39Z,,af36731baeac4ee5a7a5b5d47e298ee3,06752280,USGS,Boxelder
USGS-06752260,00060,00003,2023-10-04,36.4,ft^3/s,Approved,2025-02-21T16:41:42Z,,272a1fc51e7a4da584101aad9cdd2601,06752260,USGS,Lincoln
USGS-06752280,00060,00003,2023-10-04,30.9,ft^3/s,Approved,2025-02-24T16:24:39Z,,af36731baeac4ee5a7a5b5d47e298ee3,06752280,USGS,Boxelder
USGS-06752260,00060,00003,2023-10-05,32.5,ft^3/s,Approved,2025-02-21T16:41:42Z,,272a1fc51e7a4da584101aad9cdd2601,06752260,USGS,Lincoln
USGS-06752280,00060,00003,2023-10-05,28.6,ft^3/s,Approved,2025-02-24T16:24:39Z,,af36731baeac4ee5a7a5b5d47e298ee3,06752280,USGS,Boxelder
USGS-06752260,00060,00003,2023-10-06,22.6,ft^3/s,Approved,2025-02-21T16:41:42Z,,272a1fc51e7a4da584101aad9cdd2601,06752260,USGS,Lincoln
USGS-06752280,00060,00003,2023-10-06,24.2,ft^3/s,Approved,2025-02-24T16:24:39Z,,af36731baeac4ee5a7a5b5d47e298ee3,06752280,USGS,Boxelder
USGS-06752260,00060,00003,2023-10-07,21,ft^3/s,Approved,2025-02-21T16:41:42Z,,272a1fc51e7a4da584101aad9cdd2601,06752260,USGS,Lincoln
USGS-06752280,00060,00003,2023-10-07,16.1,ft^3/s,Approved,2025-02-24T16:24:39Z,,af36731baeac4ee5a7a5b5d47e298ee3,06752280,USGS,Boxelder
USGS-06752260,00060,00003,2023-10-08,15.1,ft^3/s,Approved,2025-02-21T16:41:42Z,,272a1fc51e7a4da584101aad9cdd2601,06752260,USGS,Lincoln
USGS-06752280,00060,00003,2023-10-08,13.9,ft^3/s,Approved,2025-02-24T16:24:39Z,,af36731baeac4ee5a7a5b5d47e298ee3,06752280,USGS,Boxelder
USGS-06752260,00060,00003,2023-10-09,11,ft^3/s,Approved,2025-02-21T16:41:42Z,,272a1fc51e7a4da584101aad9cdd2601,06752260,USGS,Lincoln
USGS-06752280,00060,00003,2023-10-09,7.85,ft^3/s,Approved,2025-02-24T16:24:39Z,,af36731baeac4ee5a7a5b5d47e298ee3,06752280,USGS,Boxelder
USGS-06752260,00060,00003,2023-10-10,30.5,ft^3/s,Approved,2025-02-21T16:41:42Z,,272a1fc51e7a4da584101aad9cdd2601,06752260,USGS,Lincoln
USGS-06752280,00060,00003,2023-10-10,24.2,ft^3/s,Approved,2025-02-24T16:24:39Z,,af36731baeac4ee5a7a5b5d47e298ee3,06752280,USGS,Boxelder
USGS-06752260,00060,00003,2023-10-11,6.61,ft^3/s,Approved,2025-02-21T16:41:42Z,,272a1fc51e7a4da584101aad9cdd2601,06752260,USGS,Lincoln
USGS-06752280,00060,00003,2023-10-11,8.55,ft^3/s,Approved,2025-02-24T16:24:39Z,,af36731baeac4ee5a7a5b5d47e298ee3,06752280,USGS,Boxelder
USGS-06752260,00060,00003,2023-10-12,9.17,ft^3/s,Approved,2025-02-21T16:41:42Z,,272a1fc51e7a4da584101aad9cdd2601,06752260,USGS,Lincoln
USGS-06752280,00060,00003,2023-10-12,8.56,ft^3/s,Approved,2025-02-24T16:24:39Z,,af36731baeac4ee5a7a5b5d47e298ee3,06752280,USGS,Boxelder
USGS-06752260,00060,00003,2023-10-13,24.6,ft^3/s,Approved,2025-02-21T16:41:42Z,,272a1fc51e7a4da584101aad9cdd2601,06752260,USGS,Lincoln
USGS-06752280,00060,00003,2023-10-13,19.4,ft^3/s,Approved,2025-02-24T16:24:39Z,,af36731baeac4ee5a7a5b5d47e298ee3,06752280,USGS,Boxelder
USGS-06752260,00060,00003,2023-10-14,45.7,ft^3/s,Approved,2025-02-21T16:41:42Z,,272a1fc51e7a4da584101aad9cdd2601,06752260,USGS,Lincoln
USGS-06752280,00060,00003,2023-10-14,41.4,ft^3/s,Approved,2025-02-24T16:24:39Z,,af36731baeac4ee5a7a5b5d47e298ee3,06752280,USGS,Boxelder
USGS-06752260,00060,00003,2023-10-15,49.9,ft^3/s,Approved,2025-02-21T16:41:42Z,,272a1fc51e7a4da584101aad9cdd2601,06752260,USGS,Lincoln
USGS-06752280,00060,00003,2023-10-15,41.1,ft^3/s,Approved,2025-02-24T16:24:39Z,,af36731baeac4ee5a7a5b5d47e298ee3,06752280,USGS,Boxelder
USGS-06752260,00060,00003,2023-10-16,55.9,ft^3/s,Approved,2025-02-21T16:41:42Z,,272a1fc51e7a4da584101aad9cdd2601,06752260,USGS,Lincoln
USGS-06752280,00060,00003,2023-10-16,49.8,ft^3/s,Approved,2025-02-24T16:24:39Z,,af36731baeac4ee5a7a5b5d47e298ee3,06752280,USGS,Boxelder
USGS-06752260,00060,00003,2023-10-17,60.3,ft^3/s,Approved,2025-02-21T16:41:42Z,,272a1fc51e7a4da584101aad9cdd2601,06752260,USGS,Lincoln
USGS-06752280,00060,00003,2023-10-17,52.8,ft^3/s,Approved,2025-02-24T16:24:39Z,,af36731baeac4ee5a7a5b5d47e298ee3,06752280,USGS,Boxelder
USGS-06752260,00060,00003,2023-10-18,62.7,ft^3/s,Approved,2025-02-21T16:41:42Z,,272a1fc51e7a4da584101aad9cdd2601,06752260,USGS,Lincoln
USGS-06752280,00060,00003,2023-10-18,54.7,ft^3/s,Approved,2025-02-24T16:24:39Z,,af36731baeac4ee5a7a5b5d47e298ee3,06752280,USGS,Boxelder
USGS-06752260,00060,00003,2023-10-19,62,ft^3/s,Approved,2025-02-21T16:41:42Z,,272a1fc51e7a4da584101aad9cdd2601,06752260,USGS,Lincoln
USGS-06752280,00060,00003,2023-10-19,55.1,ft^3/s,Approved,2025-02-24T16:24:39Z,,af36731baeac4ee5a7a5b5d47e298ee3,06752280,USGS,Boxelder
USGS-06752260,00060,00003,2023-10-20,148,ft^3/s,Approved,2025-02-21T16:41:42Z,,272a1fc51e7a4da584101aad9cdd2601,06752260,USGS,Lincoln
USGS-06752280,00060,00003,2023-10-20,125,ft^3/s,Approved,2025-02-24T16:24:39Z,,af36731baeac4ee5a7a5b5d47e298ee3,06752280,USGS,Boxelder
USGS-06752260,00060,00003,2023-10-21,228,ft^3/s,Approved,2025-02-21T16:41:42Z,,272a1fc51e7a4da584101aad9cdd2601,06752260,USGS,Lincoln
USGS-06752280,00060,00003,2023-10-21,240,ft^3/s,Approved,2025-02-24T16:24:39Z,,af36731baeac4ee5a7a5b5d47e298ee3,06752280,USGS,Boxelder
USGS-06752260,00060,00003,2023-10-22,228,ft^3/s,Approved,2025-02-21T16:41:42Z,,272a1fc51e7a4da584101aad9cdd2601,06752260,USGS,Lincoln
USGS-06752280,00060,00003,2023-10-22,243,ft^3/s,Approved,2025-02-24T16:24:39Z,,af36731baeac4ee5a7a5b5d47e298ee3,06752280,USGS,Boxelder
USGS-06752260,00060,00003,2023-10-23,229,ft^3/s,Approved,2025-02-21T16:41:42Z,,272a1fc51e7a4da584101aad9cdd2601,06752260,USGS,Lincoln
USGS-06752280,00060,00003,2023-10-23,247,ft^3/s,Approved,2025-02-24T16:24:39Z,,af36731baeac4ee5a7a5b5d47e298ee3,06752280,USGS,Boxelder
USGS-06752260,00060,00003,2023-10-24,234,ft^3/s,Approved,2025-02-21T16:41:42Z,,272a1fc51e7a4da584101aad9cdd2601,06752260,USGS,Lincoln
USGS-06752280,00060,00003,2023-10-24,255,ft^3/s,Approved,2025-02-24T16:24:39Z,,af36731baeac4ee5a7a5b5d47e298ee3,06752280,USGS,Boxelder
USGS-06752260,00060,00003,2023-10-25,245,ft^3/s,Approved,2025-02-21T16:41:42Z,,272a1fc51e7a4da584101aad9cdd2601,06752260,USGS,Lincoln
USGS-06752280,00060,00003,2023-10-25,266,ft^3/s,Approved,2025-02-24T16:24:39Z,,af36731baeac4ee5a7a5b5d47e298ee3,06752280,USGS,Boxelder
USGS-06752260,00060,00003,2023-10-26,173,ft^3/s,Approved,2025-02-21T16:41:42Z,,272a1fc51e7a4da584101aad9cdd2601,06752260,USGS,Lincoln
USGS-06752280,00060,00003,2023-10-26,205,ft^3/s,Approved,2025-02-24T16:24:39Z,,af36731baeac4ee5a7a5b5d47e298ee3,06752280,USGS,Boxelder
USGS-06752260,00060,00003,2023-10-27,61.8,ft^3/s,Approved,2025-02-21T16:41:42Z,,272a1fc51e7a4da584101aad9cdd2601,06752260,USGS,Lincoln
USGS-06752280,00060,00003,2023-10-27,72.2,ft^3/s,Approved,2025-02-24T16:24:39Z,,af36731baeac4ee5a7a5b5d47e298ee3,06752280,USGS,Boxelder
USGS-06752260,00060,00003,2023-10-28,47.7,ft^3/s,Approved,2025-02-21T16:41:42Z,,272a1fc51e7a4da584101aad9cdd2601,06752260,USGS,Lincoln
USGS-06752280,00060,00003,2023-10-28,57.7,ft^3/s,Approved,2025-02-24T16:24:39Z,,af36731baeac4ee5a7a5b5d47e298ee3,06752280,USGS,Boxelder
USGS-06752260,00060,00003,2023-10-29,47.5,ft^3/s,Approved,2025-02-21T16:41:42Z,,272a1fc51e7a4da584101aad9cdd2601,06752260,USGS,Lincoln
USGS-06752280,00060,00003,2023-10-29,52.8,ft^3/s,Approved,2025-02-24T16:24:39Z,,af36731baeac4ee5a7a5b5d47e298ee3,06752280,USGS,Boxelder
USGS-06752260,00060,00003,2023-10-30,42.7,ft^3/s,Approved,2025-02-21T16:41:42Z,,272a1fc51e7a4da584101aad9cdd2601,06752260,USGS,Lincoln
USGS-06752280,00060,00003,2023-10-30,51.2,ft^3/s,Approved,2025-02-24T16:24:39Z,,af36731baeac4ee5a7a5b5d47e298ee3,06752280,USGS,Boxelder
USGS-06752260,00060,00003,2023-10-31,32.9,ft^3/s,Approved,2025-02-21T16:41:42Z,,272a1fc51e7a4da584101aad9cdd2601,06752260,USGS,Lincoln
USGS-06752280,00060,00003,2023-10-31,44.2,ft^3/s,Approved,2025-02-24T16:24:39Z,,af36731baeac4ee5a7a5b5d47e298ee3,06752280,USGS,Boxelder
USGS-06752260,00060,00003,2023-11-01,20.9,ft^3/s,Approved,2025-02-21T16:41:42Z,,272a1fc51e7a4da584101aad9cdd2601,06752260,USGS,Lincoln
USGS-06752280,00060,00003,2023-11-01,39.7,ft^3/s,Approved,2025-02-24T16:24:39Z,,af36731baeac4ee5a7a5b5d47e298ee3,06752280,USGS,Boxelder
USGS-06752260,00060,00003,2023-11-02,40.4,ft^3/s,Approved,2025-02-21T16:41:42Z,,272a1fc51e7a4da584101aad9cdd2601,06752260,USGS,Lincoln
USGS-06752280,00060,00003,2023-11-02,40.4,ft^3/s,Approved,2025-02-24T16:24:39Z,,af36731baeac4ee5a7a5b5d47e298ee3,06752280,USGS,Boxelder
USGS-06752260,00060,00003,2023-11-03,37.7,ft^3/s,Approved,2025-02-21T16:41:42Z,,272a1fc51e7a4da584101aad9cdd2601,06752260,USGS,Lincoln
USGS-06752280,00060,00003,2023-11-03,30.6,ft^3/s,Approved,2025-02-24T16:24:39Z,,af36731baeac4ee5a7a5b5d47e298ee3,06752280,USGS,Boxelder
USGS-06752260,00060,00003,2023-11-04,20.5,ft^3/s,Approved,2025-02-21T16:41:42Z,,272a1fc51e7a4da584101aad9cdd2601,06752260,USGS,Lincoln
USGS-06752280,00060,00003,2023-11-04,16.3,ft^3/s,Approved,2025-02-24T16:24:39Z,,af36731baeac4ee5a7a5b5d47e298ee3,06752280,USGS,Boxelder
USGS-06752260,00060,00003,2023-11-05,20.3,ft^3/s,Approved,2025-02-21T16:41:42Z,,272a1fc51e7a4da584101aad9cdd2601,06752260,USGS,Lincoln
USGS-06752280,00060,00003,2023-11-05,15.6,ft^3/s,Approved,2025-02-24T16:24:39Z,,af36731baeac4ee5a7a5b5d47e298ee3,06752280,USGS,Boxelder
USGS-06752260,00060,00003,2023-11-06,20.5,ft^3/s,Approved,2025-02-21T16:41:42Z,,272a1fc51e7a4da584101aad9cdd2601,06752260,USGS,Lincoln
USGS-06752280,00060,00003,2023-11-06,15.2,ft^3/s,Approved,2025-02-24T16:24:39Z,,af36731baeac4ee5a7a5b5d47e298ee3,06752280,USGS,Boxelder
USGS-06752260,00060,00003,2023-11-07,19.5,ft^3/s,Approved,2025-02-21T16:41:42Z,,272a1fc51e7a4da584101aad9cdd2601,06752260,USGS,Lincoln
USGS-06752280,00060,00003,2023-11-07,15.3,ft^3/s,Approved,2025-02-24T16:24:39Z,,af36731baeac4ee5a7a5b5d47e298ee3,06752280,USGS,Boxelder
USGS-06752260,00060,00003,2023-11-08,19,ft^3/s,Approved,2025-02-21T16:41:42Z,,272a1fc51e7a4da584101aad9cdd2601,06752260,USGS,Lincoln
USGS-06752280,00060,00003,2023-11-08,15.2,ft^3/s,Approved,2025-02-24T16:24:39Z,,af36731baeac4ee5a7a5b5d47e298ee3,06752280,USGS,Boxelder
USGS-06752260,00060,00003,2023-11-09,20.2,ft^3/s,Approved,2025-02-21T16:41:42Z,,272a1fc51e7a4da584101aad9cdd2601,06752260,USGS,Lincoln
USGS-06752280,00060,00003,2023-11-09,15.5,ft^3/s,Approved,2025-02-24T16:24:39Z,,af36731baeac4ee5a7a5b5d47e298ee3,06752280,USGS,Boxelder
USGS-06752260,00060,00003,2023-11-10,25.2,ft^3/s,Approved,2025-02-21T16:41:42Z,,272a1fc51e7a4da584101aad9cdd2601,06752260,USGS,Lincoln
USGS-06752280,00060,00003,2023-11-10,16.3,ft^3/s,Approved,2025-02-24T16:24:39Z,,af36731baeac4ee5a7a5b5d47e298ee3,06752280,USGS,Boxelder
USGS-06752260,00060,00003,2023-11-11,25.4,ft^3/s,Approved,2025-02-21T16:41:42Z,,272a1fc51e7a4da584101aad9cdd2601,06752260,USGS,Lincoln
USGS-06752280,00060,00003,2023-11-11,18.3,ft^3/s,Approved,2025-02-24T16:24:39Z,,af36731baeac4ee5a7a5b5d47e298ee3,06752280,USGS,Boxelder
USGS-06752260,00060,00003,2023-11-12,28.5,ft^3/s,Approved,2025-02-21T16:41:42Z,,272a1fc51e7a4da584101aad9cdd2601,06752260,USGS,Lincoln
USGS-06752280,00060,00003,2023-11-12,17.4,ft^3/s,Approved,2025-02-24T16:24:39Z,,af36731baeac4ee5a7a5b5d47e298ee3,06752280,USGS,Boxelder
USGS-06752260,00060,00003,2023-11-13,20.3,ft^3/s,Approved,2025-02-21T16:41:42Z,,272a1fc51e7a4da584101aad9cdd2601,06752260,USGS,Lincoln
USGS-06752280,00060,00003,2023-11-13,19.4,ft^3/s,Approved,2025-02-24T16:24:39Z,,af36731baeac4ee5a7a5b5d47e298ee3,06752280,USGS,Boxelder
USGS-06752260,00060,00003,2023-11-14,9.25,ft^3/s,Approved,2025-02-21T16:41:42Z,,272a1fc51e7a4da584101aad9cdd2601,06752260,USGS,Lincoln
USGS-06752280,00060,00003,2023-11-14,14.3,ft^3/s,Approved,2025-02-24T16:24:39Z,,af36731baeac4ee5a7a5b5d47e298ee3,06752280,USGS,Boxelder
USGS-06752260,00060,00003,2023-11-15,11.7,ft^3/s,Approved,2025-02-21T16:41:42Z,,272a1fc51e7a4da584101aad9cdd2601,06752260,USGS,Lincoln
USGS-06752280,00060,00003,2023-11-15,14.2,ft^3/s,Approved,2025-02-24T16:24:39Z,,af36731baeac4ee5a7a5b5d47e298ee3,06752280,USGS,Boxelder
USGS-06752260,00060,00003,2023-11-16,12.6,ft^3/s,Approved,2025-02-21T16:41:42Z,,272a1fc51e7a4da584101aad9cdd2601,06752260,USGS,Lincoln
USGS-06752280,00060,00003,2023-11-16,15.3,ft^3/s,Approved,2025-02-24T16:24:39Z,,af36731baeac4ee5a7a5b5d47e298ee3,06752280,USGS,Boxelder
USGS-06752260,00060,00003,2023-11-17,13.8,ft^3/s,Approved,2025-02-21T16:41:42Z,,272a1fc51e7a4da584101aad9cdd2601,06752260,USGS,Lincoln
USGS-06752280,00060,00003,2023-11-17,16.2,ft^3/s,Approved,2025-02-24T16:24:39Z,,af36731baeac4ee5a7a5b5d47e298ee3,06752280,USGS,Boxelder
USGS-06752260,00060,00003,2023-11-18,13.8,ft^3/s,Approved,2025-02-21T16:41:42Z,,272a1fc51e7a4da584101aad9cdd2601,06752260,USGS,Lincoln
USGS-06752280,00060,00003,2023-11-18,16,ft^3/s,Approved,2025-02-24T16:24:39Z,,af36731baeac4ee5a7a5b5d47e298ee3,06752280,USGS,Boxelder
USGS-06752260,00060,00003,2023-11-19,13.7,ft^3/s,Approved,2025-02-21T16:41:42Z,,272a1fc51e7a4da584101aad9cdd2601,06752260,USGS,Lincoln
USGS-06752280,00060,00003,2023-11-19,16.3,ft^3/s,Approved,2025-02-24T16:24:39Z,,af36731baeac4ee5a7a5b5d47e298ee3,06752280,USGS,Boxelder
USGS-06752260,00060,00003,2023-11-20,13.7,ft^3/s,Approved,2025-02-21T16:41:42Z,,272a1fc51e7a4da584101aad9cdd2601,06752260,USGS,Lincoln
USGS-06752280,00060,00003,2023-11-20,15.8,ft^3/s,Approved,2025-02-24T16:24:39Z,,af36731baeac4ee5a7a5b5d47e298ee3,06752280,USGS,Boxelder
USGS-06752260,00060,00003,2023-11-21,13.9,ft^3/s,Approved,2025-02-21T16:41:42Z,,272a1fc51e7a4da584101aad9cdd2601,06752260,USGS,Lincoln
USGS-06752280,00060,00003,2023-11-21,15.9,ft^3/s,Approved,2025-02-24T16:24:39Z,,af36731baeac4ee5a7a5b5d47e298ee3,06752280,USGS,Boxelder
USGS-06752260,00060,00003,2023-11-22,13.4,ft^3/s,Approved,2025-02-21T16:41:42Z,,272a1fc51e7a4da584101aad9cdd2601,06752260,USGS,Lincoln
USGS-06752280,00060,00003,2023-11-22,15.6,ft^3/s,Approved,2025-02-24T16:24:39Z,,af36731baeac4ee5a7a5b5d47e298ee3,06752280,USGS,Boxelder
USGS-06752260,00060,00003,2023-11-23,13.5,ft^3/s,Approved,2025-02-21T16:41:42Z,,272a1fc51e7a4da584101aad9cdd2601,06752260,USGS,Lincoln
USGS-06752280,00060,00003,2023-11-23,15.5,ft^3/s,Approved,2025-02-24T16:24:39Z,,af36731baeac4ee5a7a5b5d47e298ee3,06752280,USGS,Boxelder
USGS-06752260,00060,00003,2023-11-24,14.1,ft^3/s,Approved,2025-02-21T16:41:42Z,,272a1fc51e7a4da584101aad9cdd2601,06752260,USGS,Lincoln
USGS-06752280,00060,00003,2023-11-24,16.5,ft^3/s,Approved,2025-02-24T16:24:39Z,,af36731baeac4ee5a7a5b5d47e298ee3,06752280,USGS,Boxelder
USGS-06752260,00060,00003,2023-11-25,13.6,ft^3/s,Approved,2025-02-21T16:41:42Z,,272a1fc51e7a4da584101aad9cdd2601,06752260,USGS,Lincoln
USGS-06752280,00060,00003,2023-11-25,16.6,ft^3/s,Approved,2025-02-24T16:24:39Z,,af36731baeac4ee5a7a5b5d47e298ee3,06752280,USGS,Boxelder
USGS-06752260,00060,00003,2023-11-26,12.6,ft^3/s,Approved,2025-02-21T16:41:42Z,,272a1fc51e7a4da584101aad9cdd2601,06752260,USGS,Lincoln
USGS-06752280,00060,00003,2023-11-26,18.6,ft^3/s,Approved,2025-02-24T16:24:39Z,,af36731baeac4ee5a7a5b5d47e298ee3,06752280,USGS,Boxelder
USGS-06752260,00060,00003,2023-11-27,12.4,ft^3/s,Approved,2025-02-21T16:41:42Z,,272a1fc51e7a4da584101aad9cdd2601,06752260,USGS,Lincoln
USGS-06752280,00060,00003,2023-11-27,15.8,ft^3/s,Approved,2025-02-24T16:24:39Z,,af36731baeac4ee5a7a5b5d47e298ee3,06752280,USGS,Boxelder
USGS-06752260,00060,00003,2023-11-28,12.1,ft^3/s,Approved,2025-02-21T16:41:42Z,,272a1fc51e7a4da584101aad9cdd2601,06752260,USGS,Lincoln
USGS-06752280,00060,00003,2023-11-28,15.4,ft^3/s,Approved,2025-02-24T16:24:39Z,,af36731baeac4ee5a7a5b5d47e298ee3,06752280,USGS,Boxelder
USGS-06752260,00060,00003,2023-11-29,12.4,ft^3/s,Approved,2025-02-21T16:41:42Z,,272a1fc51e7a4da584101aad9cdd2601,06752260,USGS,Lincoln
USGS-06752280,00060,00003,2023-11-29,15.8,ft^3/s,Approved,2025-02-24T16:24:39Z,,af36731baeac4ee5a7a5b5d47e298ee3,06752280,USGS,Boxelder
USGS-06752260,00060,00003,2023-11-30,12.5,ft^3/s,Approved,2025-02-21T16:41:42Z,,272a1fc51e7a4da584101aad9cdd2601,06752260,USGS,Lincoln
USGS-06752280,00060,00003,2023-11-30,15.6,ft^3/s,Approved,2025-02-24T16:24:39Z,,af36731baeac4ee5a7a5b5d47e298ee3,06752280,USGS,Boxelder
USGS-06752260,00060,00003,2023-12-01,12.5,ft^3/s,Approved,2025-02-21T16:41:42Z,,272a1fc51e7a4da584101aad9cdd2601,06752260,USGS,Lincoln
USGS-06752280,00060,00003,2023-12-01,15.3,ft^3/s,Approved,2025-02-24T16:24:39Z,,af36731baeac4ee5a7a5b5d47e298ee3,06752280,USGS,Boxelder
USGS-06752260,00060,00003,2023-12-02,12,ft^3/s,Approved,2025-02-21T16:41:42Z,,272a1fc51e7a4da584101aad9cdd2601,06752260,USGS,Lincoln
USGS-06752280,00060,00003,2023-12-02,15.1,ft^3/s,Approved,2025-02-24T16:24:39Z,,af36731baeac4ee5a7a5b5d47e298ee3,06752280,USGS,Boxelder
USGS-06752260,00060,00003,2023-12-03,12,ft^3/s,Approved,2025-02-21T16:41:42Z,,272a1fc51e7a4da584101aad9cdd2601,06752260,USGS,Lincoln
USGS-06752280,00060,00003,2023-12-03,14.4,ft^3/s,Approved,2025-02-24T16:24:39Z,,af36731baeac4ee5a7a5b5d47e298ee3,06752280,USGS,Boxelder
USGS-06752260,00060,00003,2023-12-04,12,ft^3/s,Approved,2025-02-21T16:41:42Z,,272a1fc51e7a4da584101aad9cdd2601,06752260,USGS,Lincoln
USGS-06752280,00060,00003,2023-12-04,14.8,ft^3/s,Approved,2025-02-24T16:24:39Z,,af36731baeac4ee5a7a5b5d47e298ee3,06752280,USGS,Boxelder
USGS-06752260,00060,00003,2023-12-05,12.1,ft^3/s,Approved,2025-02-21T16:41:42Z,,272a1fc51e7a4da584101aad9cdd2601,06752260,USGS,Lincoln
USGS-06752280,00060,00003,2023-12-05,15.4,ft^3/s,Approved,2025-02-24T16:24:39Z,,af36731baeac4ee5a7a5b5d47e298ee3,06752280,USGS,Boxelder
USGS-06752260,00060,00003,2023-12-06,12,ft^3/s,Approved,2025-02-21T16:41:42Z,,272a1fc51e7a4da584101aad9cdd2601,06752260,USGS,Lincoln
USGS-06752280,00060,00003,2023-12-06,15.1,ft^3/s,Approved,2025-02-24T16:24:39Z,,af36731baeac4ee5a7a5b5d47e298ee3,06752280,USGS,Boxelder
USGS-06752260,00060,00003,2023-12-07,11.5,ft^3/s,Approved,2025-02-21T16:41:42Z,,272a1fc51e7a4da584101aad9cdd2601,06752260,USGS,Lincoln
USGS-06752280,00060,00003,2023-12-07,14.7,ft^3/s,Approved,2025-02-24T16:24:39Z,,af36731baeac4ee5a7a5b5d47e298ee3,06752280,USGS,Boxelder
USGS-06752260,00060,00003,2023-12-08,11.3,ft^3/s,Approved,2025-02-21T16:41:42Z,,272a1fc51e7a4da584101aad9cdd2601,06752260,USGS,Lincoln
USGS-06752280,00060,00003,2023-12-08,14,ft^3/s,Approved,2025-02-24T16:24:39Z,,af36731baeac4ee5a7a5b5d47e298ee3,06752280,USGS,Boxelder
USGS-06752260,00060,00003,2023-12-09,11,ft^3/s,Approved,2025-02-21T16:41:42Z,,272a1fc51e7a4da584101aad9cdd2601,06752260,USGS,Lincoln
USGS-06752280,00060,00003,2023-12-09,14.1,ft^3/s,Approved,2025-02-24T16:24:39Z,,af36731baeac4ee5a7a5b5d47e298ee3,06752280,USGS,Boxelder
USGS-06752260,00060,00003,2023-12-10,10.5,ft^3/s,Approved,2025-02-21T16:41:42Z,,272a1fc51e7a4da584101aad9cdd2601,06752260,USGS,Lincoln
USGS-06752280,00060,00003,2023-12-10,14.5,ft^3/s,Approved,2025-02-24T16:24:39Z,,af36731baeac4ee5a7a5b5d47e298ee3,06752280,USGS,Boxelder
USGS-06752260,00060,00003,2023-12-11,12.5,ft^3/s,Approved,2025-02-21T16:41:42Z,,272a1fc51e7a4da584101aad9cdd2601,06752260,USGS,Lincoln
USGS-06752280,00060,00003,2023-12-11,14.3,ft^3/s,Approved,2025-02-24T16:24:39Z,,af36731baeac4ee5a7a5b5d47e298ee3,06752280,USGS,Boxelder
USGS-06752260,00060,00003,2023-12-12,15.2,ft^3/s,Approved,2025-02-21T16:41:42Z,,272a1fc51e7a4da584101aad9cdd2601,06752260,USGS,Lincoln
USGS-06752280,00060,00003,2023-12-12,11.2,ft^3/s,Approved,2025-02-24T16:24:39Z,,af36731baeac4ee5a7a5b5d47e298ee3,06752280,USGS,Boxelder
USGS-06752260,00060,00003,2023-12-13,14.4,ft^3/s,Approved,2025-02-21T16:41:42Z,,272a1fc51e7a4da584101aad9cdd2601,06752260,USGS,Lincoln
USGS-06752280,00060,00003,2023-12-13,7.85,ft^3/s,Approved,2025-02-24T16:24:39Z,,af36731baeac4ee5a7a5b5d47e298ee3,06752280,USGS,Boxelder
USGS-06752260,00060,00003,2023-12-14,13.6,ft^3/s,Approved,2025-02-21T16:41:42Z,,272a1fc51e7a4da584101aad9cdd2601,06752260,USGS,Lincoln
USGS-06752280,00060,00003,2023-12-14,7.95,ft^3/s,Approved,2025-02-24T16:24:39Z,,af36731baeac4ee5a7a5b5d47e298ee3,06752280,USGS,Boxelder
USGS-06752260,00060,00003,2023-12-15,13.1,ft^3/s,Approved,2025-02-21T16:41:42Z,,272a1fc51e7a4da584101aad9cdd2601,06752260,USGS,Lincoln
USGS-06752280,00060,00003,2023-12-15,7.87,ft^3/s,Approved,2025-02-24T16:24:39Z,,af36731baeac4ee5a7a5b5d47e298ee3,06752280,USGS,Boxelder
USGS-06752260,00060,00003,2023-12-16,14.6,ft^3/s,Approved,2025-02-21T16:41:42Z,,272a1fc51e7a4da584101aad9cdd2601,06752260,USGS,Lincoln
USGS-06752280,00060,00003,2023-12-16,7.66,ft^3/s,Approved,2025-02-24T16:24:39Z,,af36731baeac4ee5a7a5b5d47e298ee3,06752280,USGS,Boxelder
USGS-06752260,00060,00003,2023-12-17,14.8,ft^3/s,Approved,2025-02-21T16:41:42Z,,272a1fc51e7a4da584101aad9cdd2601,06752260,USGS,Lincoln
USGS-06752280,00060,00003,2023-12-17,7.8,ft^3/s,Approved,2025-02-24T16:24:39Z,,af36731baeac4ee5a7a5b5d47e298ee3,06752280,USGS,Boxelder
USGS-06752260,00060,00003,2023-12-18,14.7,ft^3/s,Approved,2025-02-21T16:41:42Z,,272a1fc51e7a4da584101aad9cdd2601,06752260,USGS,Lincoln
USGS-06752280,00060,00003,2023-12-18,7.71,ft^3/s,Approved,2025-02-24T16:24:39Z,,af36731baeac4ee5a7a5b5d47e298ee3,06752280,USGS,Boxelder
USGS-06752260,00060,00003,2023-12-19,14.9,ft^3/s,Approved,2025-02-21T16:41:42Z,,272a1fc51e7a4da584101aad9cdd2601,06752260,USGS,Lincoln
USGS-06752280,00060,00003,2023-12-19,7.76,ft^3/s,Approved,2025-02-24T16:24:39Z,,af36731baeac4ee5a7a5b5d47e298ee3,06752280,USGS,Boxelder
USGS-06752260,00060,00003,2023-12-20,14.9,ft^3/s,Approved,2025-02-21T16:41:42Z,,272a1fc51e7a4da584101aad9cdd2601,06752260,USGS,Lincoln
USGS-06752280,00060,00003,2023-12-20,7.98,ft^3/s,Approved,2025-02-24T16:24:39Z,,af36731baeac4ee5a7a5b5d47e298ee3,06752280,USGS,Boxelder
USGS-06752260,00060,00003,2023-12-21,14.9,ft^3/s,Approved,2025-02-21T16:41:42Z,,272a1fc51e7a4da584101aad9cdd2601,06752260,USGS,Lincoln
USGS-06752280,00060,00003,2023-12-21,8.29,ft^3/s,Approved,2025-02-24T16:24:39Z,,af36731baeac4ee5a7a5b5d47e298ee3,06752280,USGS,Boxelder
USGS-06752260,00060,00003,2023-12-22,14.8,ft^3/s,Approved,2025-02-21T16:41:42Z,,272a1fc51e7a4da584101aad9cdd2601,06752260,USGS,Lincoln
USGS-06752280,00060,00003,2023-12-22,8.03,ft^3/s,Approved,2025-02-24T16:24:39Z,,af36731baeac4ee5a7a5b5d47e298ee3,06752280,USGS,Boxelder
USGS-06752260,00060,00003,2023-12-23,15.2,ft^3/s,Approved,2025-02-21T16:41:42Z,,272a1fc51e7a4da584101aad9cdd2601,06752260,USGS,Lincoln
USGS-06752280,00060,00003,2023-12-23,7.98,ft^3/s,Approved,2025-02-24T16:24:39Z,,af36731baeac4ee5a7a5b5d47e298ee3,06752280,USGS,Boxelder
USGS-06752260,00060,00003,2023-12-24,15.1,ft^3/s,Approved,2025-02-21T16:41:42Z,,272a1fc51e7a4da584101aad9cdd2601,06752260,USGS,Lincoln
USGS-06752280,00060,00003,2023-12-24,9.79,ft^3/s,Approved,2025-02-24T16:24:39Z,,af36731baeac4ee5a7a5b5d47e298ee3,06752280,USGS,Boxelder
USGS-06752260,00060,00003,2023-12-25,13.9,ft^3/s,Approved,2025-02-21T16:41:42Z,,272a1fc51e7a4da584101aad9cdd2601,06752260,USGS,Lincoln
USGS-06752280,00060,00003,2023-12-25,8.39,ft^3/s,Approved,2025-02-24T16:24:39Z,,af36731baeac4ee5a7a5b5d47e298ee3,06752280,USGS,Boxelder
USGS-06752260,00060,00003,2023-12-26,17.8,ft^3/s,Approved,2025-02-21T16:41:42Z,,272a1fc51e7a4da584101aad9cdd2601,06752260,USGS,Lincoln
USGS-06752280,00060,00003,2023-12-26,15,ft^3/s,Approved,2025-02-24T16:24:39Z,,af36731baeac4ee5a7a5b5d47e298ee3,06752280,USGS,Boxelder
USGS-06752260,00060,00003,2023-12-27,13,ft^3/s,Approved,2025-02-21T16:41:42Z,,272a1fc51e7a4da584101aad9cdd2601,06752260,USGS,Lincoln
USGS-06752280,00060,00003,2023-12-27,8.52,ft^3/s,Approved,2025-02-24T16:24:39Z,,af36731baeac4ee5a7a5b5d47e298ee3,06752280,USGS,Boxelder
USGS-06752260,00060,00003,2023-12-28,14.3,ft^3/s,Approved,2025-02-21T16:41:42Z,,272a1fc51e7a4da584101aad9cdd2601,06752260,USGS,Lincoln
USGS-06752280,00060,00003,2023-12-28,8.52,ft^3/s,Approved,2025-02-24T16:24:39Z,,af36731baeac4ee5a7a5b5d47e298ee3,06752280,USGS,Boxelder
USGS-06752260,00060,00003,2023-12-29,14.6,ft^3/s,Approved,2025-02-21T16:41:42Z,,272a1fc51e7a4da584101aad9cdd2601,06752260,USGS,Lincoln
USGS-06752280,00060,00003,2023-12-29,8.27,ft^3/s,Approved,2025-02-24T16:24:39Z,,af36731baeac4ee5a7a5b5d47e298ee3,06752280,USGS,Boxelder
USGS-06752260,00060,00003,2023-12-30,14.4,ft^3/s,Approved,2025-02-21T16:41:42Z,,272a1fc51e7a4da584101aad9cdd2601,06752260,USGS,Lincoln
USGS-06752280,00060,00003,2023-12-30,8.31,ft^3/s,Approved,2025-02-24T16:24:39Z,,af36731baeac4ee5a7a5b5d47e298ee3,06752280,USGS,Boxelder
USGS-06752260,00060,00003,2023-12-31,14.3,ft^3/s,Approved,2025-02-21T16:41:42Z,,272a1fc51e7a4da584101aad9cdd2601,06752260,USGS,Lincoln
USGS-06752280,00060,00003,2023-12-31,8.51,ft^3/s,Approved,2025-02-24T16:24:39Z,,af36731baeac4ee5a7a5b5d47e298ee3,06752280,USGS,Boxelder
USGS-06752260,00060,00003,2024-01-01,14.4,ft^3/s,Approved,2025-02-21T16:41:42Z,,272a1fc51e7a4da584101aad9cdd2601,06752260,USGS,Lincoln
USGS-06752280,00060,00003,2024-01-01,8.36,ft^3/s,Approved,2025-02-24T16:24:39Z,,af36731baeac4ee5a7a5b5d47e298ee3,06752280,USGS,Boxelder
USGS-06752260,00060,00003,2024-01-02,14.4,ft^3/s,Approved,2026-01-14T23:29:26Z,,272a1fc51e7a4da584101aad9cdd2601,06752260,USGS,Lincoln
USGS-06752280,00060,00003,2024-01-02,8.22,ft^3/s,Approved,2025-02-24T16:24:39Z,,af36731baeac4ee5a7a5b5d47e298ee3,06752280,USGS,Boxelder
USGS-06752260,00060,00003,2024-01-03,13.6,ft^3/s,Approved,2025-02-21T16:41:42Z,REVISED,272a1fc51e7a4da584101aad9cdd2601,06752260,USGS,Lincoln
USGS-06752280,00060,00003,2024-01-03,9.1,ft^3/s,Approved,2025-02-24T16:24:39Z,,af36731baeac4ee5a7a5b5d47e298ee3,06752280,USGS,Boxelder
USGS-06752260,00060,00003,2024-01-04,12.7,ft^3/s,Approved,2025-02-21T16:41:42Z,REVISED,272a1fc51e7a4da584101aad9cdd2601,06752260,USGS,Lincoln
USGS-06752280,00060,00003,2024-01-04,8.16,ft^3/s,Approved,2025-02-24T16:24:39Z,,af36731baeac4ee5a7a5b5d47e298ee3,06752280,USGS,Boxelder
USGS-06752260,00060,00003,2024-01-05,12.9,ft^3/s,Approved,2025-02-21T16:41:42Z,REVISED,272a1fc51e7a4da584101aad9cdd2601,06752260,USGS,Lincoln
USGS-06752280,00060,00003,2024-01-05,7.67,ft^3/s,Approved,2025-02-24T16:24:39Z,,af36731baeac4ee5a7a5b5d47e298ee3,06752280,USGS,Boxelder
USGS-06752260,00060,00003,2024-01-06,12.9,ft^3/s,Approved,2025-02-21T16:41:42Z,REVISED,272a1fc51e7a4da584101aad9cdd2601,06752260,USGS,Lincoln
USGS-06752280,00060,00003,2024-01-06,7.44,ft^3/s,Approved,2025-02-24T16:24:39Z,,af36731baeac4ee5a7a5b5d47e298ee3,06752280,USGS,Boxelder
USGS-06752260,00060,00003,2024-01-07,12.6,ft^3/s,Approved,2025-02-21T16:41:42Z,REVISED,272a1fc51e7a4da584101aad9cdd2601,06752260,USGS,Lincoln
USGS-06752280,00060,00003,2024-01-07,7.39,ft^3/s,Approved,2025-02-24T16:24:39Z,,af36731baeac4ee5a7a5b5d47e298ee3,06752280,USGS,Boxelder
USGS-06752260,00060,00003,2024-01-08,12.6,ft^3/s,Approved,2026-01-14T23:29:26Z,"ESTIMATED, REVISED",272a1fc51e7a4da584101aad9cdd2601,06752260,USGS,Lincoln
USGS-06752280,00060,00003,2024-01-08,7.49,ft^3/s,Approved,2025-02-24T16:24:39Z,ESTIMATED,af36731baeac4ee5a7a5b5d47e298ee3,06752280,USGS,Boxelder
USGS-06752260,00060,00003,2024-01-09,14.2,ft^3/s,Approved,2026-01-14T23:29:26Z,"ESTIMATED, REVISED",272a1fc51e7a4da584101aad9cdd2601,06752260,USGS,Lincoln
USGS-06752280,00060,00003,2024-01-09,8.09,ft^3/s,Approved,2025-02-24T16:24:39Z,ESTIMATED,af36731baeac4ee5a7a5b5d47e298ee3,06752280,USGS,Boxelder
USGS-06752260,00060,00003,2024-01-10,11.9,ft^3/s,Approved,2026-01-14T23:29:26Z,REVISED,272a1fc51e7a4da584101aad9cdd2601,06752260,USGS,Lincoln
USGS-06752280,00060,00003,2024-01-10,7.36,ft^3/s,Approved,2026-01-15T00:42:43Z,,af36731baeac4ee5a7a5b5d47e298ee3,06752280,USGS,Boxelder
USGS-06752260,00060,00003,2024-01-11,11,ft^3/s,Approved,2025-02-21T16:41:42Z,"ESTIMATED, REVISED",272a1fc51e7a4da584101aad9cdd2601,06752260,USGS,Lincoln
USGS-06752280,00060,00003,2024-01-11,7.03,ft^3/s,Approved,2025-02-24T16:24:39Z,ESTIMATED,af36731baeac4ee5a7a5b5d47e298ee3,06752280,USGS,Boxelder
USGS-06752260,00060,00003,2024-01-12,10.9,ft^3/s,Approved,2025-02-21T16:41:42Z,"ESTIMATED, REVISED",272a1fc51e7a4da584101aad9cdd2601,06752260,USGS,Lincoln
USGS-06752280,00060,00003,2024-01-12,7.3,ft^3/s,Approved,2025-02-24T16:24:39Z,ESTIMATED,af36731baeac4ee5a7a5b5d47e298ee3,06752280,USGS,Boxelder
USGS-06752260,00060,00003,2024-01-13,10.1,ft^3/s,Approved,2025-02-21T16:41:42Z,"ESTIMATED, REVISED",272a1fc51e7a4da584101aad9cdd2601,06752260,USGS,Lincoln
USGS-06752280,00060,00003,2024-01-13,7.6,ft^3/s,Approved,2025-02-24T16:24:39Z,ESTIMATED,af36731baeac4ee5a7a5b5d47e298ee3,06752280,USGS,Boxelder
USGS-06752260,00060,00003,2024-01-14,9.36,ft^3/s,Approved,2025-02-21T16:41:42Z,"ESTIMATED, REVISED",272a1fc51e7a4da584101aad9cdd2601,06752260,USGS,Lincoln
USGS-06752280,00060,00003,2024-01-14,7.26,ft^3/s,Approved,2025-02-24T16:24:39Z,ESTIMATED,af36731baeac4ee5a7a5b5d47e298ee3,06752280,USGS,Boxelder
USGS-06752260,00060,00003,2024-01-15,9.01,ft^3/s,Approved,2025-02-21T16:41:42Z,"ESTIMATED, REVISED",272a1fc51e7a4da584101aad9cdd2601,06752260,USGS,Lincoln
USGS-06752280,00060,00003,2024-01-15,6.94,ft^3/s,Approved,2025-02-24T16:24:39Z,ESTIMATED,af36731baeac4ee5a7a5b5d47e298ee3,06752280,USGS,Boxelder
USGS-06752260,00060,00003,2024-01-16,8.99,ft^3/s,Approved,2025-02-21T16:41:42Z,"ESTIMATED, REVISED",272a1fc51e7a4da584101aad9cdd2601,06752260,USGS,Lincoln
USGS-06752280,00060,00003,2024-01-16,6.61,ft^3/s,Approved,2025-02-24T16:24:39Z,ESTIMATED,af36731baeac4ee5a7a5b5d47e298ee3,06752280,USGS,Boxelder
USGS-06752260,00060,00003,2024-01-17,8.99,ft^3/s,Approved,2025-02-21T16:41:42Z,"ESTIMATED, REVISED",272a1fc51e7a4da584101aad9cdd2601,06752260,USGS,Lincoln
USGS-06752280,00060,00003,2024-01-17,6.59,ft^3/s,Approved,2025-02-24T16:24:39Z,ESTIMATED,af36731baeac4ee5a7a5b5d47e298ee3,06752280,USGS,Boxelder
USGS-06752260,00060,00003,2024-01-18,9,ft^3/s,Approved,2025-02-21T16:41:42Z,"ESTIMATED, REVISED",272a1fc51e7a4da584101aad9cdd2601,06752260,USGS,Lincoln
USGS-06752280,00060,00003,2024-01-18,6.74,ft^3/s,Approved,2025-02-24T16:24:39Z,ESTIMATED,af36731baeac4ee5a7a5b5d47e298ee3,06752280,USGS,Boxelder
USGS-06752260,00060,00003,2024-01-19,9.09,ft^3/s,Approved,2025-02-21T16:41:42Z,"ESTIMATED, REVISED",272a1fc51e7a4da584101aad9cdd2601,06752260,USGS,Lincoln
USGS-06752280,00060,00003,2024-01-19,7.09,ft^3/s,Approved,2025-02-24T16:24:39Z,ESTIMATED,af36731baeac4ee5a7a5b5d47e298ee3,06752280,USGS,Boxelder
USGS-06752260,00060,00003,2024-01-20,9.23,ft^3/s,Approved,2025-02-21T16:41:42Z,"ESTIMATED, REVISED",272a1fc51e7a4da584101aad9cdd2601,06752260,USGS,Lincoln
USGS-06752280,00060,00003,2024-01-20,7.46,ft^3/s,Approved,2025-02-24T16:24:39Z,ESTIMATED,af36731baeac4ee5a7a5b5d47e298ee3,06752280,USGS,Boxelder
USGS-06752260,00060,00003,2024-01-21,9.41,ft^3/s,Approved,2025-02-21T16:41:42Z,"ESTIMATED, REVISED",272a1fc51e7a4da584101aad9cdd2601,06752260,USGS,Lincoln
USGS-06752280,00060,00003,2024-01-21,7.97,ft^3/s,Approved,2025-02-24T16:24:39Z,ESTIMATED,af36731baeac4ee5a7a5b5d47e298ee3,06752280,USGS,Boxelder
USGS-06752260,00060,00003,2024-01-22,9.86,ft^3/s,Approved,2025-02-21T16:41:42Z,"ESTIMATED, REVISED",272a1fc51e7a4da584101aad9cdd2601,06752260,USGS,Lincoln
USGS-06752280,00060,00003,2024-01-22,8.28,ft^3/s,Approved,2025-02-24T16:24:39Z,ESTIMATED,af36731baeac4ee5a7a5b5d47e298ee3,06752280,USGS,Boxelder
USGS-06752260,00060,00003,2024-01-23,11.3,ft^3/s,Approved,2025-02-21T16:41:42Z,"ESTIMATED, REVISED",272a1fc51e7a4da584101aad9cdd2601,06752260,USGS,Lincoln
USGS-06752280,00060,00003,2024-01-23,8.32,ft^3/s,Approved,2025-02-24T16:24:39Z,ESTIMATED,af36731baeac4ee5a7a5b5d47e298ee3,06752280,USGS,Boxelder
USGS-06752260,00060,00003,2024-01-24,11,ft^3/s,Approved,2026-01-14T23:29:26Z,REVISED,272a1fc51e7a4da584101aad9cdd2601,06752260,USGS,Lincoln
USGS-06752280,00060,00003,2024-01-24,7.67,ft^3/s,Approved,2026-01-15T00:42:43Z,,af36731baeac4ee5a7a5b5d47e298ee3,06752280,USGS,Boxelder
USGS-06752260,00060,00003,2024-01-25,10.5,ft^3/s,Approved,2025-02-21T16:41:42Z,REVISED,272a1fc51e7a4da584101aad9cdd2601,06752260,USGS,Lincoln
USGS-06752280,00060,00003,2024-01-25,7.07,ft^3/s,Approved,2025-02-24T16:24:39Z,,af36731baeac4ee5a7a5b5d47e298ee3,06752280,USGS,Boxelder
USGS-06752260,00060,00003,2024-01-26,10.2,ft^3/s,Approved,2025-02-21T16:41:42Z,REVISED,272a1fc51e7a4da584101aad9cdd2601,06752260,USGS,Lincoln
USGS-06752280,00060,00003,2024-01-26,6.57,ft^3/s,Approved,2025-02-24T16:24:39Z,,af36731baeac4ee5a7a5b5d47e298ee3,06752280,USGS,Boxelder
USGS-06752260,00060,00003,2024-01-27,10.3,ft^3/s,Approved,2025-02-21T16:41:42Z,REVISED,272a1fc51e7a4da584101aad9cdd2601,06752260,USGS,Lincoln
USGS-06752280,00060,00003,2024-01-27,6.45,ft^3/s,Approved,2025-02-24T16:24:39Z,,af36731baeac4ee5a7a5b5d47e298ee3,06752280,USGS,Boxelder
USGS-06752260,00060,00003,2024-01-28,10.2,ft^3/s,Approved,2025-02-21T16:41:42Z,REVISED,272a1fc51e7a4da584101aad9cdd2601,06752260,USGS,Lincoln
USGS-06752280,00060,00003,2024-01-28,6.15,ft^3/s,Approved,2025-02-24T16:24:39Z,,af36731baeac4ee5a7a5b5d47e298ee3,06752280,USGS,Boxelder
USGS-06752260,00060,00003,2024-01-29,10.2,ft^3/s,Approved,2025-02-21T16:41:42Z,REVISED,272a1fc51e7a4da584101aad9cdd2601,06752260,USGS,Lincoln
USGS-06752280,00060,00003,2024-01-29,6.12,ft^3/s,Approved,2025-02-24T16:24:39Z,,af36731baeac4ee5a7a5b5d47e298ee3,06752280,USGS,Boxelder
USGS-06752260,00060,00003,2024-01-30,10.3,ft^3/s,Approved,2025-02-21T16:41:42Z,REVISED,272a1fc51e7a4da584101aad9cdd2601,06752260,USGS,Lincoln
USGS-06752280,00060,00003,2024-01-30,6.18,ft^3/s,Approved,2025-02-24T16:24:39Z,,af36731baeac4ee5a7a5b5d47e298ee3,06752280,USGS,Boxelder
USGS-06752260,00060,00003,2024-01-31,10.2,ft^3/s,Approved,2025-02-21T16:41:42Z,REVISED,272a1fc51e7a4da584101aad9cdd2601,06752260,USGS,Lincoln
USGS-06752280,00060,00003,2024-01-31,6.27,ft^3/s,Approved,2025-02-24T16:24:39Z,,af36731baeac4ee5a7a5b5d47e298ee3,06752280,USGS,Boxelder
USGS-06752260,00060,00003,2024-02-01,10.2,ft^3/s,Approved,2025-02-21T16:41:42Z,REVISED,272a1fc51e7a4da584101aad9cdd2601,06752260,USGS,Lincoln
USGS-06752280,00060,00003,2024-02-01,6.3,ft^3/s,Approved,2025-02-24T16:24:39Z,,af36731baeac4ee5a7a5b5d47e298ee3,06752280,USGS,Boxelder
USGS-06752260,00060,00003,2024-02-02,10.1,ft^3/s,Approved,2025-02-21T16:41:42Z,REVISED,272a1fc51e7a4da584101aad9cdd2601,06752260,USGS,Lincoln
USGS-06752280,00060,00003,2024-02-02,6.14,ft^3/s,Approved,2025-02-24T16:24:39Z,,af36731baeac4ee5a7a5b5d47e298ee3,06752280,USGS,Boxelder
USGS-06752260,00060,00003,2024-02-03,22.9,ft^3/s,Approved,2025-02-21T16:41:42Z,REVISED,272a1fc51e7a4da584101aad9cdd2601,06752260,USGS,Lincoln
USGS-06752280,00060,00003,2024-02-03,47.9,ft^3/s,Approved,2025-02-24T16:24:39Z,,af36731baeac4ee5a7a5b5d47e298ee3,06752280,USGS,Boxelder
USGS-06752260,00060,00003,2024-02-04,12.3,ft^3/s,Approved,2025-02-21T16:41:42Z,REVISED,272a1fc51e7a4da584101aad9cdd2601,06752260,USGS,Lincoln
USGS-06752280,00060,00003,2024-02-04,27.9,ft^3/s,Approved,2025-02-24T16:24:39Z,,af36731baeac4ee5a7a5b5d47e298ee3,06752280,USGS,Boxelder
USGS-06752260,00060,00003,2024-02-05,10.6,ft^3/s,Approved,2025-02-21T16:41:42Z,REVISED,272a1fc51e7a4da584101aad9cdd2601,06752260,USGS,Lincoln
USGS-06752280,00060,00003,2024-02-05,15.2,ft^3/s,Approved,2025-02-24T16:24:39Z,,af36731baeac4ee5a7a5b5d47e298ee3,06752280,USGS,Boxelder
USGS-06752260,00060,00003,2024-02-06,9.98,ft^3/s,Approved,2025-02-21T16:41:42Z,REVISED,272a1fc51e7a4da584101aad9cdd2601,06752260,USGS,Lincoln
USGS-06752280,00060,00003,2024-02-06,10.5,ft^3/s,Approved,2025-02-24T16:24:39Z,,af36731baeac4ee5a7a5b5d47e298ee3,06752280,USGS,Boxelder
USGS-06752260,00060,00003,2024-02-07,9.87,ft^3/s,Approved,2025-02-21T16:41:42Z,REVISED,272a1fc51e7a4da584101aad9cdd2601,06752260,USGS,Lincoln
USGS-06752280,00060,00003,2024-02-07,8.97,ft^3/s,Approved,2025-02-24T16:24:39Z,,af36731baeac4ee5a7a5b5d47e298ee3,06752280,USGS,Boxelder
USGS-06752260,00060,00003,2024-02-08,9.68,ft^3/s,Approved,2025-02-21T16:41:42Z,REVISED,272a1fc51e7a4da584101aad9cdd2601,06752260,USGS,Lincoln
USGS-06752280,00060,00003,2024-02-08,8.04,ft^3/s,Approved,2025-02-24T16:24:39Z,,af36731baeac4ee5a7a5b5d47e298ee3,06752280,USGS,Boxelder
USGS-06752260,00060,00003,2024-02-09,9.33,ft^3/s,Approved,2025-02-21T16:41:42Z,REVISED,272a1fc51e7a4da584101aad9cdd2601,06752260,USGS,Lincoln
USGS-06752280,00060,00003,2024-02-09,7.46,ft^3/s,Approved,2025-02-24T16:24:39Z,,af36731baeac4ee5a7a5b5d47e298ee3,06752280,USGS,Boxelder
USGS-06752260,00060,00003,2024-02-10,9.24,ft^3/s,Approved,2025-02-21T16:41:42Z,REVISED,272a1fc51e7a4da584101aad9cdd2601,06752260,USGS,Lincoln
USGS-06752280,00060,00003,2024-02-10,7.72,ft^3/s,Approved,2025-02-24T16:24:39Z,,af36731baeac4ee5a7a5b5d47e298ee3,06752280,USGS,Boxelder
USGS-06752260,00060,00003,2024-02-11,9.04,ft^3/s,Approved,2025-02-21T16:41:42Z,REVISED,272a1fc51e7a4da584101aad9cdd2601,06752260,USGS,Lincoln
USGS-06752280,00060,00003,2024-02-11,7.79,ft^3/s,Approved,2025-02-24T16:24:39Z,,af36731baeac4ee5a7a5b5d47e298ee3,06752280,USGS,Boxelder
USGS-06752260,00060,00003,2024-02-12,8.8,ft^3/s,Approved,2025-02-21T16:41:42Z,REVISED,272a1fc51e7a4da584101aad9cdd2601,06752260,USGS,Lincoln
USGS-06752280,00060,00003,2024-02-12,7.06,ft^3/s,Approved,2025-02-24T16:24:39Z,,af36731baeac4ee5a7a5b5d47e298ee3,06752280,USGS,Boxelder
USGS-06752260,00060,00003,2024-02-13,8.85,ft^3/s,Approved,2025-02-21T16:41:42Z,REVISED,272a1fc51e7a4da584101aad9cdd2601,06752260,USGS,Lincoln
USGS-06752280,00060,00003,2024-02-13,7.23,ft^3/s,Approved,2025-02-24T16:24:39Z,,af36731baeac4ee5a7a5b5d47e298ee3,06752280,USGS,Boxelder
USGS-06752260,00060,00003,2024-02-14,8.75,ft^3/s,Approved,2025-02-21T16:41:42Z,REVISED,272a1fc51e7a4da584101aad9cdd2601,06752260,USGS,Lincoln
USGS-06752280,00060,00003,2024-02-14,6.99,ft^3/s,Approved,2025-02-24T16:24:39Z,,af36731baeac4ee5a7a5b5d47e298ee3,06752280,USGS,Boxelder
USGS-06752260,00060,00003,2024-02-15,8.58,ft^3/s,Approved,2025-02-21T16:41:42Z,REVISED,272a1fc51e7a4da584101aad9cdd2601,06752260,USGS,Lincoln
USGS-06752280,00060,00003,2024-02-15,6.6,ft^3/s,Approved,2025-02-24T16:24:39Z,,af36731baeac4ee5a7a5b5d47e298ee3,06752280,USGS,Boxelder
USGS-06752260,00060,00003,2024-02-16,23.1,ft^3/s,Approved,2025-02-21T16:41:42Z,REVISED,272a1fc51e7a4da584101aad9cdd2601,06752260,USGS,Lincoln
USGS-06752280,00060,00003,2024-02-16,6.63,ft^3/s,Approved,2025-02-24T16:24:39Z,,af36731baeac4ee5a7a5b5d47e298ee3,06752280,USGS,Boxelder
USGS-06752260,00060,00003,2024-02-17,36.7,ft^3/s,Approved,2025-02-21T16:41:42Z,REVISED,272a1fc51e7a4da584101aad9cdd2601,06752260,USGS,Lincoln
USGS-06752280,00060,00003,2024-02-17,8.73,ft^3/s,Approved,2025-02-24T16:24:39Z,,af36731baeac4ee5a7a5b5d47e298ee3,06752280,USGS,Boxelder
USGS-06752260,00060,00003,2024-02-18,32.4,ft^3/s,Approved,2025-02-21T16:41:42Z,REVISED,272a1fc51e7a4da584101aad9cdd2601,06752260,USGS,Lincoln
USGS-06752280,00060,00003,2024-02-18,9.42,ft^3/s,Approved,2025-02-24T16:24:39Z,,af36731baeac4ee5a7a5b5d47e298ee3,06752280,USGS,Boxelder
USGS-06752260,00060,00003,2024-02-19,36.6,ft^3/s,Approved,2025-02-21T16:41:42Z,REVISED,272a1fc51e7a4da584101aad9cdd2601,06752260,USGS,Lincoln
USGS-06752280,00060,00003,2024-02-19,8.88,ft^3/s,Approved,2025-02-24T16:24:39Z,,af36731baeac4ee5a7a5b5d47e298ee3,06752280,USGS,Boxelder
USGS-06752260,00060,00003,2024-02-20,39.8,ft^3/s,Approved,2025-02-21T16:41:42Z,REVISED,272a1fc51e7a4da584101aad9cdd2601,06752260,USGS,Lincoln
USGS-06752280,00060,00003,2024-02-20,8.75,ft^3/s,Approved,2025-02-24T16:24:39Z,,af36731baeac4ee5a7a5b5d47e298ee3,06752280,USGS,Boxelder
USGS-06752260,00060,00003,2024-02-21,47.7,ft^3/s,Approved,2025-02-21T16:41:42Z,REVISED,272a1fc51e7a4da584101aad9cdd2601,06752260,USGS,Lincoln
USGS-06752280,00060,00003,2024-02-21,12.1,ft^3/s,Approved,2025-02-24T16:24:39Z,,af36731baeac4ee5a7a5b5d47e298ee3,06752280,USGS,Boxelder
USGS-06752260,00060,00003,2024-02-22,45.2,ft^3/s,Approved,2025-02-21T16:41:42Z,REVISED,272a1fc51e7a4da584101aad9cdd2601,06752260,USGS,Lincoln
USGS-06752280,00060,00003,2024-02-22,17.1,ft^3/s,Approved,2025-02-24T16:24:39Z,,af36731baeac4ee5a7a5b5d47e298ee3,06752280,USGS,Boxelder
USGS-06752260,00060,00003,2024-02-23,48.5,ft^3/s,Approved,2025-02-21T16:41:42Z,REVISED,272a1fc51e7a4da584101aad9cdd2601,06752260,USGS,Lincoln
USGS-06752280,00060,00003,2024-02-23,14.7,ft^3/s,Approved,2025-02-24T16:24:39Z,,af36731baeac4ee5a7a5b5d47e298ee3,06752280,USGS,Boxelder
USGS-06752260,00060,00003,2024-02-24,40.3,ft^3/s,Approved,2025-02-21T16:41:42Z,REVISED,272a1fc51e7a4da584101aad9cdd2601,06752260,USGS,Lincoln
USGS-06752280,00060,00003,2024-02-24,9.86,ft^3/s,Approved,2025-02-24T16:24:39Z,,af36731baeac4ee5a7a5b5d47e298ee3,06752280,USGS,Boxelder
USGS-06752260,00060,00003,2024-02-25,40.8,ft^3/s,Approved,2025-02-21T16:41:42Z,REVISED,272a1fc51e7a4da584101aad9cdd2601,06752260,USGS,Lincoln
USGS-06752280,00060,00003,2024-02-25,9.87,ft^3/s,Approved,2025-02-24T16:24:39Z,,af36731baeac4ee5a7a5b5d47e298ee3,06752280,USGS,Boxelder
USGS-06752260,00060,00003,2024-02-26,41,ft^3/s,Approved,2025-02-21T16:41:42Z,REVISED,272a1fc51e7a4da584101aad9cdd2601,06752260,USGS,Lincoln
USGS-06752280,00060,00003,2024-02-26,9.14,ft^3/s,Approved,2025-02-24T16:24:39Z,,af36731baeac4ee5a7a5b5d47e298ee3,06752280,USGS,Boxelder
USGS-06752260,00060,00003,2024-02-27,49.4,ft^3/s,Approved,2025-02-21T16:41:42Z,REVISED,272a1fc51e7a4da584101aad9cdd2601,06752260,USGS,Lincoln
USGS-06752280,00060,00003,2024-02-27,16.3,ft^3/s,Approved,2025-02-24T16:24:39Z,,af36731baeac4ee5a7a5b5d47e298ee3,06752280,USGS,Boxelder
USGS-06752260,00060,00003,2024-02-28,38,ft^3/s,Approved,2025-02-21T16:41:42Z,REVISED,272a1fc51e7a4da584101aad9cdd2601,06752260,USGS,Lincoln
USGS-06752280,00060,00003,2024-02-28,11.2,ft^3/s,Approved,2025-02-24T16:24:39Z,,af36731baeac4ee5a7a5b5d47e298ee3,06752280,USGS,Boxelder
USGS-06752260,00060,00003,2024-02-29,33.7,ft^3/s,Approved,2025-02-21T16:41:42Z,REVISED,272a1fc51e7a4da584101aad9cdd2601,06752260,USGS,Lincoln
USGS-06752280,00060,00003,2024-02-29,6.89,ft^3/s,Approved,2025-02-24T16:24:39Z,,af36731baeac4ee5a7a5b5d47e298ee3,06752280,USGS,Boxelder
USGS-06752260,00060,00003,2024-03-01,48.3,ft^3/s,Approved,2025-02-21T16:41:42Z,REVISED,272a1fc51e7a4da584101aad9cdd2601,06752260,USGS,Lincoln
USGS-06752280,00060,00003,2024-03-01,11.1,ft^3/s,Approved,2025-02-24T16:24:39Z,,af36731baeac4ee5a7a5b5d47e298ee3,06752280,USGS,Boxelder
USGS-06752260,00060,00003,2024-03-02,48.2,ft^3/s,Approved,2025-02-21T16:41:42Z,REVISED,272a1fc51e7a4da584101aad9cdd2601,06752260,USGS,Lincoln
USGS-06752280,00060,00003,2024-03-02,12.9,ft^3/s,Approved,2025-02-24T16:24:39Z,,af36731baeac4ee5a7a5b5d47e298ee3,06752280,USGS,Boxelder
USGS-06752260,00060,00003,2024-03-03,51.4,ft^3/s,Approved,2025-02-21T16:41:42Z,REVISED,272a1fc51e7a4da584101aad9cdd2601,06752260,USGS,Lincoln
USGS-06752280,00060,00003,2024-03-03,16.1,ft^3/s,Approved,2025-02-24T16:24:39Z,,af36731baeac4ee5a7a5b5d47e298ee3,06752280,USGS,Boxelder
USGS-06752260,00060,00003,2024-03-04,40.9,ft^3/s,Approved,2025-02-21T16:41:42Z,REVISED,272a1fc51e7a4da584101aad9cdd2601,06752260,USGS,Lincoln
USGS-06752280,00060,00003,2024-03-04,10.1,ft^3/s,Approved,2025-02-24T16:24:39Z,,af36731baeac4ee5a7a5b5d47e298ee3,06752280,USGS,Boxelder
USGS-06752260,00060,00003,2024-03-05,36.8,ft^3/s,Approved,2025-02-21T16:41:42Z,REVISED,272a1fc51e7a4da584101aad9cdd2601,06752260,USGS,Lincoln
USGS-06752280,00060,00003,2024-03-05,6.33,ft^3/s,Approved,2025-02-24T16:24:39Z,,af36731baeac4ee5a7a5b5d47e298ee3,06752280,USGS,Boxelder
USGS-06752260,00060,00003,2024-03-06,39.6,ft^3/s,Approved,2025-02-21T16:41:42Z,REVISED,272a1fc51e7a4da584101aad9cdd2601,06752260,USGS,Lincoln
USGS-06752280,00060,00003,2024-03-06,5.7,ft^3/s,Approved,2025-02-24T16:24:39Z,,af36731baeac4ee5a7a5b5d47e298ee3,06752280,USGS,Boxelder
USGS-06752260,00060,00003,2024-03-07,42.7,ft^3/s,Approved,2025-02-21T16:41:42Z,REVISED,272a1fc51e7a4da584101aad9cdd2601,06752260,USGS,Lincoln
USGS-06752280,00060,00003,2024-03-07,5.5,ft^3/s,Approved,2025-02-24T16:24:39Z,,af36731baeac4ee5a7a5b5d47e298ee3,06752280,USGS,Boxelder
USGS-06752260,00060,00003,2024-03-08,41.2,ft^3/s,Approved,2025-02-21T16:41:42Z,REVISED,272a1fc51e7a4da584101aad9cdd2601,06752260,USGS,Lincoln
USGS-06752280,00060,00003,2024-03-08,8.87,ft^3/s,Approved,2025-02-24T16:24:39Z,,af36731baeac4ee5a7a5b5d47e298ee3,06752280,USGS,Boxelder
USGS-06752260,00060,00003,2024-03-09,37,ft^3/s,Approved,2025-02-21T16:41:42Z,REVISED,272a1fc51e7a4da584101aad9cdd2601,06752260,USGS,Lincoln
USGS-06752280,00060,00003,2024-03-09,8.15,ft^3/s,Approved,2025-02-24T16:24:39Z,,af36731baeac4ee5a7a5b5d47e298ee3,06752280,USGS,Boxelder
USGS-06752260,00060,00003,2024-03-10,33.7,ft^3/s,Approved,2025-02-21T16:41:42Z,REVISED,272a1fc51e7a4da584101aad9cdd2601,06752260,USGS,Lincoln
USGS-06752280,00060,00003,2024-03-10,6.38,ft^3/s,Approved,2025-02-24T16:24:39Z,,af36731baeac4ee5a7a5b5d47e298ee3,06752280,USGS,Boxelder
USGS-06752260,00060,00003,2024-03-11,44.9,ft^3/s,Approved,2025-02-21T16:41:42Z,REVISED,272a1fc51e7a4da584101aad9cdd2601,06752260,USGS,Lincoln
USGS-06752280,00060,00003,2024-03-11,7.32,ft^3/s,Approved,2025-02-24T16:24:39Z,,af36731baeac4ee5a7a5b5d47e298ee3,06752280,USGS,Boxelder
USGS-06752260,00060,00003,2024-03-12,48,ft^3/s,Approved,2025-02-21T16:41:42Z,REVISED,272a1fc51e7a4da584101aad9cdd2601,06752260,USGS,Lincoln
USGS-06752280,00060,00003,2024-03-12,11.2,ft^3/s,Approved,2025-02-24T16:24:39Z,,af36731baeac4ee5a7a5b5d47e298ee3,06752280,USGS,Boxelder
USGS-06752260,00060,00003,2024-03-13,47,ft^3/s,Approved,2025-02-21T16:41:42Z,REVISED,272a1fc51e7a4da584101aad9cdd2601,06752260,USGS,Lincoln
USGS-06752280,00060,00003,2024-03-13,14.2,ft^3/s,Approved,2025-02-24T16:24:39Z,,af36731baeac4ee5a7a5b5d47e298ee3,06752280,USGS,Boxelder
USGS-06752260,00060,00003,2024-03-14,64.1,ft^3/s,Approved,2025-02-21T16:41:42Z,"ESTIMATED, REVISED",272a1fc51e7a4da584101aad9cdd2601,06752260,USGS,Lincoln
USGS-06752280,00060,00003,2024-03-14,40.9,ft^3/s,Approved,2025-02-24T16:24:39Z,ESTIMATED,af36731baeac4ee5a7a5b5d47e298ee3,06752280,USGS,Boxelder
USGS-06752260,00060,00003,2024-03-15,55.7,ft^3/s,Approved,2025-02-21T16:41:42Z,"ESTIMATED, REVISED",272a1fc51e7a4da584101aad9cdd2601,06752260,USGS,Lincoln
USGS-06752280,00060,00003,2024-03-15,43.9,ft^3/s,Approved,2025-02-24T16:24:39Z,ESTIMATED,af36731baeac4ee5a7a5b5d47e298ee3,06752280,USGS,Boxelder
USGS-06752260,00060,00003,2024-03-16,51.5,ft^3/s,Approved,2026-01-14T23:29:26Z,REVISED,272a1fc51e7a4da584101aad9cdd2601,06752260,USGS,Lincoln
USGS-06752280,00060,00003,2024-03-16,33.1,ft^3/s,Approved,2026-01-15T00:42:43Z,,af36731baeac4ee5a7a5b5d47e298ee3,06752280,USGS,Boxelder
USGS-06752260,00060,00003,2024-03-17,65.6,ft^3/s,Approved,2025-02-21T16:41:42Z,REVISED,272a1fc51e7a4da584101aad9cdd2601,06752260,USGS,Lincoln
USGS-06752280,00060,00003,2024-03-17,78.3,ft^3/s,Approved,2025-02-24T16:24:39Z,,af36731baeac4ee5a7a5b5d47e298ee3,06752280,USGS,Boxelder
USGS-06752260,00060,00003,2024-03-18,60.6,ft^3/s,Approved,2025-02-21T16:41:42Z,REVISED,272a1fc51e7a4da584101aad9cdd2601,06752260,USGS,Lincoln
USGS-06752280,00060,00003,2024-03-18,77.9,ft^3/s,Approved,2025-02-24T16:24:39Z,,af36731baeac4ee5a7a5b5d47e298ee3,06752280,USGS,Boxelder
USGS-06752260,00060,00003,2024-03-19,58.9,ft^3/s,Approved,2025-02-21T16:41:42Z,REVISED,272a1fc51e7a4da584101aad9cdd2601,06752260,USGS,Lincoln
USGS-06752280,00060,00003,2024-03-19,72.1,ft^3/s,Approved,2025-02-24T16:24:39Z,,af36731baeac4ee5a7a5b5d47e298ee3,06752280,USGS,Boxelder
USGS-06752260,00060,00003,2024-03-20,69.6,ft^3/s,Approved,2025-02-21T16:41:42Z,REVISED,272a1fc51e7a4da584101aad9cdd2601,06752260,USGS,Lincoln
USGS-06752280,00060,00003,2024-03-20,79,ft^3/s,Approved,2025-02-24T16:24:39Z,,af36731baeac4ee5a7a5b5d47e298ee3,06752280,USGS,Boxelder
USGS-06752260,00060,00003,2024-03-21,66.2,ft^3/s,Approved,2025-02-21T16:41:42Z,REVISED,272a1fc51e7a4da584101aad9cdd2601,06752260,USGS,Lincoln
USGS-06752280,00060,00003,2024-03-21,80.2,ft^3/s,Approved,2025-02-24T16:24:39Z,,af36731baeac4ee5a7a5b5d47e298ee3,06752280,USGS,Boxelder
USGS-06752260,00060,00003,2024-03-22,45.6,ft^3/s,Approved,2025-02-21T16:41:42Z,REVISED,272a1fc51e7a4da584101aad9cdd2601,06752260,USGS,Lincoln
USGS-06752280,00060,00003,2024-03-22,54.9,ft^3/s,Approved,2025-02-24T16:24:39Z,,af36731baeac4ee5a7a5b5d47e298ee3,06752280,USGS,Boxelder
USGS-06752260,00060,00003,2024-03-23,50.1,ft^3/s,Approved,2025-02-21T16:41:42Z,REVISED,272a1fc51e7a4da584101aad9cdd2601,06752260,USGS,Lincoln
USGS-06752280,00060,00003,2024-03-23,59,ft^3/s,Approved,2025-02-24T16:24:39Z,,af36731baeac4ee5a7a5b5d47e298ee3,06752280,USGS,Boxelder
USGS-06752260,00060,00003,2024-03-24,51,ft^3/s,Approved,2025-02-21T16:41:42Z,REVISED,272a1fc51e7a4da584101aad9cdd2601,06752260,USGS,Lincoln
USGS-06752280,00060,00003,2024-03-24,60.7,ft^3/s,Approved,2025-02-24T16:24:39Z,,af36731baeac4ee5a7a5b5d47e298ee3,06752280,USGS,Boxelder
USGS-06752260,00060,00003,2024-03-25,53.4,ft^3/s,Approved,2025-02-21T16:41:42Z,REVISED,272a1fc51e7a4da584101aad9cdd2601,06752260,USGS,Lincoln
USGS-06752280,00060,00003,2024-03-25,64.8,ft^3/s,Approved,2025-02-24T16:24:39Z,,af36731baeac4ee5a7a5b5d47e298ee3,06752280,USGS,Boxelder
USGS-06752260,00060,00003,2024-03-26,38.3,ft^3/s,Approved,2025-02-21T16:41:42Z,REVISED,272a1fc51e7a4da584101aad9cdd2601,06752260,USGS,Lincoln
USGS-06752280,00060,00003,2024-03-26,50.2,ft^3/s,Approved,2025-02-24T16:24:39Z,,af36731baeac4ee5a7a5b5d47e298ee3,06752280,USGS,Boxelder
USGS-06752260,00060,00003,2024-03-27,61.3,ft^3/s,Approved,2025-02-21T16:41:42Z,REVISED,272a1fc51e7a4da584101aad9cdd2601,06752260,USGS,Lincoln
USGS-06752280,00060,00003,2024-03-27,68.8,ft^3/s,Approved,2025-02-24T16:24:39Z,,af36731baeac4ee5a7a5b5d47e298ee3,06752280,USGS,Boxelder
USGS-06752260,00060,00003,2024-03-28,45.7,ft^3/s,Approved,2025-02-21T16:41:42Z,REVISED,272a1fc51e7a4da584101aad9cdd2601,06752260,USGS,Lincoln
USGS-06752280,00060,00003,2024-03-28,58.8,ft^3/s,Approved,2025-02-24T16:24:39Z,,af36731baeac4ee5a7a5b5d47e298ee3,06752280,USGS,Boxelder
USGS-06752260,00060,00003,2024-03-29,48.8,ft^3/s,Approved,2025-02-21T16:41:42Z,REVISED,272a1fc51e7a4da584101aad9cdd2601,06752260,USGS,Lincoln
USGS-06752280,00060,00003,2024-03-29,62.6,ft^3/s,Approved,2025-02-24T16:24:39Z,,af36731baeac4ee5a7a5b5d47e298ee3,06752280,USGS,Boxelder
USGS-06752260,00060,00003,2024-03-30,47.3,ft^3/s,Approved,2025-02-21T16:41:42Z,REVISED,272a1fc51e7a4da584101aad9cdd2601,06752260,USGS,Lincoln
USGS-06752280,00060,00003,2024-03-30,64.3,ft^3/s,Approved,2025-02-24T16:24:39Z,,af36731baeac4ee5a7a5b5d47e298ee3,06752280,USGS,Boxelder
USGS-06752260,00060,00003,2024-03-31,44.4,ft^3/s,Approved,2025-02-21T16:41:42Z,REVISED,272a1fc51e7a4da584101aad9cdd2601,06752260,USGS,Lincoln
USGS-06752280,00060,00003,2024-03-31,56,ft^3/s,Approved,2025-02-24T16:24:39Z,,af36731baeac4ee5a7a5b5d47e298ee3,06752280,USGS,Boxelder
USGS-06752260,00060,00003,2024-04-01,53.5,ft^3/s,Approved,2025-02-21T16:41:42Z,REVISED,272a1fc51e7a4da584101aad9cdd2601,06752260,USGS,Lincoln
USGS-06752280,00060,00003,2024-04-01,64.8,ft^3/s,Approved,2025-02-24T16:24:39Z,,af36731baeac4ee5a7a5b5d47e298ee3,06752280,USGS,Boxelder
USGS-06752260,00060,00003,2024-04-02,56.5,ft^3/s,Approved,2025-02-21T16:41:42Z,REVISED,272a1fc51e7a4da584101aad9cdd2601,06752260,USGS,Lincoln
USGS-06752280,00060,00003,2024-04-02,71.9,ft^3/s,Approved,2025-02-24T16:24:39Z,,af36731baeac4ee5a7a5b5d47e298ee3,06752280,USGS,Boxelder
USGS-06752260,00060,00003,2024-04-03,38.2,ft^3/s,Approved,2025-02-21T16:41:42Z,REVISED,272a1fc51e7a4da584101aad9cdd2601,06752260,USGS,Lincoln
USGS-06752280,00060,00003,2024-04-03,52.2,ft^3/s,Approved,2025-02-24T16:24:39Z,,af36731baeac4ee5a7a5b5d47e298ee3,06752280,USGS,Boxelder
USGS-06752260,00060,00003,2024-04-04,37.6,ft^3/s,Approved,2025-02-21T16:41:42Z,REVISED,272a1fc51e7a4da584101aad9cdd2601,06752260,USGS,Lincoln
USGS-06752280,00060,00003,2024-04-04,46.4,ft^3/s,Approved,2025-02-24T16:24:39Z,,af36731baeac4ee5a7a5b5d47e298ee3,06752280,USGS,Boxelder
USGS-06752260,00060,00003,2024-04-05,46.2,ft^3/s,Approved,2025-02-21T16:41:42Z,REVISED,272a1fc51e7a4da584101aad9cdd2601,06752260,USGS,Lincoln
USGS-06752280,00060,00003,2024-04-05,57.5,ft^3/s,Approved,2025-02-24T16:24:39Z,,af36731baeac4ee5a7a5b5d47e298ee3,06752280,USGS,Boxelder
USGS-06752260,00060,00003,2024-04-06,70.4,ft^3/s,Approved,2025-02-21T16:41:42Z,REVISED,272a1fc51e7a4da584101aad9cdd2601,06752260,USGS,Lincoln
USGS-06752280,00060,00003,2024-04-06,76.7,ft^3/s,Approved,2025-02-24T16:24:39Z,,af36731baeac4ee5a7a5b5d47e298ee3,06752280,USGS,Boxelder
USGS-06752260,00060,00003,2024-04-07,77.5,ft^3/s,Approved,2025-02-21T16:41:42Z,REVISED,272a1fc51e7a4da584101aad9cdd2601,06752260,USGS,Lincoln
USGS-06752280,00060,00003,2024-04-07,97,ft^3/s,Approved,2025-02-24T16:24:39Z,,af36731baeac4ee5a7a5b5d47e298ee3,06752280,USGS,Boxelder
USGS-06752260,00060,00003,2024-04-08,58.6,ft^3/s,Approved,2025-02-21T16:41:42Z,REVISED,272a1fc51e7a4da584101aad9cdd2601,06752260,USGS,Lincoln
USGS-06752280,00060,00003,2024-04-08,69.2,ft^3/s,Approved,2025-02-24T16:24:39Z,,af36731baeac4ee5a7a5b5d47e298ee3,06752280,USGS,Boxelder
USGS-06752260,00060,00003,2024-04-09,40.4,ft^3/s,Approved,2025-02-21T16:41:42Z,REVISED,272a1fc51e7a4da584101aad9cdd2601,06752260,USGS,Lincoln
USGS-06752280,00060,00003,2024-04-09,59,ft^3/s,Approved,2025-02-24T16:24:39Z,,af36731baeac4ee5a7a5b5d47e298ee3,06752280,USGS,Boxelder
USGS-06752260,00060,00003,2024-04-10,8.98,ft^3/s,Approved,2025-02-21T16:41:42Z,REVISED,272a1fc51e7a4da584101aad9cdd2601,06752260,USGS,Lincoln
USGS-06752280,00060,00003,2024-04-10,19,ft^3/s,Approved,2025-02-24T16:24:39Z,,af36731baeac4ee5a7a5b5d47e298ee3,06752280,USGS,Boxelder
USGS-06752260,00060,00003,2024-04-11,8.77,ft^3/s,Approved,2025-02-21T16:41:42Z,REVISED,272a1fc51e7a4da584101aad9cdd2601,06752260,USGS,Lincoln
USGS-06752280,00060,00003,2024-04-11,17.2,ft^3/s,Approved,2025-02-24T16:24:39Z,,af36731baeac4ee5a7a5b5d47e298ee3,06752280,USGS,Boxelder
USGS-06752260,00060,00003,2024-04-12,8.27,ft^3/s,Approved,2025-02-21T16:41:42Z,REVISED,272a1fc51e7a4da584101aad9cdd2601,06752260,USGS,Lincoln
USGS-06752280,00060,00003,2024-04-12,15.2,ft^3/s,Approved,2025-02-24T16:24:39Z,,af36731baeac4ee5a7a5b5d47e298ee3,06752280,USGS,Boxelder
USGS-06752260,00060,00003,2024-04-13,11.9,ft^3/s,Approved,2025-02-21T16:41:42Z,REVISED,272a1fc51e7a4da584101aad9cdd2601,06752260,USGS,Lincoln
USGS-06752280,00060,00003,2024-04-13,16.1,ft^3/s,Approved,2025-02-24T16:24:39Z,,af36731baeac4ee5a7a5b5d47e298ee3,06752280,USGS,Boxelder
USGS-06752260,00060,00003,2024-04-14,21.4,ft^3/s,Approved,2025-02-21T16:41:42Z,REVISED,272a1fc51e7a4da584101aad9cdd2601,06752260,USGS,Lincoln
USGS-06752280,00060,00003,2024-04-14,26,ft^3/s,Approved,2025-02-24T16:24:39Z,,af36731baeac4ee5a7a5b5d47e298ee3,06752280,USGS,Boxelder
USGS-06752260,00060,00003,2024-04-15,91.3,ft^3/s,Approved,2025-02-21T16:41:42Z,REVISED,272a1fc51e7a4da584101aad9cdd2601,06752260,USGS,Lincoln
USGS-06752280,00060,00003,2024-04-15,74.2,ft^3/s,Approved,2025-02-24T16:24:39Z,,af36731baeac4ee5a7a5b5d47e298ee3,06752280,USGS,Boxelder
USGS-06752260,00060,00003,2024-04-16,134,ft^3/s,Approved,2025-02-21T16:41:42Z,REVISED,272a1fc51e7a4da584101aad9cdd2601,06752260,USGS,Lincoln
USGS-06752280,00060,00003,2024-04-16,135,ft^3/s,Approved,2025-02-24T16:24:39Z,,af36731baeac4ee5a7a5b5d47e298ee3,06752280,USGS,Boxelder
USGS-06752260,00060,00003,2024-04-17,94.5,ft^3/s,Approved,2025-02-21T16:41:42Z,REVISED,272a1fc51e7a4da584101aad9cdd2601,06752260,USGS,Lincoln
USGS-06752280,00060,00003,2024-04-17,95.3,ft^3/s,Approved,2025-02-24T16:24:39Z,,af36731baeac4ee5a7a5b5d47e298ee3,06752280,USGS,Boxelder
USGS-06752260,00060,00003,2024-04-18,96.2,ft^3/s,Approved,2025-02-21T16:41:42Z,REVISED,272a1fc51e7a4da584101aad9cdd2601,06752260,USGS,Lincoln
USGS-06752280,00060,00003,2024-04-18,98.8,ft^3/s,Approved,2025-02-24T16:24:39Z,,af36731baeac4ee5a7a5b5d47e298ee3,06752280,USGS,Boxelder
USGS-06752260,00060,00003,2024-04-19,85.2,ft^3/s,Approved,2025-02-21T16:41:42Z,REVISED,272a1fc51e7a4da584101aad9cdd2601,06752260,USGS,Lincoln
USGS-06752280,00060,00003,2024-04-19,92,ft^3/s,Approved,2025-02-24T16:24:39Z,,af36731baeac4ee5a7a5b5d47e298ee3,06752280,USGS,Boxelder
USGS-06752260,00060,00003,2024-04-20,96.3,ft^3/s,Approved,2025-02-21T16:41:42Z,REVISED,272a1fc51e7a4da584101aad9cdd2601,06752260,USGS,Lincoln
USGS-06752280,00060,00003,2024-04-20,101,ft^3/s,Approved,2025-02-24T16:24:39Z,,af36731baeac4ee5a7a5b5d47e298ee3,06752280,USGS,Boxelder
USGS-06752260,00060,00003,2024-04-21,86.9,ft^3/s,Approved,2025-02-21T16:41:42Z,REVISED,272a1fc51e7a4da584101aad9cdd2601,06752260,USGS,Lincoln
USGS-06752280,00060,00003,2024-04-21,93.8,ft^3/s,Approved,2025-02-24T16:24:39Z,,af36731baeac4ee5a7a5b5d47e298ee3,06752280,USGS,Boxelder
USGS-06752260,00060,00003,2024-04-22,70.7,ft^3/s,Approved,2025-02-21T16:41:42Z,REVISED,272a1fc51e7a4da584101aad9cdd2601,06752260,USGS,Lincoln
USGS-06752280,00060,00003,2024-04-22,77.2,ft^3/s,Approved,2025-02-24T16:24:39Z,,af36731baeac4ee5a7a5b5d47e298ee3,06752280,USGS,Boxelder
USGS-06752260,00060,00003,2024-04-23,74,ft^3/s,Approved,2025-02-21T16:41:42Z,REVISED,272a1fc51e7a4da584101aad9cdd2601,06752260,USGS,Lincoln
USGS-06752280,00060,00003,2024-04-23,65.2,ft^3/s,Approved,2025-02-24T16:24:39Z,,af36731baeac4ee5a7a5b5d47e298ee3,06752280,USGS,Boxelder
USGS-06752260,00060,00003,2024-04-24,102,ft^3/s,Approved,2025-02-21T16:41:42Z,REVISED,272a1fc51e7a4da584101aad9cdd2601,06752260,USGS,Lincoln
USGS-06752280,00060,00003,2024-04-24,103,ft^3/s,Approved,2025-02-24T16:24:39Z,,af36731baeac4ee5a7a5b5d47e298ee3,06752280,USGS,Boxelder
USGS-06752260,00060,00003,2024-04-25,196,ft^3/s,Approved,2025-02-21T16:41:42Z,REVISED,272a1fc51e7a4da584101aad9cdd2601,06752260,USGS,Lincoln
USGS-06752280,00060,00003,2024-04-25,195,ft^3/s,Approved,2025-02-24T16:24:39Z,,af36731baeac4ee5a7a5b5d47e298ee3,06752280,USGS,Boxelder
USGS-06752260,00060,00003,2024-04-26,252,ft^3/s,Approved,2025-02-21T16:41:42Z,REVISED,272a1fc51e7a4da584101aad9cdd2601,06752260,USGS,Lincoln
USGS-06752280,00060,00003,2024-04-26,266,ft^3/s,Approved,2025-02-24T16:24:39Z,,af36731baeac4ee5a7a5b5d47e298ee3,06752280,USGS,Boxelder
USGS-06752260,00060,00003,2024-04-27,373,ft^3/s,Approved,2025-02-21T16:41:42Z,REVISED,272a1fc51e7a4da584101aad9cdd2601,06752260,USGS,Lincoln
USGS-06752280,00060,00003,2024-04-27,453,ft^3/s,Approved,2025-02-24T16:24:39Z,,af36731baeac4ee5a7a5b5d47e298ee3,06752280,USGS,Boxelder
USGS-06752260,00060,00003,2024-04-28,312,ft^3/s,Approved,2025-02-21T16:41:42Z,REVISED,272a1fc51e7a4da584101aad9cdd2601,06752260,USGS,Lincoln
USGS-06752280,00060,00003,2024-04-28,366,ft^3/s,Approved,2025-02-24T16:24:39Z,,af36731baeac4ee5a7a5b5d47e298ee3,06752280,USGS,Boxelder
USGS-06752260,00060,00003,2024-04-29,255,ft^3/s,Approved,2025-02-21T16:41:42Z,REVISED,272a1fc51e7a4da584101aad9cdd2601,06752260,USGS,Lincoln
USGS-06752280,00060,00003,2024-04-29,288,ft^3/s,Approved,2025-02-24T16:24:39Z,,af36731baeac4ee5a7a5b5d47e298ee3,06752280,USGS,Boxelder
USGS-06752260,00060,00003,2024-04-30,272,ft^3/s,Approved,2025-02-21T16:41:42Z,REVISED,272a1fc51e7a4da584101aad9cdd2601,06752260,USGS,Lincoln
USGS-06752280,00060,00003,2024-04-30,289,ft^3/s,Approved,2025-02-24T16:24:39Z,,af36731baeac4ee5a7a5b5d47e298ee3,06752280,USGS,Boxelder
USGS-06752260,00060,00003,2024-05-01,259,ft^3/s,Approved,2025-02-21T16:41:42Z,REVISED,272a1fc51e7a4da584101aad9cdd2601,06752260,USGS,Lincoln
USGS-06752280,00060,00003,2024-05-01,291,ft^3/s,Approved,2025-02-24T16:24:39Z,,af36731baeac4ee5a7a5b5d47e298ee3,06752280,USGS,Boxelder
USGS-06752260,00060,00003,2024-05-02,288,ft^3/s,Approved,2025-02-21T16:41:42Z,REVISED,272a1fc51e7a4da584101aad9cdd2601,06752260,USGS,Lincoln
USGS-06752280,00060,00003,2024-05-02,312,ft^3/s,Approved,2025-02-24T16:24:39Z,,af36731baeac4ee5a7a5b5d47e298ee3,06752280,USGS,Boxelder
USGS-06752260,00060,00003,2024-05-03,293,ft^3/s,Approved,2025-02-21T16:41:42Z,REVISED,272a1fc51e7a4da584101aad9cdd2601,06752260,USGS,Lincoln
USGS-06752280,00060,00003,2024-05-03,320,ft^3/s,Approved,2025-02-24T16:24:39Z,,af36731baeac4ee5a7a5b5d47e298ee3,06752280,USGS,Boxelder
USGS-06752260,00060,00003,2024-05-04,262,ft^3/s,Approved,2025-02-21T16:41:42Z,REVISED,272a1fc51e7a4da584101aad9cdd2601,06752260,USGS,Lincoln
USGS-06752280,00060,00003,2024-05-04,289,ft^3/s,Approved,2025-02-24T16:24:39Z,,af36731baeac4ee5a7a5b5d47e298ee3,06752280,USGS,Boxelder
USGS-06752260,00060,00003,2024-05-05,286,ft^3/s,Approved,2025-02-21T16:41:42Z,REVISED,272a1fc51e7a4da584101aad9cdd2601,06752260,USGS,Lincoln
USGS-06752280,00060,00003,2024-05-05,303,ft^3/s,Approved,2025-02-24T16:24:39Z,,af36731baeac4ee5a7a5b5d47e298ee3,06752280,USGS,Boxelder
USGS-06752260,00060,00003,2024-05-06,293,ft^3/s,Approved,2025-02-21T16:41:42Z,REVISED,272a1fc51e7a4da584101aad9cdd2601,06752260,USGS,Lincoln
USGS-06752280,00060,00003,2024-05-06,313,ft^3/s,Approved,2025-02-24T16:24:39Z,,af36731baeac4ee5a7a5b5d47e298ee3,06752280,USGS,Boxelder
USGS-06752260,00060,00003,2024-05-07,250,ft^3/s,Approved,2025-02-21T16:41:42Z,REVISED,272a1fc51e7a4da584101aad9cdd2601,06752260,USGS,Lincoln
USGS-06752280,00060,00003,2024-05-07,274,ft^3/s,Approved,2025-02-24T16:24:39Z,,af36731baeac4ee5a7a5b5d47e298ee3,06752280,USGS,Boxelder
USGS-06752260,00060,00003,2024-05-08,181,ft^3/s,Approved,2025-02-21T16:41:42Z,REVISED,272a1fc51e7a4da584101aad9cdd2601,06752260,USGS,Lincoln
USGS-06752280,00060,00003,2024-05-08,198,ft^3/s,Approved,2025-02-24T16:24:39Z,,af36731baeac4ee5a7a5b5d47e298ee3,06752280,USGS,Boxelder
USGS-06752260,00060,00003,2024-05-09,81.1,ft^3/s,Approved,2025-02-21T16:41:42Z,REVISED,272a1fc51e7a4da584101aad9cdd2601,06752260,USGS,Lincoln
USGS-06752280,00060,00003,2024-05-09,105,ft^3/s,Approved,2025-02-24T16:24:39Z,,af36731baeac4ee5a7a5b5d47e298ee3,06752280,USGS,Boxelder
USGS-06752260,00060,00003,2024-05-10,10.8,ft^3/s,Approved,2025-02-21T16:41:42Z,REVISED,272a1fc51e7a4da584101aad9cdd2601,06752260,USGS,Lincoln
USGS-06752280,00060,00003,2024-05-10,14,ft^3/s,Approved,2025-02-24T16:24:39Z,,af36731baeac4ee5a7a5b5d47e298ee3,06752280,USGS,Boxelder
USGS-06752260,00060,00003,2024-05-11,29.2,ft^3/s,Approved,2025-02-21T16:41:42Z,REVISED,272a1fc51e7a4da584101aad9cdd2601,06752260,USGS,Lincoln
USGS-06752280,00060,00003,2024-05-11,21.6,ft^3/s,Approved,2025-02-24T16:24:39Z,,af36731baeac4ee5a7a5b5d47e298ee3,06752280,USGS,Boxelder
USGS-06752260,00060,00003,2024-05-12,90.3,ft^3/s,Approved,2025-02-21T16:41:42Z,REVISED,272a1fc51e7a4da584101aad9cdd2601,06752260,USGS,Lincoln
USGS-06752280,00060,00003,2024-05-12,84.9,ft^3/s,Approved,2025-02-24T16:24:39Z,,af36731baeac4ee5a7a5b5d47e298ee3,06752280,USGS,Boxelder
USGS-06752260,00060,00003,2024-05-13,71.2,ft^3/s,Approved,2025-02-21T16:41:42Z,REVISED,272a1fc51e7a4da584101aad9cdd2601,06752260,USGS,Lincoln
USGS-06752280,00060,00003,2024-05-13,77.4,ft^3/s,Approved,2025-02-24T16:24:39Z,,af36731baeac4ee5a7a5b5d47e298ee3,06752280,USGS,Boxelder
USGS-06752260,00060,00003,2024-05-14,119,ft^3/s,Approved,2025-02-21T16:41:42Z,REVISED,272a1fc51e7a4da584101aad9cdd2601,06752260,USGS,Lincoln
USGS-06752280,00060,00003,2024-05-14,122,ft^3/s,Approved,2025-02-24T16:24:39Z,,af36731baeac4ee5a7a5b5d47e298ee3,06752280,USGS,Boxelder
USGS-06752260,00060,00003,2024-05-15,166,ft^3/s,Approved,2025-02-21T16:41:42Z,REVISED,272a1fc51e7a4da584101aad9cdd2601,06752260,USGS,Lincoln
USGS-06752280,00060,00003,2024-05-15,171,ft^3/s,Approved,2025-02-24T16:24:39Z,,af36731baeac4ee5a7a5b5d47e298ee3,06752280,USGS,Boxelder
USGS-06752260,00060,00003,2024-05-16,74.3,ft^3/s,Approved,2025-02-21T16:41:42Z,REVISED,272a1fc51e7a4da584101aad9cdd2601,06752260,USGS,Lincoln
USGS-06752280,00060,00003,2024-05-16,80.9,ft^3/s,Approved,2025-02-24T16:24:39Z,,af36731baeac4ee5a7a5b5d47e298ee3,06752280,USGS,Boxelder
USGS-06752260,00060,00003,2024-05-17,256,ft^3/s,Approved,2025-02-21T16:41:42Z,REVISED,272a1fc51e7a4da584101aad9cdd2601,06752260,USGS,Lincoln
USGS-06752280,00060,00003,2024-05-17,249,ft^3/s,Approved,2025-02-24T16:24:39Z,,af36731baeac4ee5a7a5b5d47e298ee3,06752280,USGS,Boxelder
USGS-06752260,00060,00003,2024-05-18,453,ft^3/s,Approved,2025-02-21T16:41:42Z,REVISED,272a1fc51e7a4da584101aad9cdd2601,06752260,USGS,Lincoln
USGS-06752280,00060,00003,2024-05-18,492,ft^3/s,Approved,2025-02-24T16:24:39Z,,af36731baeac4ee5a7a5b5d47e298ee3,06752280,USGS,Boxelder
USGS-06752260,00060,00003,2024-05-19,433,ft^3/s,Approved,2025-02-21T16:41:42Z,REVISED,272a1fc51e7a4da584101aad9cdd2601,06752260,USGS,Lincoln
USGS-06752280,00060,00003,2024-05-19,479,ft^3/s,Approved,2025-02-24T16:24:39Z,,af36731baeac4ee5a7a5b5d47e298ee3,06752280,USGS,Boxelder
USGS-06752260,00060,00003,2024-05-20,314,ft^3/s,Approved,2025-02-21T16:41:42Z,REVISED,272a1fc51e7a4da584101aad9cdd2601,06752260,USGS,Lincoln
USGS-06752280,00060,00003,2024-05-20,344,ft^3/s,Approved,2025-02-24T16:24:39Z,,af36731baeac4ee5a7a5b5d47e298ee3,06752280,USGS,Boxelder
USGS-06752260,00060,00003,2024-05-21,384,ft^3/s,Approved,2025-02-21T16:41:42Z,REVISED,272a1fc51e7a4da584101aad9cdd2601,06752260,USGS,Lincoln
USGS-06752280,00060,00003,2024-05-21,420,ft^3/s,Approved,2025-02-24T16:24:39Z,,af36731baeac4ee5a7a5b5d47e298ee3,06752280,USGS,Boxelder
USGS-06752260,00060,00003,2024-05-22,94.8,ft^3/s,Approved,2025-02-21T16:41:42Z,REVISED,272a1fc51e7a4da584101aad9cdd2601,06752260,USGS,Lincoln
USGS-06752280,00060,00003,2024-05-22,122,ft^3/s,Approved,2025-02-24T16:24:39Z,,af36731baeac4ee5a7a5b5d47e298ee3,06752280,USGS,Boxelder
USGS-06752260,00060,00003,2024-05-23,93.3,ft^3/s,Approved,2025-02-21T16:41:42Z,REVISED,272a1fc51e7a4da584101aad9cdd2601,06752260,USGS,Lincoln
USGS-06752280,00060,00003,2024-05-23,117,ft^3/s,Approved,2025-02-24T16:24:39Z,,af36731baeac4ee5a7a5b5d47e298ee3,06752280,USGS,Boxelder
USGS-06752260,00060,00003,2024-05-24,124,ft^3/s,Approved,2025-02-21T16:41:42Z,REVISED,272a1fc51e7a4da584101aad9cdd2601,06752260,USGS,Lincoln
USGS-06752280,00060,00003,2024-05-24,141,ft^3/s,Approved,2025-02-24T16:24:39Z,,af36731baeac4ee5a7a5b5d47e298ee3,06752280,USGS,Boxelder
USGS-06752260,00060,00003,2024-05-25,221,ft^3/s,Approved,2025-02-21T16:41:42Z,REVISED,272a1fc51e7a4da584101aad9cdd2601,06752260,USGS,Lincoln
USGS-06752280,00060,00003,2024-05-25,242,ft^3/s,Approved,2025-02-24T16:24:39Z,,af36731baeac4ee5a7a5b5d47e298ee3,06752280,USGS,Boxelder
USGS-06752260,00060,00003,2024-05-26,260,ft^3/s,Approved,2025-02-21T16:41:42Z,REVISED,272a1fc51e7a4da584101aad9cdd2601,06752260,USGS,Lincoln
USGS-06752280,00060,00003,2024-05-26,297,ft^3/s,Approved,2025-02-24T16:24:39Z,,af36731baeac4ee5a7a5b5d47e298ee3,06752280,USGS,Boxelder
USGS-06752260,00060,00003,2024-05-27,123,ft^3/s,Approved,2025-02-21T16:41:42Z,REVISED,272a1fc51e7a4da584101aad9cdd2601,06752260,USGS,Lincoln
USGS-06752280,00060,00003,2024-05-27,155,ft^3/s,Approved,2025-02-24T16:24:39Z,,af36731baeac4ee5a7a5b5d47e298ee3,06752280,USGS,Boxelder
USGS-06752260,00060,00003,2024-05-28,181,ft^3/s,Approved,2025-02-21T16:41:42Z,REVISED,272a1fc51e7a4da584101aad9cdd2601,06752260,USGS,Lincoln
USGS-06752280,00060,00003,2024-05-28,201,ft^3/s,Approved,2025-02-24T16:24:39Z,,af36731baeac4ee5a7a5b5d47e298ee3,06752280,USGS,Boxelder
USGS-06752260,00060,00003,2024-05-29,195,ft^3/s,Approved,2025-02-21T16:41:42Z,REVISED,272a1fc51e7a4da584101aad9cdd2601,06752260,USGS,Lincoln
USGS-06752280,00060,00003,2024-05-29,221,ft^3/s,Approved,2025-02-24T16:24:39Z,,af36731baeac4ee5a7a5b5d47e298ee3,06752280,USGS,Boxelder
USGS-06752260,00060,00003,2024-05-30,14.3,ft^3/s,Approved,2025-02-21T16:41:42Z,REVISED,272a1fc51e7a4da584101aad9cdd2601,06752260,USGS,Lincoln
USGS-06752280,00060,00003,2024-05-30,26.9,ft^3/s,Approved,2025-02-24T16:24:39Z,,af36731baeac4ee5a7a5b5d47e298ee3,06752280,USGS,Boxelder
USGS-06752260,00060,00003,2024-05-31,125,ft^3/s,Approved,2025-02-21T16:41:42Z,REVISED,272a1fc51e7a4da584101aad9cdd2601,06752260,USGS,Lincoln
USGS-06752280,00060,00003,2024-05-31,135,ft^3/s,Approved,2025-02-24T16:24:39Z,,af36731baeac4ee5a7a5b5d47e298ee3,06752280,USGS,Boxelder
USGS-06752260,00060,00003,2024-06-01,160,ft^3/s,Approved,2025-02-21T16:41:42Z,REVISED,272a1fc51e7a4da584101aad9cdd2601,06752260,USGS,Lincoln
USGS-06752280,00060,00003,2024-06-01,165,ft^3/s,Approved,2025-02-24T16:24:39Z,,af36731baeac4ee5a7a5b5d47e298ee3,06752280,USGS,Boxelder
USGS-06752260,00060,00003,2024-06-02,150,ft^3/s,Approved,2025-02-21T16:41:42Z,REVISED,272a1fc51e7a4da584101aad9cdd2601,06752260,USGS,Lincoln
USGS-06752280,00060,00003,2024-06-02,164,ft^3/s,Approved,2025-02-24T16:24:39Z,,af36731baeac4ee5a7a5b5d47e298ee3,06752280,USGS,Boxelder
USGS-06752260,00060,00003,2024-06-03,115,ft^3/s,Approved,2025-02-21T16:41:42Z,REVISED,272a1fc51e7a4da584101aad9cdd2601,06752260,USGS,Lincoln
USGS-06752280,00060,00003,2024-06-03,127,ft^3/s,Approved,2025-02-24T16:24:39Z,,af36731baeac4ee5a7a5b5d47e298ee3,06752280,USGS,Boxelder
USGS-06752260,00060,00003,2024-06-04,138,ft^3/s,Approved,2025-02-21T16:41:42Z,REVISED,272a1fc51e7a4da584101aad9cdd2601,06752260,USGS,Lincoln
USGS-06752280,00060,00003,2024-06-04,123,ft^3/s,Approved,2025-02-24T16:24:39Z,,af36731baeac4ee5a7a5b5d47e298ee3,06752280,USGS,Boxelder
USGS-06752260,00060,00003,2024-06-05,404,ft^3/s,Approved,2025-02-21T16:41:42Z,REVISED,272a1fc51e7a4da584101aad9cdd2601,06752260,USGS,Lincoln
USGS-06752280,00060,00003,2024-06-05,417,ft^3/s,Approved,2025-02-24T16:24:39Z,,af36731baeac4ee5a7a5b5d47e298ee3,06752280,USGS,Boxelder
USGS-06752260,00060,00003,2024-06-06,900,ft^3/s,Approved,2025-02-21T16:41:42Z,REVISED,272a1fc51e7a4da584101aad9cdd2601,06752260,USGS,Lincoln
USGS-06752280,00060,00003,2024-06-06,911,ft^3/s,Approved,2025-02-24T16:24:39Z,,af36731baeac4ee5a7a5b5d47e298ee3,06752280,USGS,Boxelder
USGS-06752260,00060,00003,2024-06-07,864,ft^3/s,Approved,2025-02-21T16:41:42Z,REVISED,272a1fc51e7a4da584101aad9cdd2601,06752260,USGS,Lincoln
USGS-06752280,00060,00003,2024-06-07,934,ft^3/s,Approved,2025-02-24T16:24:39Z,,af36731baeac4ee5a7a5b5d47e298ee3,06752280,USGS,Boxelder
USGS-06752260,00060,00003,2024-06-08,987,ft^3/s,Approved,2025-02-21T16:41:42Z,REVISED,272a1fc51e7a4da584101aad9cdd2601,06752260,USGS,Lincoln
USGS-06752280,00060,00003,2024-06-08,1050,ft^3/s,Approved,2025-02-24T16:24:39Z,,af36731baeac4ee5a7a5b5d47e298ee3,06752280,USGS,Boxelder
USGS-06752260,00060,00003,2024-06-09,873,ft^3/s,Approved,2025-02-21T16:41:42Z,REVISED,272a1fc51e7a4da584101aad9cdd2601,06752260,USGS,Lincoln
USGS-06752280,00060,00003,2024-06-09,968,ft^3/s,Approved,2025-02-24T16:24:39Z,,af36731baeac4ee5a7a5b5d47e298ee3,06752280,USGS,Boxelder
USGS-06752260,00060,00003,2024-06-10,928,ft^3/s,Approved,2025-02-21T16:41:42Z,REVISED,272a1fc51e7a4da584101aad9cdd2601,06752260,USGS,Lincoln
USGS-06752280,00060,00003,2024-06-10,1000,ft^3/s,Approved,2025-02-24T16:24:39Z,,af36731baeac4ee5a7a5b5d47e298ee3,06752280,USGS,Boxelder
USGS-06752260,00060,00003,2024-06-11,829,ft^3/s,Approved,2025-02-21T16:41:42Z,REVISED,272a1fc51e7a4da584101aad9cdd2601,06752260,USGS,Lincoln
USGS-06752280,00060,00003,2024-06-11,927,ft^3/s,Approved,2025-02-24T16:24:39Z,,af36731baeac4ee5a7a5b5d47e298ee3,06752280,USGS,Boxelder
USGS-06752260,00060,00003,2024-06-12,684,ft^3/s,Approved,2026-01-14T23:29:26Z,,272a1fc51e7a4da584101aad9cdd2601,06752260,USGS,Lincoln
USGS-06752280,00060,00003,2024-06-12,754,ft^3/s,Approved,2025-02-24T16:24:39Z,,af36731baeac4ee5a7a5b5d47e298ee3,06752280,USGS,Boxelder
USGS-06752260,00060,00003,2024-06-13,609,ft^3/s,Approved,2025-02-21T16:41:42Z,,272a1fc51e7a4da584101aad9cdd2601,06752260,USGS,Lincoln
USGS-06752280,00060,00003,2024-06-13,675,ft^3/s,Approved,2025-02-24T16:24:39Z,,af36731baeac4ee5a7a5b5d47e298ee3,06752280,USGS,Boxelder
USGS-06752260,00060,00003,2024-06-14,560,ft^3/s,Approved,2025-02-21T16:41:42Z,,272a1fc51e7a4da584101aad9cdd2601,06752260,USGS,Lincoln
USGS-06752280,00060,00003,2024-06-14,634,ft^3/s,Approved,2025-02-24T16:24:39Z,,af36731baeac4ee5a7a5b5d47e298ee3,06752280,USGS,Boxelder
USGS-06752260,00060,00003,2024-06-15,400,ft^3/s,Approved,2025-02-21T16:41:42Z,,272a1fc51e7a4da584101aad9cdd2601,06752260,USGS,Lincoln
USGS-06752280,00060,00003,2024-06-15,457,ft^3/s,Approved,2025-02-24T16:24:39Z,,af36731baeac4ee5a7a5b5d47e298ee3,06752280,USGS,Boxelder
USGS-06752260,00060,00003,2024-06-16,292,ft^3/s,Approved,2025-02-21T16:41:42Z,,272a1fc51e7a4da584101aad9cdd2601,06752260,USGS,Lincoln
USGS-06752280,00060,00003,2024-06-16,321,ft^3/s,Approved,2025-02-24T16:24:39Z,,af36731baeac4ee5a7a5b5d47e298ee3,06752280,USGS,Boxelder
USGS-06752260,00060,00003,2024-06-17,363,ft^3/s,Approved,2025-02-21T16:41:42Z,,272a1fc51e7a4da584101aad9cdd2601,06752260,USGS,Lincoln
USGS-06752280,00060,00003,2024-06-17,392,ft^3/s,Approved,2025-02-24T16:24:39Z,,af36731baeac4ee5a7a5b5d47e298ee3,06752280,USGS,Boxelder
USGS-06752260,00060,00003,2024-06-18,324,ft^3/s,Approved,2025-02-21T16:41:42Z,,272a1fc51e7a4da584101aad9cdd2601,06752260,USGS,Lincoln
USGS-06752280,00060,00003,2024-06-18,372,ft^3/s,Approved,2025-02-24T16:24:39Z,,af36731baeac4ee5a7a5b5d47e298ee3,06752280,USGS,Boxelder
USGS-06752260,00060,00003,2024-06-19,106,ft^3/s,Approved,2025-02-21T16:41:42Z,,272a1fc51e7a4da584101aad9cdd2601,06752260,USGS,Lincoln
USGS-06752280,00060,00003,2024-06-19,145,ft^3/s,Approved,2025-02-24T16:24:39Z,,af36731baeac4ee5a7a5b5d47e298ee3,06752280,USGS,Boxelder
USGS-06752260,00060,00003,2024-06-20,116,ft^3/s,Approved,2025-02-21T16:41:42Z,,272a1fc51e7a4da584101aad9cdd2601,06752260,USGS,Lincoln
USGS-06752280,00060,00003,2024-06-20,127,ft^3/s,Approved,2025-02-24T16:24:39Z,,af36731baeac4ee5a7a5b5d47e298ee3,06752280,USGS,Boxelder
USGS-06752260,00060,00003,2024-06-21,191,ft^3/s,Approved,2025-02-21T16:41:42Z,,272a1fc51e7a4da584101aad9cdd2601,06752260,USGS,Lincoln
USGS-06752280,00060,00003,2024-06-21,213,ft^3/s,Approved,2025-02-24T16:24:39Z,,af36731baeac4ee5a7a5b5d47e298ee3,06752280,USGS,Boxelder
USGS-06752260,00060,00003,2024-06-22,171,ft^3/s,Approved,2025-02-21T16:41:42Z,,272a1fc51e7a4da584101aad9cdd2601,06752260,USGS,Lincoln
USGS-06752280,00060,00003,2024-06-22,208,ft^3/s,Approved,2025-02-24T16:24:39Z,,af36731baeac4ee5a7a5b5d47e298ee3,06752280,USGS,Boxelder
USGS-06752260,00060,00003,2024-06-23,102,ft^3/s,Approved,2025-02-21T16:41:42Z,,272a1fc51e7a4da584101aad9cdd2601,06752260,USGS,Lincoln
USGS-06752280,00060,00003,2024-06-23,126,ft^3/s,Approved,2025-02-24T16:24:39Z,,af36731baeac4ee5a7a5b5d47e298ee3,06752280,USGS,Boxelder
USGS-06752260,00060,00003,2024-06-24,124,ft^3/s,Approved,2025-02-21T16:41:42Z,,272a1fc51e7a4da584101aad9cdd2601,06752260,USGS,Lincoln
USGS-06752280,00060,00003,2024-06-24,145,ft^3/s,Approved,2025-02-24T16:24:39Z,,af36731baeac4ee5a7a5b5d47e298ee3,06752280,USGS,Boxelder
USGS-06752260,00060,00003,2024-06-25,154,ft^3/s,Approved,2025-02-21T16:41:42Z,,272a1fc51e7a4da584101aad9cdd2601,06752260,USGS,Lincoln
USGS-06752280,00060,00003,2024-06-25,171,ft^3/s,Approved,2025-02-24T16:24:39Z,,af36731baeac4ee5a7a5b5d47e298ee3,06752280,USGS,Boxelder
USGS-06752260,00060,00003,2024-06-26,184,ft^3/s,Approved,2025-02-21T16:41:42Z,,272a1fc51e7a4da584101aad9cdd2601,06752260,USGS,Lincoln
USGS-06752280,00060,00003,2024-06-26,201,ft^3/s,Approved,2025-02-24T16:24:39Z,,af36731baeac4ee5a7a5b5d47e298ee3,06752280,USGS,Boxelder
USGS-06752260,00060,00003,2024-06-27,228,ft^3/s,Approved,2025-02-21T16:41:42Z,,272a1fc51e7a4da584101aad9cdd2601,06752260,USGS,Lincoln
USGS-06752280,00060,00003,2024-06-27,238,ft^3/s,Approved,2025-02-24T16:24:39Z,,af36731baeac4ee5a7a5b5d47e298ee3,06752280,USGS,Boxelder
USGS-06752260,00060,00003,2024-06-28,232,ft^3/s,Approved,2025-02-21T16:41:42Z,,272a1fc51e7a4da584101aad9cdd2601,06752260,USGS,Lincoln
USGS-06752280,00060,00003,2024-06-28,247,ft^3/s,Approved,2025-02-24T16:24:39Z,,af36731baeac4ee5a7a5b5d47e298ee3,06752280,USGS,Boxelder
USGS-06752260,00060,00003,2024-06-29,196,ft^3/s,Approved,2025-02-21T16:41:42Z,,272a1fc51e7a4da584101aad9cdd2601,06752260,USGS,Lincoln
USGS-06752280,00060,00003,2024-06-29,217,ft^3/s,Approved,2025-02-24T16:24:39Z,,af36731baeac4ee5a7a5b5d47e298ee3,06752280,USGS,Boxelder
USGS-06752260,00060,00003,2024-06-30,119,ft^3/s,Approved,2025-02-21T16:41:42Z,,272a1fc51e7a4da584101aad9cdd2601,06752260,USGS,Lincoln
USGS-06752280,00060,00003,2024-06-30,148,ft^3/s,Approved,2025-02-24T16:24:39Z,,af36731baeac4ee5a7a5b5d47e298ee3,06752280,USGS,Boxelder
USGS-06752260,00060,00003,2024-07-01,86.4,ft^3/s,Approved,2025-02-21T16:41:42Z,,272a1fc51e7a4da584101aad9cdd2601,06752260,USGS,Lincoln
USGS-06752280,00060,00003,2024-07-01,102,ft^3/s,Approved,2025-02-24T16:24:39Z,,af36731baeac4ee5a7a5b5d47e298ee3,06752280,USGS,Boxelder
USGS-06752260,00060,00003,2024-07-02,162,ft^3/s,Approved,2025-02-21T16:41:42Z,,272a1fc51e7a4da584101aad9cdd2601,06752260,USGS,Lincoln
USGS-06752280,00060,00003,2024-07-02,176,ft^3/s,Approved,2025-02-24T16:24:39Z,,af36731baeac4ee5a7a5b5d47e298ee3,06752280,USGS,Boxelder
USGS-06752260,00060,00003,2024-07-03,117,ft^3/s,Approved,2025-02-21T16:41:42Z,,272a1fc51e7a4da584101aad9cdd2601,06752260,USGS,Lincoln
USGS-06752280,00060,00003,2024-07-03,145,ft^3/s,Approved,2025-02-24T16:24:39Z,,af36731baeac4ee5a7a5b5d47e298ee3,06752280,USGS,Boxelder
USGS-06752260,00060,00003,2024-07-04,68.2,ft^3/s,Approved,2025-02-21T16:41:42Z,,272a1fc51e7a4da584101aad9cdd2601,06752260,USGS,Lincoln
USGS-06752280,00060,00003,2024-07-04,89.4,ft^3/s,Approved,2025-02-24T16:24:39Z,,af36731baeac4ee5a7a5b5d47e298ee3,06752280,USGS,Boxelder
USGS-06752260,00060,00003,2024-07-05,101,ft^3/s,Approved,2025-02-21T16:41:42Z,,272a1fc51e7a4da584101aad9cdd2601,06752260,USGS,Lincoln
USGS-06752280,00060,00003,2024-07-05,114,ft^3/s,Approved,2025-02-24T16:24:39Z,,af36731baeac4ee5a7a5b5d47e298ee3,06752280,USGS,Boxelder
USGS-06752260,00060,00003,2024-07-06,92,ft^3/s,Approved,2025-02-21T16:41:42Z,,272a1fc51e7a4da584101aad9cdd2601,06752260,USGS,Lincoln
USGS-06752280,00060,00003,2024-07-06,117,ft^3/s,Approved,2025-02-24T16:24:39Z,,af36731baeac4ee5a7a5b5d47e298ee3,06752280,USGS,Boxelder
USGS-06752260,00060,00003,2024-07-07,30.3,ft^3/s,Approved,2025-02-21T16:41:42Z,,272a1fc51e7a4da584101aad9cdd2601,06752260,USGS,Lincoln
USGS-06752280,00060,00003,2024-07-07,52.8,ft^3/s,Approved,2025-02-24T16:24:39Z,,af36731baeac4ee5a7a5b5d47e298ee3,06752280,USGS,Boxelder
USGS-06752260,00060,00003,2024-07-08,7.66,ft^3/s,Approved,2025-02-21T16:41:42Z,,272a1fc51e7a4da584101aad9cdd2601,06752260,USGS,Lincoln
USGS-06752280,00060,00003,2024-07-08,20,ft^3/s,Approved,2025-02-24T16:24:39Z,,af36731baeac4ee5a7a5b5d47e298ee3,06752280,USGS,Boxelder
USGS-06752260,00060,00003,2024-07-09,22.4,ft^3/s,Approved,2025-02-21T16:41:42Z,,272a1fc51e7a4da584101aad9cdd2601,06752260,USGS,Lincoln
USGS-06752280,00060,00003,2024-07-09,22.9,ft^3/s,Approved,2025-02-24T16:24:39Z,,af36731baeac4ee5a7a5b5d47e298ee3,06752280,USGS,Boxelder
USGS-06752260,00060,00003,2024-07-10,35.7,ft^3/s,Approved,2025-02-21T16:41:42Z,,272a1fc51e7a4da584101aad9cdd2601,06752260,USGS,Lincoln
USGS-06752280,00060,00003,2024-07-10,51.7,ft^3/s,Approved,2025-02-24T16:24:39Z,,af36731baeac4ee5a7a5b5d47e298ee3,06752280,USGS,Boxelder
USGS-06752260,00060,00003,2024-07-11,38.6,ft^3/s,Approved,2025-02-21T16:41:42Z,,272a1fc51e7a4da584101aad9cdd2601,06752260,USGS,Lincoln
USGS-06752280,00060,00003,2024-07-11,28.4,ft^3/s,Approved,2025-02-24T16:24:39Z,,af36731baeac4ee5a7a5b5d47e298ee3,06752280,USGS,Boxelder
USGS-06752260,00060,00003,2024-07-12,51,ft^3/s,Approved,2025-02-21T16:41:42Z,,272a1fc51e7a4da584101aad9cdd2601,06752260,USGS,Lincoln
USGS-06752280,00060,00003,2024-07-12,47.1,ft^3/s,Approved,2025-02-24T16:24:39Z,,af36731baeac4ee5a7a5b5d47e298ee3,06752280,USGS,Boxelder
USGS-06752260,00060,00003,2024-07-13,25.9,ft^3/s,Approved,2025-02-21T16:41:42Z,,272a1fc51e7a4da584101aad9cdd2601,06752260,USGS,Lincoln
USGS-06752280,00060,00003,2024-07-13,19.7,ft^3/s,Approved,2025-02-24T16:24:39Z,,af36731baeac4ee5a7a5b5d47e298ee3,06752280,USGS,Boxelder
USGS-06752260,00060,00003,2024-07-14,27.1,ft^3/s,Approved,2025-02-21T16:41:42Z,,272a1fc51e7a4da584101aad9cdd2601,06752260,USGS,Lincoln
USGS-06752280,00060,00003,2024-07-14,11.4,ft^3/s,Approved,2025-02-24T16:24:39Z,,af36731baeac4ee5a7a5b5d47e298ee3,06752280,USGS,Boxelder
USGS-06752260,00060,00003,2024-07-15,53.9,ft^3/s,Approved,2025-02-21T16:41:42Z,,272a1fc51e7a4da584101aad9cdd2601,06752260,USGS,Lincoln
USGS-06752280,00060,00003,2024-07-15,36.1,ft^3/s,Approved,2025-02-24T16:24:39Z,,af36731baeac4ee5a7a5b5d47e298ee3,06752280,USGS,Boxelder
USGS-06752260,00060,00003,2024-07-16,66.6,ft^3/s,Approved,2025-02-21T16:41:42Z,,272a1fc51e7a4da584101aad9cdd2601,06752260,USGS,Lincoln
USGS-06752280,00060,00003,2024-07-16,60.7,ft^3/s,Approved,2025-02-24T16:24:39Z,,af36731baeac4ee5a7a5b5d47e298ee3,06752280,USGS,Boxelder
USGS-06752260,00060,00003,2024-07-17,102,ft^3/s,Approved,2025-02-21T16:41:42Z,,272a1fc51e7a4da584101aad9cdd2601,06752260,USGS,Lincoln
USGS-06752280,00060,00003,2024-07-17,81.8,ft^3/s,Approved,2025-02-24T16:24:39Z,,af36731baeac4ee5a7a5b5d47e298ee3,06752280,USGS,Boxelder
USGS-06752260,00060,00003,2024-07-18,157,ft^3/s,Approved,2025-02-21T16:41:42Z,,272a1fc51e7a4da584101aad9cdd2601,06752260,USGS,Lincoln
USGS-06752280,00060,00003,2024-07-18,144,ft^3/s,Approved,2025-02-24T16:24:39Z,,af36731baeac4ee5a7a5b5d47e298ee3,06752280,USGS,Boxelder
USGS-06752260,00060,00003,2024-07-19,91.2,ft^3/s,Approved,2025-02-21T16:41:42Z,,272a1fc51e7a4da584101aad9cdd2601,06752260,USGS,Lincoln
USGS-06752280,00060,00003,2024-07-19,90.1,ft^3/s,Approved,2025-02-24T16:24:39Z,,af36731baeac4ee5a7a5b5d47e298ee3,06752280,USGS,Boxelder
USGS-06752260,00060,00003,2024-07-20,131,ft^3/s,Approved,2025-02-21T16:41:42Z,,272a1fc51e7a4da584101aad9cdd2601,06752260,USGS,Lincoln
USGS-06752280,00060,00003,2024-07-20,125,ft^3/s,Approved,2025-02-24T16:24:39Z,,af36731baeac4ee5a7a5b5d47e298ee3,06752280,USGS,Boxelder
USGS-06752260,00060,00003,2024-07-21,138,ft^3/s,Approved,2025-02-21T16:41:42Z,,272a1fc51e7a4da584101aad9cdd2601,06752260,USGS,Lincoln
USGS-06752280,00060,00003,2024-07-21,153,ft^3/s,Approved,2025-02-24T16:24:39Z,,af36731baeac4ee5a7a5b5d47e298ee3,06752280,USGS,Boxelder
USGS-06752260,00060,00003,2024-07-22,158,ft^3/s,Approved,2025-02-21T16:41:42Z,,272a1fc51e7a4da584101aad9cdd2601,06752260,USGS,Lincoln
USGS-06752280,00060,00003,2024-07-22,157,ft^3/s,Approved,2025-02-24T16:24:39Z,,af36731baeac4ee5a7a5b5d47e298ee3,06752280,USGS,Boxelder
USGS-06752260,00060,00003,2024-07-23,129,ft^3/s,Approved,2025-02-21T16:41:42Z,,272a1fc51e7a4da584101aad9cdd2601,06752260,USGS,Lincoln
USGS-06752280,00060,00003,2024-07-23,141,ft^3/s,Approved,2025-02-24T16:24:39Z,,af36731baeac4ee5a7a5b5d47e298ee3,06752280,USGS,Boxelder
USGS-06752260,00060,00003,2024-07-24,100,ft^3/s,Approved,2025-02-21T16:41:42Z,,272a1fc51e7a4da584101aad9cdd2601,06752260,USGS,Lincoln
USGS-06752280,00060,00003,2024-07-24,106,ft^3/s,Approved,2025-02-24T16:24:39Z,,af36731baeac4ee5a7a5b5d47e298ee3,06752280,USGS,Boxelder
USGS-06752260,00060,00003,2024-07-25,118,ft^3/s,Approved,2025-02-21T16:41:42Z,,272a1fc51e7a4da584101aad9cdd2601,06752260,USGS,Lincoln
USGS-06752280,00060,00003,2024-07-25,121,ft^3/s,Approved,2025-02-24T16:24:39Z,,af36731baeac4ee5a7a5b5d47e298ee3,06752280,USGS,Boxelder
USGS-06752260,00060,00003,2024-07-26,114,ft^3/s,Approved,2025-02-21T16:41:42Z,,272a1fc51e7a4da584101aad9cdd2601,06752260,USGS,Lincoln
USGS-06752280,00060,00003,2024-07-26,117,ft^3/s,Approved,2025-02-24T16:24:39Z,,af36731baeac4ee5a7a5b5d47e298ee3,06752280,USGS,Boxelder
USGS-06752260,00060,00003,2024-07-27,113,ft^3/s,Approved,2025-02-21T16:41:42Z,,272a1fc51e7a4da584101aad9cdd2601,06752260,USGS,Lincoln
USGS-06752280,00060,00003,2024-07-27,119,ft^3/s,Approved,2025-02-24T16:24:39Z,,af36731baeac4ee5a7a5b5d47e298ee3,06752280,USGS,Boxelder
USGS-06752260,00060,00003,2024-07-28,123,ft^3/s,Approved,2025-02-21T16:41:42Z,,272a1fc51e7a4da584101aad9cdd2601,06752260,USGS,Lincoln
USGS-06752280,00060,00003,2024-07-28,127,ft^3/s,Approved,2025-02-24T16:24:39Z,,af36731baeac4ee5a7a5b5d47e298ee3,06752280,USGS,Boxelder
USGS-06752260,00060,00003,2024-07-29,88.3,ft^3/s,Approved,2025-02-21T16:41:42Z,,272a1fc51e7a4da584101aad9cdd2601,06752260,USGS,Lincoln
USGS-06752280,00060,00003,2024-07-29,95,ft^3/s,Approved,2025-02-24T16:24:39Z,,af36731baeac4ee5a7a5b5d47e298ee3,06752280,USGS,Boxelder
USGS-06752260,00060,00003,2024-07-30,83.3,ft^3/s,Approved,2025-02-21T16:41:42Z,,272a1fc51e7a4da584101aad9cdd2601,06752260,USGS,Lincoln
USGS-06752280,00060,00003,2024-07-30,86.3,ft^3/s,Approved,2025-02-24T16:24:39Z,,af36731baeac4ee5a7a5b5d47e298ee3,06752280,USGS,Boxelder
USGS-06752260,00060,00003,2024-07-31,79.1,ft^3/s,Approved,2025-02-21T16:41:42Z,,272a1fc51e7a4da584101aad9cdd2601,06752260,USGS,Lincoln
USGS-06752280,00060,00003,2024-07-31,76.9,ft^3/s,Approved,2025-02-24T16:24:39Z,,af36731baeac4ee5a7a5b5d47e298ee3,06752280,USGS,Boxelder
USGS-06752260,00060,00003,2024-08-01,110,ft^3/s,Approved,2025-02-21T16:41:42Z,,272a1fc51e7a4da584101aad9cdd2601,06752260,USGS,Lincoln
USGS-06752280,00060,00003,2024-08-01,112,ft^3/s,Approved,2025-02-24T16:24:39Z,,af36731baeac4ee5a7a5b5d47e298ee3,06752280,USGS,Boxelder
USGS-06752260,00060,00003,2024-08-02,63.9,ft^3/s,Approved,2025-02-21T16:41:42Z,,272a1fc51e7a4da584101aad9cdd2601,06752260,USGS,Lincoln
USGS-06752280,00060,00003,2024-08-02,73.9,ft^3/s,Approved,2025-02-24T16:24:39Z,,af36731baeac4ee5a7a5b5d47e298ee3,06752280,USGS,Boxelder
USGS-06752260,00060,00003,2024-08-03,27,ft^3/s,Approved,2025-02-21T16:41:42Z,,272a1fc51e7a4da584101aad9cdd2601,06752260,USGS,Lincoln
USGS-06752280,00060,00003,2024-08-03,23.8,ft^3/s,Approved,2025-02-24T16:24:39Z,,af36731baeac4ee5a7a5b5d47e298ee3,06752280,USGS,Boxelder
USGS-06752260,00060,00003,2024-08-04,13.1,ft^3/s,Approved,2025-02-21T16:41:42Z,,272a1fc51e7a4da584101aad9cdd2601,06752260,USGS,Lincoln
USGS-06752280,00060,00003,2024-08-04,12.6,ft^3/s,Approved,2025-02-24T16:24:39Z,,af36731baeac4ee5a7a5b5d47e298ee3,06752280,USGS,Boxelder
USGS-06752260,00060,00003,2024-08-05,12.6,ft^3/s,Approved,2025-02-21T16:41:42Z,,272a1fc51e7a4da584101aad9cdd2601,06752260,USGS,Lincoln
USGS-06752280,00060,00003,2024-08-05,10.2,ft^3/s,Approved,2025-02-24T16:24:39Z,,af36731baeac4ee5a7a5b5d47e298ee3,06752280,USGS,Boxelder
USGS-06752260,00060,00003,2024-08-06,15.6,ft^3/s,Approved,2025-02-21T16:41:42Z,,272a1fc51e7a4da584101aad9cdd2601,06752260,USGS,Lincoln
USGS-06752280,00060,00003,2024-08-06,7.91,ft^3/s,Approved,2025-02-24T16:24:39Z,,af36731baeac4ee5a7a5b5d47e298ee3,06752280,USGS,Boxelder
USGS-06752260,00060,00003,2024-08-07,17.7,ft^3/s,Approved,2025-02-21T16:41:42Z,,272a1fc51e7a4da584101aad9cdd2601,06752260,USGS,Lincoln
USGS-06752280,00060,00003,2024-08-07,19.9,ft^3/s,Approved,2025-02-24T16:24:39Z,,af36731baeac4ee5a7a5b5d47e298ee3,06752280,USGS,Boxelder
USGS-06752260,00060,00003,2024-08-08,47.3,ft^3/s,Approved,2025-02-21T16:41:42Z,,272a1fc51e7a4da584101aad9cdd2601,06752260,USGS,Lincoln
USGS-06752280,00060,00003,2024-08-08,54.1,ft^3/s,Approved,2025-02-24T16:24:39Z,,af36731baeac4ee5a7a5b5d47e298ee3,06752280,USGS,Boxelder
USGS-06752260,00060,00003,2024-08-09,60.5,ft^3/s,Approved,2025-02-21T16:41:42Z,,272a1fc51e7a4da584101aad9cdd2601,06752260,USGS,Lincoln
USGS-06752280,00060,00003,2024-08-09,82.7,ft^3/s,Approved,2025-02-24T16:24:39Z,,af36731baeac4ee5a7a5b5d47e298ee3,06752280,USGS,Boxelder
USGS-06752260,00060,00003,2024-08-10,154,ft^3/s,Approved,2025-02-21T16:41:42Z,,272a1fc51e7a4da584101aad9cdd2601,06752260,USGS,Lincoln
USGS-06752280,00060,00003,2024-08-10,149,ft^3/s,Approved,2025-02-24T16:24:39Z,,af36731baeac4ee5a7a5b5d47e298ee3,06752280,USGS,Boxelder
USGS-06752260,00060,00003,2024-08-11,164,ft^3/s,Approved,2025-02-21T16:41:42Z,,272a1fc51e7a4da584101aad9cdd2601,06752260,USGS,Lincoln
USGS-06752280,00060,00003,2024-08-11,174,ft^3/s,Approved,2025-02-24T16:24:39Z,,af36731baeac4ee5a7a5b5d47e298ee3,06752280,USGS,Boxelder
USGS-06752260,00060,00003,2024-08-12,99.8,ft^3/s,Approved,2025-02-21T16:41:42Z,,272a1fc51e7a4da584101aad9cdd2601,06752260,USGS,Lincoln
USGS-06752280,00060,00003,2024-08-12,109,ft^3/s,Approved,2025-02-24T16:24:39Z,,af36731baeac4ee5a7a5b5d47e298ee3,06752280,USGS,Boxelder
USGS-06752260,00060,00003,2024-08-13,85.3,ft^3/s,Approved,2025-02-21T16:41:42Z,,272a1fc51e7a4da584101aad9cdd2601,06752260,USGS,Lincoln
USGS-06752280,00060,00003,2024-08-13,130,ft^3/s,Approved,2025-02-24T16:24:39Z,,af36731baeac4ee5a7a5b5d47e298ee3,06752280,USGS,Boxelder
USGS-06752260,00060,00003,2024-08-14,69.1,ft^3/s,Approved,2025-02-21T16:41:42Z,,272a1fc51e7a4da584101aad9cdd2601,06752260,USGS,Lincoln
USGS-06752280,00060,00003,2024-08-14,89.9,ft^3/s,Approved,2025-02-24T16:24:39Z,,af36731baeac4ee5a7a5b5d47e298ee3,06752280,USGS,Boxelder
USGS-06752260,00060,00003,2024-08-15,77.9,ft^3/s,Approved,2025-02-21T16:41:42Z,,272a1fc51e7a4da584101aad9cdd2601,06752260,USGS,Lincoln
USGS-06752280,00060,00003,2024-08-15,81.3,ft^3/s,Approved,2025-02-24T16:24:39Z,,af36731baeac4ee5a7a5b5d47e298ee3,06752280,USGS,Boxelder
USGS-06752260,00060,00003,2024-08-16,66.3,ft^3/s,Approved,2025-02-21T16:41:42Z,,272a1fc51e7a4da584101aad9cdd2601,06752260,USGS,Lincoln
USGS-06752280,00060,00003,2024-08-16,77.6,ft^3/s,Approved,2025-02-24T16:24:39Z,,af36731baeac4ee5a7a5b5d47e298ee3,06752280,USGS,Boxelder
USGS-06752260,00060,00003,2024-08-17,45.8,ft^3/s,Approved,2025-02-21T16:41:42Z,,272a1fc51e7a4da584101aad9cdd2601,06752260,USGS,Lincoln
USGS-06752280,00060,00003,2024-08-17,45.2,ft^3/s,Approved,2025-02-24T16:24:39Z,,af36731baeac4ee5a7a5b5d47e298ee3,06752280,USGS,Boxelder
USGS-06752260,00060,00003,2024-08-18,42.9,ft^3/s,Approved,2025-02-21T16:41:42Z,,272a1fc51e7a4da584101aad9cdd2601,06752260,USGS,Lincoln
USGS-06752280,00060,00003,2024-08-18,41.4,ft^3/s,Approved,2025-02-24T16:24:39Z,,af36731baeac4ee5a7a5b5d47e298ee3,06752280,USGS,Boxelder
USGS-06752260,00060,00003,2024-08-19,25.2,ft^3/s,Approved,2025-02-21T16:41:42Z,,272a1fc51e7a4da584101aad9cdd2601,06752260,USGS,Lincoln
USGS-06752280,00060,00003,2024-08-19,26.7,ft^3/s,Approved,2025-02-24T16:24:39Z,,af36731baeac4ee5a7a5b5d47e298ee3,06752280,USGS,Boxelder
USGS-06752260,00060,00003,2024-08-20,30.3,ft^3/s,Approved,2025-02-21T16:41:42Z,,272a1fc51e7a4da584101aad9cdd2601,06752260,USGS,Lincoln
USGS-06752280,00060,00003,2024-08-20,16.6,ft^3/s,Approved,2025-02-24T16:24:39Z,,af36731baeac4ee5a7a5b5d47e298ee3,06752280,USGS,Boxelder
USGS-06752260,00060,00003,2024-08-21,26.8,ft^3/s,Approved,2025-02-21T16:41:42Z,,272a1fc51e7a4da584101aad9cdd2601,06752260,USGS,Lincoln
USGS-06752280,00060,00003,2024-08-21,24.4,ft^3/s,Approved,2025-02-24T16:24:39Z,,af36731baeac4ee5a7a5b5d47e298ee3,06752280,USGS,Boxelder
USGS-06752260,00060,00003,2024-08-22,35.3,ft^3/s,Approved,2025-02-21T16:41:42Z,,272a1fc51e7a4da584101aad9cdd2601,06752260,USGS,Lincoln
USGS-06752280,00060,00003,2024-08-22,19.3,ft^3/s,Approved,2025-02-24T16:24:39Z,,af36731baeac4ee5a7a5b5d47e298ee3,06752280,USGS,Boxelder
USGS-06752260,00060,00003,2024-08-23,38.5,ft^3/s,Approved,2025-02-21T16:41:42Z,,272a1fc51e7a4da584101aad9cdd2601,06752260,USGS,Lincoln
USGS-06752280,00060,00003,2024-08-23,30.1,ft^3/s,Approved,2025-02-24T16:24:39Z,,af36731baeac4ee5a7a5b5d47e298ee3,06752280,USGS,Boxelder
USGS-06752260,00060,00003,2024-08-24,51.8,ft^3/s,Approved,2025-02-21T16:41:42Z,,272a1fc51e7a4da584101aad9cdd2601,06752260,USGS,Lincoln
USGS-06752280,00060,00003,2024-08-24,40.5,ft^3/s,Approved,2025-02-24T16:24:39Z,,af36731baeac4ee5a7a5b5d47e298ee3,06752280,USGS,Boxelder
USGS-06752260,00060,00003,2024-08-25,33.6,ft^3/s,Approved,2025-02-21T16:41:42Z,,272a1fc51e7a4da584101aad9cdd2601,06752260,USGS,Lincoln
USGS-06752280,00060,00003,2024-08-25,30.2,ft^3/s,Approved,2025-02-24T16:24:39Z,,af36731baeac4ee5a7a5b5d47e298ee3,06752280,USGS,Boxelder
USGS-06752260,00060,00003,2024-08-26,36.3,ft^3/s,Approved,2025-02-21T16:41:42Z,,272a1fc51e7a4da584101aad9cdd2601,06752260,USGS,Lincoln
USGS-06752280,00060,00003,2024-08-26,15.6,ft^3/s,Approved,2025-02-24T16:24:39Z,,af36731baeac4ee5a7a5b5d47e298ee3,06752280,USGS,Boxelder
USGS-06752260,00060,00003,2024-08-27,41.1,ft^3/s,Approved,2025-02-21T16:41:42Z,,272a1fc51e7a4da584101aad9cdd2601,06752260,USGS,Lincoln
USGS-06752280,00060,00003,2024-08-27,33.6,ft^3/s,Approved,2025-02-24T16:24:39Z,,af36731baeac4ee5a7a5b5d47e298ee3,06752280,USGS,Boxelder
USGS-06752260,00060,00003,2024-08-28,13.4,ft^3/s,Approved,2025-02-21T16:41:42Z,,272a1fc51e7a4da584101aad9cdd2601,06752260,USGS,Lincoln
USGS-06752280,00060,00003,2024-08-28,11,ft^3/s,Approved,2025-02-24T16:24:39Z,,af36731baeac4ee5a7a5b5d47e298ee3,06752280,USGS,Boxelder
USGS-06752260,00060,00003,2024-08-29,21.1,ft^3/s,Approved,2025-02-21T16:41:42Z,,272a1fc51e7a4da584101aad9cdd2601,06752260,USGS,Lincoln
USGS-06752280,00060,00003,2024-08-29,7.59,ft^3/s,Approved,2025-02-24T16:24:39Z,,af36731baeac4ee5a7a5b5d47e298ee3,06752280,USGS,Boxelder
USGS-06752260,00060,00003,2024-08-30,26.8,ft^3/s,Approved,2025-02-21T16:41:42Z,,272a1fc51e7a4da584101aad9cdd2601,06752260,USGS,Lincoln
USGS-06752280,00060,00003,2024-08-30,16.1,ft^3/s,Approved,2025-02-24T16:24:39Z,,af36731baeac4ee5a7a5b5d47e298ee3,06752280,USGS,Boxelder
USGS-06752260,00060,00003,2024-08-31,19.5,ft^3/s,Approved,2025-02-21T16:41:42Z,,272a1fc51e7a4da584101aad9cdd2601,06752260,USGS,Lincoln
USGS-06752280,00060,00003,2024-08-31,9.75,ft^3/s,Approved,2025-02-24T16:24:39Z,,af36731baeac4ee5a7a5b5d47e298ee3,06752280,USGS,Boxelder
USGS-06752260,00060,00003,2024-09-01,12.5,ft^3/s,Approved,2025-02-21T16:41:42Z,,272a1fc51e7a4da584101aad9cdd2601,06752260,USGS,Lincoln
USGS-06752280,00060,00003,2024-09-01,3.55,ft^3/s,Approved,2025-02-24T16:24:39Z,,af36731baeac4ee5a7a5b5d47e298ee3,06752280,USGS,Boxelder
USGS-06752260,00060,00003,2024-09-02,11.3,ft^3/s,Approved,2025-02-21T16:41:42Z,,272a1fc51e7a4da584101aad9cdd2601,06752260,USGS,Lincoln
USGS-06752280,00060,00003,2024-09-02,3.4,ft^3/s,Approved,2025-02-24T16:24:39Z,,af36731baeac4ee5a7a5b5d47e298ee3,06752280,USGS,Boxelder
USGS-06752260,00060,00003,2024-09-03,2.14,ft^3/s,Approved,2025-02-21T16:41:42Z,,272a1fc51e7a4da584101aad9cdd2601,06752260,USGS,Lincoln
USGS-06752280,00060,00003,2024-09-03,2.7,ft^3/s,Approved,2025-02-24T16:24:39Z,,af36731baeac4ee5a7a5b5d47e298ee3,06752280,USGS,Boxelder
USGS-06752260,00060,00003,2024-09-04,4.72,ft^3/s,Approved,2025-02-21T16:41:42Z,,272a1fc51e7a4da584101aad9cdd2601,06752260,USGS,Lincoln
USGS-06752280,00060,00003,2024-09-04,2.41,ft^3/s,Approved,2025-02-24T16:24:39Z,,af36731baeac4ee5a7a5b5d47e298ee3,06752280,USGS,Boxelder
USGS-06752260,00060,00003,2024-09-05,26.9,ft^3/s,Approved,2025-02-21T16:41:42Z,,272a1fc51e7a4da584101aad9cdd2601,06752260,USGS,Lincoln
USGS-06752280,00060,00003,2024-09-05,12.7,ft^3/s,Approved,2025-02-24T16:24:39Z,,af36731baeac4ee5a7a5b5d47e298ee3,06752280,USGS,Boxelder
USGS-06752260,00060,00003,2024-09-06,50.4,ft^3/s,Approved,2025-02-21T16:41:42Z,,272a1fc51e7a4da584101aad9cdd2601,06752260,USGS,Lincoln
USGS-06752280,00060,00003,2024-09-06,39.9,ft^3/s,Approved,2025-02-24T16:24:39Z,,af36731baeac4ee5a7a5b5d47e298ee3,06752280,USGS,Boxelder
USGS-06752260,00060,00003,2024-09-07,26.6,ft^3/s,Approved,2025-02-21T16:41:42Z,,272a1fc51e7a4da584101aad9cdd2601,06752260,USGS,Lincoln
USGS-06752280,00060,00003,2024-09-07,22.4,ft^3/s,Approved,2025-02-24T16:24:39Z,,af36731baeac4ee5a7a5b5d47e298ee3,06752280,USGS,Boxelder
USGS-06752260,00060,00003,2024-09-08,28.1,ft^3/s,Approved,2025-02-21T16:41:42Z,,272a1fc51e7a4da584101aad9cdd2601,06752260,USGS,Lincoln
USGS-06752280,00060,00003,2024-09-08,14.9,ft^3/s,Approved,2025-02-24T16:24:39Z,,af36731baeac4ee5a7a5b5d47e298ee3,06752280,USGS,Boxelder
USGS-06752260,00060,00003,2024-09-09,21.2,ft^3/s,Approved,2025-02-21T16:41:42Z,,272a1fc51e7a4da584101aad9cdd2601,06752260,USGS,Lincoln
USGS-06752280,00060,00003,2024-09-09,13.6,ft^3/s,Approved,2025-02-24T16:24:39Z,,af36731baeac4ee5a7a5b5d47e298ee3,06752280,USGS,Boxelder
USGS-06752260,00060,00003,2024-09-10,7.68,ft^3/s,Approved,2025-02-21T16:41:42Z,,272a1fc51e7a4da584101aad9cdd2601,06752260,USGS,Lincoln
USGS-06752280,00060,00003,2024-09-10,3.33,ft^3/s,Approved,2025-02-24T16:24:39Z,,af36731baeac4ee5a7a5b5d47e298ee3,06752280,USGS,Boxelder
USGS-06752260,00060,00003,2024-09-11,7.32,ft^3/s,Approved,2025-02-21T16:41:42Z,,272a1fc51e7a4da584101aad9cdd2601,06752260,USGS,Lincoln
USGS-06752280,00060,00003,2024-09-11,3.17,ft^3/s,Approved,2025-02-24T16:24:39Z,,af36731baeac4ee5a7a5b5d47e298ee3,06752280,USGS,Boxelder
USGS-06752260,00060,00003,2024-09-12,6.5,ft^3/s,Approved,2025-02-21T16:41:42Z,,272a1fc51e7a4da584101aad9cdd2601,06752260,USGS,Lincoln
USGS-06752280,00060,00003,2024-09-12,3.54,ft^3/s,Approved,2025-02-24T16:24:39Z,,af36731baeac4ee5a7a5b5d47e298ee3,06752280,USGS,Boxelder
USGS-06752260,00060,00003,2024-09-13,5.79,ft^3/s,Approved,2025-02-21T16:41:42Z,,272a1fc51e7a4da584101aad9cdd2601,06752260,USGS,Lincoln
USGS-06752280,00060,00003,2024-09-13,3.36,ft^3/s,Approved,2025-02-24T16:24:39Z,,af36731baeac4ee5a7a5b5d47e298ee3,06752280,USGS,Boxelder
USGS-06752260,00060,00003,2024-09-14,18.2,ft^3/s,Approved,2025-02-21T16:41:42Z,,272a1fc51e7a4da584101aad9cdd2601,06752260,USGS,Lincoln
USGS-06752280,00060,00003,2024-09-14,3.87,ft^3/s,Approved,2025-02-24T16:24:39Z,,af36731baeac4ee5a7a5b5d47e298ee3,06752280,USGS,Boxelder
USGS-06752260,00060,00003,2024-09-15,27.1,ft^3/s,Approved,2025-02-21T16:41:42Z,,272a1fc51e7a4da584101aad9cdd2601,06752260,USGS,Lincoln
USGS-06752280,00060,00003,2024-09-15,10.2,ft^3/s,Approved,2025-02-24T16:24:39Z,,af36731baeac4ee5a7a5b5d47e298ee3,06752280,USGS,Boxelder
USGS-06752260,00060,00003,2024-09-16,12.4,ft^3/s,Approved,2025-02-21T16:41:42Z,,272a1fc51e7a4da584101aad9cdd2601,06752260,USGS,Lincoln
USGS-06752280,00060,00003,2024-09-16,3.62,ft^3/s,Approved,2025-02-24T16:24:39Z,,af36731baeac4ee5a7a5b5d47e298ee3,06752280,USGS,Boxelder
USGS-06752260,00060,00003,2024-09-17,7.11,ft^3/s,Approved,2025-02-21T16:41:42Z,,272a1fc51e7a4da584101aad9cdd2601,06752260,USGS,Lincoln
USGS-06752280,00060,00003,2024-09-17,2.45,ft^3/s,Approved,2025-02-24T16:24:39Z,,af36731baeac4ee5a7a5b5d47e298ee3,06752280,USGS,Boxelder
USGS-06752260,00060,00003,2024-09-18,6.58,ft^3/s,Approved,2025-02-21T16:41:42Z,,272a1fc51e7a4da584101aad9cdd2601,06752260,USGS,Lincoln
USGS-06752280,00060,00003,2024-09-18,2.21,ft^3/s,Approved,2025-02-24T16:24:39Z,,af36731baeac4ee5a7a5b5d47e298ee3,06752280,USGS,Boxelder
USGS-06752260,00060,00003,2024-09-19,3.21,ft^3/s,Approved,2025-02-21T16:41:42Z,,272a1fc51e7a4da584101aad9cdd2601,06752260,USGS,Lincoln
USGS-06752280,00060,00003,2024-09-19,2.07,ft^3/s,Approved,2025-02-24T16:24:39Z,,af36731baeac4ee5a7a5b5d47e298ee3,06752280,USGS,Boxelder
USGS-06752260,00060,00003,2024-09-20,2.74,ft^3/s,Approved,2025-02-21T16:41:42Z,,272a1fc51e7a4da584101aad9cdd2601,06752260,USGS,Lincoln
USGS-06752280,00060,00003,2024-09-20,1.96,ft^3/s,Approved,2025-02-24T16:24:39Z,,af36731baeac4ee5a7a5b5d47e298ee3,06752280,USGS,Boxelder
USGS-06752260,00060,00003,2024-09-21,2.59,ft^3/s,Approved,2025-02-21T16:41:42Z,,272a1fc51e7a4da584101aad9cdd2601,06752260,USGS,Lincoln
USGS-06752280,00060,00003,2024-09-21,1.97,ft^3/s,Approved,2025-02-24T16:24:39Z,,af36731baeac4ee5a7a5b5d47e298ee3,06752280,USGS,Boxelder
USGS-06752260,00060,00003,2024-09-22,4.54,ft^3/s,Approved,2025-02-21T16:41:42Z,,272a1fc51e7a4da584101aad9cdd2601,06752260,USGS,Lincoln
USGS-06752280,00060,00003,2024-09-22,2.96,ft^3/s,Approved,2025-02-24T16:24:39Z,,af36731baeac4ee5a7a5b5d47e298ee3,06752280,USGS,Boxelder
USGS-06752260,00060,00003,2024-09-23,4.22,ft^3/s,Approved,2025-02-21T16:41:42Z,,272a1fc51e7a4da584101aad9cdd2601,06752260,USGS,Lincoln
USGS-06752280,00060,00003,2024-09-23,2.48,ft^3/s,Approved,2025-02-24T16:24:39Z,,af36731baeac4ee5a7a5b5d47e298ee3,06752280,USGS,Boxelder
USGS-06752260,00060,00003,2024-09-24,4.11,ft^3/s,Approved,2025-02-21T16:41:42Z,,272a1fc51e7a4da584101aad9cdd2601,06752260,USGS,Lincoln
USGS-06752280,00060,00003,2024-09-24,2.33,ft^3/s,Approved,2025-02-24T16:24:39Z,,af36731baeac4ee5a7a5b5d47e298ee3,06752280,USGS,Boxelder
USGS-06752260,00060,00003,2024-09-25,4.05,ft^3/s,Approved,2025-02-21T16:41:42Z,,272a1fc51e7a4da584101aad9cdd2601,06752260,USGS,Lincoln
USGS-06752280,00060,00003,2024-09-25,2.32,ft^3/s,Approved,2025-02-24T16:24:39Z,,af36731baeac4ee5a7a5b5d47e298ee3,06752280,USGS,Boxelder
USGS-06752260,00060,00003,2024-09-26,4.02,ft^3/s,Approved,2025-02-21T16:41:42Z,,272a1fc51e7a4da584101aad9cdd2601,06752260,USGS,Lincoln
USGS-06752280,00060,00003,2024-09-26,2.28,ft^3/s,Approved,2025-02-24T16:24:39Z,,af36731baeac4ee5a7a5b5d47e298ee3,06752280,USGS,Boxelder
USGS-06752260,00060,00003,2024-09-27,3.83,ft^3/s,Approved,2025-02-21T16:41:42Z,,272a1fc51e7a4da584101aad9cdd2601,06752260,USGS,Lincoln
USGS-06752280,00060,00003,2024-09-27,2.25,ft^3/s,Approved,2025-02-24T16:24:39Z,,af36731baeac4ee5a7a5b5d47e298ee3,06752280,USGS,Boxelder
USGS-06752260,00060,00003,2024-09-28,3.96,ft^3/s,Approved,2025-02-21T16:41:42Z,,272a1fc51e7a4da584101aad9cdd2601,06752260,USGS,Lincoln
USGS-06752280,00060,00003,2024-09-28,2.25,ft^3/s,Approved,2025-02-24T16:24:39Z,,af36731baeac4ee5a7a5b5d47e298ee3,06752280,USGS,Boxelder
USGS-06752260,00060,00003,2024-09-29,3.88,ft^3/s,Approved,2025-02-21T16:41:42Z,,272a1fc51e7a4da584101aad9cdd2601,06752260,USGS,Lincoln
USGS-06752280,00060,00003,2024-09-29,2.2,ft^3/s,Approved,2025-02-24T16:24:39Z,,af36731baeac4ee5a7a5b5d47e298ee3,06752280,USGS,Boxelder
USGS-06752260,00060,00003,2024-09-30,3.51,ft^3/s,Approved,2025-02-21T16:41:42Z,,272a1fc51e7a4da584101aad9cdd2601,06752260,USGS,Lincoln
USGS-06752280,00060,00003,2024-09-30,2.3,ft^3/s,Approved,2025-02-24T16:24:39Z,,af36731baeac4ee5a7a5b5d47e298ee3,06752280,USGS,Boxelder
USGS-06752260,00060,00003,2024-10-01,4.73,ft^3/s,Approved,2025-02-21T16:41:42Z,,272a1fc51e7a4da584101aad9cdd2601,06752260,USGS,Lincoln
USGS-06752280,00060,00003,2024-10-01,2.3,ft^3/s,Approved,2025-02-24T16:24:39Z,,af36731baeac4ee5a7a5b5d47e298ee3,06752280,USGS,Boxelder
USGS-06752260,00060,00003,2024-10-02,5.82,ft^3/s,Approved,2025-02-21T16:41:42Z,,272a1fc51e7a4da584101aad9cdd2601,06752260,USGS,Lincoln
USGS-06752280,00060,00003,2024-10-02,2.53,ft^3/s,Approved,2025-02-24T16:24:39Z,,af36731baeac4ee5a7a5b5d47e298ee3,06752280,USGS,Boxelder
USGS-06752260,00060,00003,2024-10-03,5.98,ft^3/s,Approved,2025-02-21T16:41:42Z,,272a1fc51e7a4da584101aad9cdd2601,06752260,USGS,Lincoln
USGS-06752280,00060,00003,2024-10-03,2.72,ft^3/s,Approved,2025-02-24T16:24:39Z,,af36731baeac4ee5a7a5b5d47e298ee3,06752280,USGS,Boxelder
USGS-06752260,00060,00003,2024-10-04,6.69,ft^3/s,Approved,2025-02-21T16:41:42Z,,272a1fc51e7a4da584101aad9cdd2601,06752260,USGS,Lincoln
USGS-06752280,00060,00003,2024-10-04,3.04,ft^3/s,Approved,2025-02-24T16:24:39Z,,af36731baeac4ee5a7a5b5d47e298ee3,06752280,USGS,Boxelder
USGS-06752260,00060,00003,2024-10-05,6.79,ft^3/s,Approved,2025-02-21T16:41:42Z,,272a1fc51e7a4da584101aad9cdd2601,06752260,USGS,Lincoln
USGS-06752280,00060,00003,2024-10-05,3.28,ft^3/s,Approved,2025-02-24T16:24:39Z,,af36731baeac4ee5a7a5b5d47e298ee3,06752280,USGS,Boxelder
USGS-06752260,00060,00003,2024-10-06,6.18,ft^3/s,Approved,2025-02-21T16:41:42Z,,272a1fc51e7a4da584101aad9cdd2601,06752260,USGS,Lincoln
USGS-06752280,00060,00003,2024-10-06,3.05,ft^3/s,Approved,2025-02-24T16:24:39Z,,af36731baeac4ee5a7a5b5d47e298ee3,06752280,USGS,Boxelder
USGS-06752260,00060,00003,2024-10-07,6.53,ft^3/s,Approved,2025-02-21T16:41:42Z,,272a1fc51e7a4da584101aad9cdd2601,06752260,USGS,Lincoln
USGS-06752280,00060,00003,2024-10-07,3.18,ft^3/s,Approved,2025-02-24T16:24:39Z,,af36731baeac4ee5a7a5b5d47e298ee3,06752280,USGS,Boxelder
USGS-06752260,00060,00003,2024-10-08,5.64,ft^3/s,Approved,2025-02-21T16:41:42Z,,272a1fc51e7a4da584101aad9cdd2601,06752260,USGS,Lincoln
USGS-06752280,00060,00003,2024-10-08,3.27,ft^3/s,Approved,2025-02-24T16:24:39Z,,af36731baeac4ee5a7a5b5d47e298ee3,06752280,USGS,Boxelder
USGS-06752260,00060,00003,2024-10-09,5.63,ft^3/s,Approved,2025-02-21T16:41:42Z,,272a1fc51e7a4da584101aad9cdd2601,06752260,USGS,Lincoln
USGS-06752280,00060,00003,2024-10-09,3.21,ft^3/s,Approved,2025-02-24T16:24:39Z,,af36731baeac4ee5a7a5b5d47e298ee3,06752280,USGS,Boxelder
USGS-06752260,00060,00003,2024-10-10,5.77,ft^3/s,Approved,2025-02-21T16:41:42Z,,272a1fc51e7a4da584101aad9cdd2601,06752260,USGS,Lincoln
USGS-06752280,00060,00003,2024-10-10,3.12,ft^3/s,Approved,2025-02-24T16:24:39Z,,af36731baeac4ee5a7a5b5d47e298ee3,06752280,USGS,Boxelder
USGS-06752260,00060,00003,2024-10-11,5.7,ft^3/s,Approved,2025-02-21T16:41:42Z,,272a1fc51e7a4da584101aad9cdd2601,06752260,USGS,Lincoln
USGS-06752280,00060,00003,2024-10-11,3.25,ft^3/s,Approved,2025-02-24T16:24:39Z,,af36731baeac4ee5a7a5b5d47e298ee3,06752280,USGS,Boxelder
USGS-06752260,00060,00003,2024-10-12,5.65,ft^3/s,Approved,2025-02-21T16:41:42Z,,272a1fc51e7a4da584101aad9cdd2601,06752260,USGS,Lincoln
USGS-06752280,00060,00003,2024-10-12,3.18,ft^3/s,Approved,2025-02-24T16:24:39Z,,af36731baeac4ee5a7a5b5d47e298ee3,06752280,USGS,Boxelder
USGS-06752260,00060,00003,2024-10-13,6.41,ft^3/s,Approved,2025-02-21T16:41:42Z,,272a1fc51e7a4da584101aad9cdd2601,06752260,USGS,Lincoln
USGS-06752280,00060,00003,2024-10-13,3.22,ft^3/s,Approved,2025-02-24T16:24:39Z,,af36731baeac4ee5a7a5b5d47e298ee3,06752280,USGS,Boxelder
USGS-06752260,00060,00003,2024-10-14,12.8,ft^3/s,Approved,2025-02-21T16:41:42Z,,272a1fc51e7a4da584101aad9cdd2601,06752260,USGS,Lincoln
USGS-06752280,00060,00003,2024-10-14,4.38,ft^3/s,Approved,2025-02-24T16:24:39Z,,af36731baeac4ee5a7a5b5d47e298ee3,06752280,USGS,Boxelder
USGS-06752260,00060,00003,2024-10-15,29.7,ft^3/s,Approved,2025-02-21T16:41:42Z,,272a1fc51e7a4da584101aad9cdd2601,06752260,USGS,Lincoln
USGS-06752280,00060,00003,2024-10-15,22.4,ft^3/s,Approved,2025-02-24T16:24:39Z,,af36731baeac4ee5a7a5b5d47e298ee3,06752280,USGS,Boxelder
USGS-06752260,00060,00003,2024-10-16,71.2,ft^3/s,Approved,2025-02-21T16:41:42Z,,272a1fc51e7a4da584101aad9cdd2601,06752260,USGS,Lincoln
USGS-06752280,00060,00003,2024-10-16,70.8,ft^3/s,Approved,2025-02-24T16:24:39Z,,af36731baeac4ee5a7a5b5d47e298ee3,06752280,USGS,Boxelder
USGS-06752260,00060,00003,2024-10-17,72.9,ft^3/s,Approved,2025-02-21T16:41:42Z,,272a1fc51e7a4da584101aad9cdd2601,06752260,USGS,Lincoln
USGS-06752280,00060,00003,2024-10-17,82.6,ft^3/s,Approved,2025-02-24T16:24:39Z,,af36731baeac4ee5a7a5b5d47e298ee3,06752280,USGS,Boxelder
USGS-06752260,00060,00003,2024-10-18,73.3,ft^3/s,Approved,2025-02-21T16:41:42Z,,272a1fc51e7a4da584101aad9cdd2601,06752260,USGS,Lincoln
USGS-06752280,00060,00003,2024-10-18,82.6,ft^3/s,Approved,2025-02-24T16:24:39Z,,af36731baeac4ee5a7a5b5d47e298ee3,06752280,USGS,Boxelder
USGS-06752260,00060,00003,2024-10-19,77.6,ft^3/s,Approved,2025-02-21T16:41:42Z,,272a1fc51e7a4da584101aad9cdd2601,06752260,USGS,Lincoln
USGS-06752280,00060,00003,2024-10-19,90,ft^3/s,Approved,2025-02-24T16:24:39Z,,af36731baeac4ee5a7a5b5d47e298ee3,06752280,USGS,Boxelder
USGS-06752260,00060,00003,2024-10-20,51.2,ft^3/s,Approved,2025-02-21T16:41:42Z,,272a1fc51e7a4da584101aad9cdd2601,06752260,USGS,Lincoln
USGS-06752280,00060,00003,2024-10-20,64.9,ft^3/s,Approved,2025-02-24T16:24:39Z,,af36731baeac4ee5a7a5b5d47e298ee3,06752280,USGS,Boxelder
USGS-06752260,00060,00003,2024-10-21,38.3,ft^3/s,Approved,2025-02-21T16:41:42Z,,272a1fc51e7a4da584101aad9cdd2601,06752260,USGS,Lincoln
USGS-06752280,00060,00003,2024-10-21,43,ft^3/s,Approved,2025-02-24T16:24:39Z,,af36731baeac4ee5a7a5b5d47e298ee3,06752280,USGS,Boxelder
USGS-06752260,00060,00003,2024-10-22,41.7,ft^3/s,Approved,2025-02-21T16:41:42Z,,272a1fc51e7a4da584101aad9cdd2601,06752260,USGS,Lincoln
USGS-06752280,00060,00003,2024-10-22,45.7,ft^3/s,Approved,2025-02-24T16:24:39Z,,af36731baeac4ee5a7a5b5d47e298ee3,06752280,USGS,Boxelder
USGS-06752260,00060,00003,2024-10-23,43.9,ft^3/s,Approved,2025-02-21T16:41:42Z,,272a1fc51e7a4da584101aad9cdd2601,06752260,USGS,Lincoln
USGS-06752280,00060,00003,2024-10-23,49,ft^3/s,Approved,2025-02-24T16:24:39Z,,af36731baeac4ee5a7a5b5d47e298ee3,06752280,USGS,Boxelder
USGS-06752260,00060,00003,2024-10-24,44.5,ft^3/s,Approved,2025-02-21T16:41:42Z,,272a1fc51e7a4da584101aad9cdd2601,06752260,USGS,Lincoln
USGS-06752280,00060,00003,2024-10-24,49.1,ft^3/s,Approved,2025-02-24T16:24:39Z,,af36731baeac4ee5a7a5b5d47e298ee3,06752280,USGS,Boxelder
USGS-06752260,00060,00003,2024-10-25,38,ft^3/s,Approved,2025-02-21T16:41:42Z,,272a1fc51e7a4da584101aad9cdd2601,06752260,USGS,Lincoln
USGS-06752280,00060,00003,2024-10-25,41.1,ft^3/s,Approved,2025-02-24T16:24:39Z,,af36731baeac4ee5a7a5b5d47e298ee3,06752280,USGS,Boxelder
USGS-06752260,00060,00003,2024-10-26,29.6,ft^3/s,Approved,2025-02-21T16:41:42Z,,272a1fc51e7a4da584101aad9cdd2601,06752260,USGS,Lincoln
USGS-06752280,00060,00003,2024-10-26,18.2,ft^3/s,Approved,2025-02-24T16:24:39Z,,af36731baeac4ee5a7a5b5d47e298ee3,06752280,USGS,Boxelder
USGS-06752260,00060,00003,2024-10-27,29.1,ft^3/s,Approved,2025-02-21T16:41:42Z,,272a1fc51e7a4da584101aad9cdd2601,06752260,USGS,Lincoln
USGS-06752280,00060,00003,2024-10-27,17.8,ft^3/s,Approved,2025-02-24T16:24:39Z,,af36731baeac4ee5a7a5b5d47e298ee3,06752280,USGS,Boxelder
USGS-06752260,00060,00003,2024-10-28,29.1,ft^3/s,Approved,2025-02-21T16:41:42Z,,272a1fc51e7a4da584101aad9cdd2601,06752260,USGS,Lincoln
USGS-06752280,00060,00003,2024-10-28,16.3,ft^3/s,Approved,2025-03-06T20:49:14Z,,af36731baeac4ee5a7a5b5d47e298ee3,06752280,USGS,Boxelder
USGS-06752260,00060,00003,2024-10-29,22.7,ft^3/s,Approved,2025-02-21T16:41:42Z,,272a1fc51e7a4da584101aad9cdd2601,06752260,USGS,Lincoln
USGS-06752280,00060,00003,2024-10-29,15.5,ft^3/s,Approved,2025-03-06T20:49:14Z,,af36731baeac4ee5a7a5b5d47e298ee3,06752280,USGS,Boxelder
USGS-06752260,00060,00003,2024-10-30,18.2,ft^3/s,Approved,2025-02-21T16:41:42Z,,272a1fc51e7a4da584101aad9cdd2601,06752260,USGS,Lincoln
USGS-06752280,00060,00003,2024-10-30,4.51,ft^3/s,Approved,2025-03-06T20:49:14Z,,af36731baeac4ee5a7a5b5d47e298ee3,06752280,USGS,Boxelder
USGS-06752260,00060,00003,2024-10-31,25.3,ft^3/s,Approved,2025-02-21T16:41:42Z,,272a1fc51e7a4da584101aad9cdd2601,06752260,USGS,Lincoln
USGS-06752280,00060,00003,2024-10-31,6.57,ft^3/s,Approved,2025-03-06T20:49:14Z,,af36731baeac4ee5a7a5b5d47e298ee3,06752280,USGS,Boxelder
USGS-06752260,00060,00003,2024-11-01,55.8,ft^3/s,Approved,2025-02-21T16:41:42Z,,272a1fc51e7a4da584101aad9cdd2601,06752260,USGS,Lincoln
USGS-06752280,00060,00003,2024-11-01,22.6,ft^3/s,Approved,2025-03-06T20:49:14Z,,af36731baeac4ee5a7a5b5d47e298ee3,06752280,USGS,Boxelder
USGS-06752260,00060,00003,2024-11-02,43.2,ft^3/s,Approved,2025-02-21T16:41:42Z,,272a1fc51e7a4da584101aad9cdd2601,06752260,USGS,Lincoln
USGS-06752280,00060,00003,2024-11-02,6.04,ft^3/s,Approved,2025-03-06T20:49:14Z,,af36731baeac4ee5a7a5b5d47e298ee3,06752280,USGS,Boxelder
USGS-06752260,00060,00003,2024-11-03,44.6,ft^3/s,Approved,2025-02-21T16:41:42Z,,272a1fc51e7a4da584101aad9cdd2601,06752260,USGS,Lincoln
USGS-06752280,00060,00003,2024-11-03,6.02,ft^3/s,Approved,2025-03-06T20:49:14Z,,af36731baeac4ee5a7a5b5d47e298ee3,06752280,USGS,Boxelder
USGS-06752260,00060,00003,2024-11-04,45.9,ft^3/s,Approved,2025-02-21T16:41:42Z,,272a1fc51e7a4da584101aad9cdd2601,06752260,USGS,Lincoln
USGS-06752280,00060,00003,2024-11-04,5.72,ft^3/s,Approved,2025-03-06T20:49:14Z,,af36731baeac4ee5a7a5b5d47e298ee3,06752280,USGS,Boxelder
USGS-06752260,00060,00003,2024-11-05,45.2,ft^3/s,Approved,2025-02-21T16:41:42Z,,272a1fc51e7a4da584101aad9cdd2601,06752260,USGS,Lincoln
USGS-06752280,00060,00003,2024-11-05,5.85,ft^3/s,Approved,2025-03-06T20:49:14Z,,af36731baeac4ee5a7a5b5d47e298ee3,06752280,USGS,Boxelder
USGS-06752260,00060,00003,2024-11-06,44.2,ft^3/s,Approved,2025-02-21T16:41:42Z,,272a1fc51e7a4da584101aad9cdd2601,06752260,USGS,Lincoln
USGS-06752280,00060,00003,2024-11-06,5.94,ft^3/s,Approved,2025-03-06T20:49:14Z,,af36731baeac4ee5a7a5b5d47e298ee3,06752280,USGS,Boxelder
USGS-06752260,00060,00003,2024-11-07,47.7,ft^3/s,Approved,2025-02-21T16:41:42Z,,272a1fc51e7a4da584101aad9cdd2601,06752260,USGS,Lincoln
USGS-06752280,00060,00003,2024-11-07,6.16,ft^3/s,Approved,2025-03-06T20:49:14Z,,af36731baeac4ee5a7a5b5d47e298ee3,06752280,USGS,Boxelder
USGS-06752260,00060,00003,2024-11-08,47.2,ft^3/s,Approved,2025-02-21T16:41:42Z,,272a1fc51e7a4da584101aad9cdd2601,06752260,USGS,Lincoln
USGS-06752280,00060,00003,2024-11-08,8.87,ft^3/s,Approved,2025-03-06T20:49:14Z,,af36731baeac4ee5a7a5b5d47e298ee3,06752280,USGS,Boxelder
USGS-06752260,00060,00003,2024-11-09,63.7,ft^3/s,Approved,2025-02-21T16:41:42Z,,272a1fc51e7a4da584101aad9cdd2601,06752260,USGS,Lincoln
USGS-06752280,00060,00003,2024-11-09,32.4,ft^3/s,Approved,2025-03-06T20:49:14Z,,af36731baeac4ee5a7a5b5d47e298ee3,06752280,USGS,Boxelder
USGS-06752260,00060,00003,2024-11-10,55,ft^3/s,Approved,2025-02-21T16:41:42Z,,272a1fc51e7a4da584101aad9cdd2601,06752260,USGS,Lincoln
USGS-06752280,00060,00003,2024-11-10,11,ft^3/s,Approved,2025-03-06T20:49:14Z,,af36731baeac4ee5a7a5b5d47e298ee3,06752280,USGS,Boxelder
USGS-06752260,00060,00003,2024-11-11,48.8,ft^3/s,Approved,2025-02-21T16:41:42Z,,272a1fc51e7a4da584101aad9cdd2601,06752260,USGS,Lincoln
USGS-06752280,00060,00003,2024-11-11,7.12,ft^3/s,Approved,2025-03-06T20:49:14Z,,af36731baeac4ee5a7a5b5d47e298ee3,06752280,USGS,Boxelder
USGS-06752260,00060,00003,2024-11-12,47.1,ft^3/s,Approved,2025-02-21T16:41:42Z,,272a1fc51e7a4da584101aad9cdd2601,06752260,USGS,Lincoln
USGS-06752280,00060,00003,2024-11-12,6.84,ft^3/s,Approved,2025-03-06T20:49:14Z,,af36731baeac4ee5a7a5b5d47e298ee3,06752280,USGS,Boxelder
USGS-06752260,00060,00003,2024-11-13,44.5,ft^3/s,Approved,2025-02-21T16:41:42Z,,272a1fc51e7a4da584101aad9cdd2601,06752260,USGS,Lincoln
USGS-06752280,00060,00003,2024-11-13,6.09,ft^3/s,Approved,2025-03-06T20:49:14Z,,af36731baeac4ee5a7a5b5d47e298ee3,06752280,USGS,Boxelder
USGS-06752260,00060,00003,2024-11-14,42.2,ft^3/s,Approved,2025-02-21T16:41:42Z,,272a1fc51e7a4da584101aad9cdd2601,06752260,USGS,Lincoln
USGS-06752280,00060,00003,2024-11-14,6.21,ft^3/s,Approved,2025-03-06T20:49:14Z,,af36731baeac4ee5a7a5b5d47e298ee3,06752280,USGS,Boxelder
USGS-06752260,00060,00003,2024-11-15,38.5,ft^3/s,Approved,2025-02-21T16:41:42Z,,272a1fc51e7a4da584101aad9cdd2601,06752260,USGS,Lincoln
USGS-06752280,00060,00003,2024-11-15,6.05,ft^3/s,Approved,2025-03-06T20:49:14Z,,af36731baeac4ee5a7a5b5d47e298ee3,06752280,USGS,Boxelder
USGS-06752260,00060,00003,2024-11-16,36.7,ft^3/s,Approved,2025-02-21T16:41:42Z,,272a1fc51e7a4da584101aad9cdd2601,06752260,USGS,Lincoln
USGS-06752280,00060,00003,2024-11-16,5.41,ft^3/s,Approved,2025-03-06T20:49:14Z,,af36731baeac4ee5a7a5b5d47e298ee3,06752280,USGS,Boxelder
USGS-06752260,00060,00003,2024-11-17,36.6,ft^3/s,Approved,2025-02-21T16:41:42Z,,272a1fc51e7a4da584101aad9cdd2601,06752260,USGS,Lincoln
USGS-06752280,00060,00003,2024-11-17,5.84,ft^3/s,Approved,2025-03-06T20:49:14Z,,af36731baeac4ee5a7a5b5d47e298ee3,06752280,USGS,Boxelder
USGS-06752260,00060,00003,2024-11-18,30.5,ft^3/s,Approved,2025-02-21T16:41:42Z,,272a1fc51e7a4da584101aad9cdd2601,06752260,USGS,Lincoln
USGS-06752280,00060,00003,2024-11-18,4.71,ft^3/s,Approved,2025-03-06T20:49:14Z,,af36731baeac4ee5a7a5b5d47e298ee3,06752280,USGS,Boxelder
USGS-06752260,00060,00003,2024-11-19,47.7,ft^3/s,Approved,2025-02-21T16:41:42Z,,272a1fc51e7a4da584101aad9cdd2601,06752260,USGS,Lincoln
USGS-06752280,00060,00003,2024-11-19,6.5,ft^3/s,Approved,2025-03-06T20:49:14Z,,af36731baeac4ee5a7a5b5d47e298ee3,06752280,USGS,Boxelder
USGS-06752260,00060,00003,2024-11-20,36.9,ft^3/s,Approved,2025-02-21T16:41:42Z,,272a1fc51e7a4da584101aad9cdd2601,06752260,USGS,Lincoln
USGS-06752280,00060,00003,2024-11-20,16.9,ft^3/s,Approved,2025-03-06T20:49:14Z,,af36731baeac4ee5a7a5b5d47e298ee3,06752280,USGS,Boxelder
USGS-06752260,00060,00003,2024-11-21,35.1,ft^3/s,Approved,2025-02-21T16:41:42Z,,272a1fc51e7a4da584101aad9cdd2601,06752260,USGS,Lincoln
USGS-06752280,00060,00003,2024-11-21,36.3,ft^3/s,Approved,2025-03-06T20:49:14Z,,af36731baeac4ee5a7a5b5d47e298ee3,06752280,USGS,Boxelder
USGS-06752260,00060,00003,2024-11-22,46.6,ft^3/s,Approved,2025-02-21T16:41:42Z,,272a1fc51e7a4da584101aad9cdd2601,06752260,USGS,Lincoln
USGS-06752280,00060,00003,2024-11-22,43.4,ft^3/s,Approved,2025-03-06T20:49:14Z,,af36731baeac4ee5a7a5b5d47e298ee3,06752280,USGS,Boxelder
USGS-06752260,00060,00003,2024-11-23,61.3,ft^3/s,Approved,2025-02-21T16:41:42Z,,272a1fc51e7a4da584101aad9cdd2601,06752260,USGS,Lincoln
USGS-06752280,00060,00003,2024-11-23,64.6,ft^3/s,Approved,2025-03-06T20:49:14Z,,af36731baeac4ee5a7a5b5d47e298ee3,06752280,USGS,Boxelder
USGS-06752260,00060,00003,2024-11-24,48.3,ft^3/s,Approved,2025-02-21T16:41:42Z,,272a1fc51e7a4da584101aad9cdd2601,06752260,USGS,Lincoln
USGS-06752280,00060,00003,2024-11-24,51.1,ft^3/s,Approved,2025-03-06T20:49:14Z,,af36731baeac4ee5a7a5b5d47e298ee3,06752280,USGS,Boxelder
USGS-06752260,00060,00003,2024-11-25,43.7,ft^3/s,Approved,2025-02-21T16:41:42Z,,272a1fc51e7a4da584101aad9cdd2601,06752260,USGS,Lincoln
USGS-06752280,00060,00003,2024-11-25,47.1,ft^3/s,Approved,2025-03-06T20:49:14Z,,af36731baeac4ee5a7a5b5d47e298ee3,06752280,USGS,Boxelder
USGS-06752260,00060,00003,2024-11-26,32.1,ft^3/s,Approved,2025-02-21T16:41:42Z,,272a1fc51e7a4da584101aad9cdd2601,06752260,USGS,Lincoln
USGS-06752280,00060,00003,2024-11-26,36.1,ft^3/s,Approved,2025-03-06T20:49:14Z,,af36731baeac4ee5a7a5b5d47e298ee3,06752280,USGS,Boxelder
USGS-06752260,00060,00003,2024-11-27,50.5,ft^3/s,Approved,2025-02-21T16:41:42Z,,272a1fc51e7a4da584101aad9cdd2601,06752260,USGS,Lincoln
USGS-06752280,00060,00003,2024-11-27,53.7,ft^3/s,Approved,2025-03-06T20:49:14Z,,af36731baeac4ee5a7a5b5d47e298ee3,06752280,USGS,Boxelder
USGS-06752260,00060,00003,2024-11-28,42.4,ft^3/s,Approved,2025-02-21T16:41:42Z,,272a1fc51e7a4da584101aad9cdd2601,06752260,USGS,Lincoln
USGS-06752280,00060,00003,2024-11-28,48.4,ft^3/s,Approved,2025-03-06T20:49:14Z,,af36731baeac4ee5a7a5b5d47e298ee3,06752280,USGS,Boxelder
USGS-06752260,00060,00003,2024-11-29,29.9,ft^3/s,Approved,2025-02-21T16:41:42Z,,272a1fc51e7a4da584101aad9cdd2601,06752260,USGS,Lincoln
USGS-06752280,00060,00003,2024-11-29,32.1,ft^3/s,Approved,2025-03-06T20:49:14Z,,af36731baeac4ee5a7a5b5d47e298ee3,06752280,USGS,Boxelder
USGS-06752260,00060,00003,2024-11-30,19.4,ft^3/s,Approved,2025-02-21T16:41:42Z,,272a1fc51e7a4da584101aad9cdd2601,06752260,USGS,Lincoln
USGS-06752280,00060,00003,2024-11-30,20.1,ft^3/s,Approved,2025-03-06T20:49:14Z,,af36731baeac4ee5a7a5b5d47e298ee3,06752280,USGS,Boxelder
USGS-06752260,00060,00003,2024-12-01,22.7,ft^3/s,Approved,2025-02-21T16:41:42Z,,272a1fc51e7a4da584101aad9cdd2601,06752260,USGS,Lincoln
USGS-06752280,00060,00003,2024-12-01,17.9,ft^3/s,Approved,2025-03-06T20:49:14Z,,af36731baeac4ee5a7a5b5d47e298ee3,06752280,USGS,Boxelder
USGS-06752260,00060,00003,2024-12-02,37.6,ft^3/s,Approved,2025-02-21T16:41:42Z,,272a1fc51e7a4da584101aad9cdd2601,06752260,USGS,Lincoln
USGS-06752280,00060,00003,2024-12-02,33.3,ft^3/s,Approved,2025-03-06T20:49:14Z,,af36731baeac4ee5a7a5b5d47e298ee3,06752280,USGS,Boxelder
USGS-06752260,00060,00003,2024-12-03,46.1,ft^3/s,Approved,2025-02-21T16:41:42Z,,272a1fc51e7a4da584101aad9cdd2601,06752260,USGS,Lincoln
USGS-06752280,00060,00003,2024-12-03,41.6,ft^3/s,Approved,2025-03-06T20:49:14Z,,af36731baeac4ee5a7a5b5d47e298ee3,06752280,USGS,Boxelder
USGS-06752260,00060,00003,2024-12-04,52,ft^3/s,Approved,2025-04-04T16:20:16Z,,272a1fc51e7a4da584101aad9cdd2601,06752260,USGS,Lincoln
USGS-06752280,00060,00003,2024-12-04,48.4,ft^3/s,Approved,2025-03-06T20:49:14Z,,af36731baeac4ee5a7a5b5d47e298ee3,06752280,USGS,Boxelder
USGS-06752260,00060,00003,2024-12-05,42.3,ft^3/s,Approved,2025-04-04T16:20:16Z,,272a1fc51e7a4da584101aad9cdd2601,06752260,USGS,Lincoln
USGS-06752280,00060,00003,2024-12-05,43,ft^3/s,Approved,2025-03-06T20:49:14Z,,af36731baeac4ee5a7a5b5d47e298ee3,06752280,USGS,Boxelder
USGS-06752260,00060,00003,2024-12-06,36.6,ft^3/s,Approved,2025-04-04T16:20:16Z,,272a1fc51e7a4da584101aad9cdd2601,06752260,USGS,Lincoln
USGS-06752280,00060,00003,2024-12-06,35.7,ft^3/s,Approved,2025-03-06T20:49:14Z,,af36731baeac4ee5a7a5b5d47e298ee3,06752280,USGS,Boxelder
USGS-06752260,00060,00003,2024-12-07,35.1,ft^3/s,Approved,2025-04-04T16:20:16Z,,272a1fc51e7a4da584101aad9cdd2601,06752260,USGS,Lincoln
USGS-06752280,00060,00003,2024-12-07,34.4,ft^3/s,Approved,2025-03-06T20:49:14Z,,af36731baeac4ee5a7a5b5d47e298ee3,06752280,USGS,Boxelder
USGS-06752260,00060,00003,2024-12-08,39.4,ft^3/s,Approved,2025-04-04T16:20:16Z,,272a1fc51e7a4da584101aad9cdd2601,06752260,USGS,Lincoln
USGS-06752280,00060,00003,2024-12-08,36.8,ft^3/s,Approved,2025-03-06T20:49:14Z,,af36731baeac4ee5a7a5b5d47e298ee3,06752280,USGS,Boxelder
USGS-06752260,00060,00003,2024-12-09,43.8,ft^3/s,Approved,2025-04-04T16:20:16Z,,272a1fc51e7a4da584101aad9cdd2601,06752260,USGS,Lincoln
USGS-06752280,00060,00003,2024-12-09,42.6,ft^3/s,Approved,2025-06-06T00:57:50Z,,af36731baeac4ee5a7a5b5d47e298ee3,06752280,USGS,Boxelder
USGS-06752260,00060,00003,2024-12-10,32.8,ft^3/s,Approved,2025-04-04T16:20:16Z,,272a1fc51e7a4da584101aad9cdd2601,06752260,USGS,Lincoln
USGS-06752280,00060,00003,2024-12-10,32.5,ft^3/s,Approved,2025-06-06T00:57:50Z,,af36731baeac4ee5a7a5b5d47e298ee3,06752280,USGS,Boxelder
USGS-06752260,00060,00003,2024-12-11,27.9,ft^3/s,Approved,2025-04-04T16:20:16Z,,272a1fc51e7a4da584101aad9cdd2601,06752260,USGS,Lincoln
USGS-06752280,00060,00003,2024-12-11,26.8,ft^3/s,Approved,2025-06-06T00:57:50Z,,af36731baeac4ee5a7a5b5d47e298ee3,06752280,USGS,Boxelder
USGS-06752260,00060,00003,2024-12-12,22.7,ft^3/s,Approved,2025-04-04T16:20:16Z,,272a1fc51e7a4da584101aad9cdd2601,06752260,USGS,Lincoln
USGS-06752280,00060,00003,2024-12-12,22.3,ft^3/s,Approved,2025-06-06T00:57:50Z,,af36731baeac4ee5a7a5b5d47e298ee3,06752280,USGS,Boxelder
USGS-06752260,00060,00003,2024-12-13,20.2,ft^3/s,Approved,2025-04-04T16:20:16Z,,272a1fc51e7a4da584101aad9cdd2601,06752260,USGS,Lincoln
USGS-06752280,00060,00003,2024-12-13,16.6,ft^3/s,Approved,2025-06-06T00:57:50Z,,af36731baeac4ee5a7a5b5d47e298ee3,06752280,USGS,Boxelder
USGS-06752260,00060,00003,2024-12-14,32.6,ft^3/s,Approved,2025-04-04T16:20:16Z,,272a1fc51e7a4da584101aad9cdd2601,06752260,USGS,Lincoln
USGS-06752280,00060,00003,2024-12-14,26.3,ft^3/s,Approved,2025-06-06T00:57:50Z,,af36731baeac4ee5a7a5b5d47e298ee3,06752280,USGS,Boxelder
USGS-06752260,00060,00003,2024-12-15,37.7,ft^3/s,Approved,2025-04-04T16:20:16Z,,272a1fc51e7a4da584101aad9cdd2601,06752260,USGS,Lincoln
USGS-06752280,00060,00003,2024-12-15,34.1,ft^3/s,Approved,2025-06-06T00:57:50Z,,af36731baeac4ee5a7a5b5d47e298ee3,06752280,USGS,Boxelder
USGS-06752260,00060,00003,2024-12-16,39.4,ft^3/s,Approved,2025-04-04T16:20:16Z,,272a1fc51e7a4da584101aad9cdd2601,06752260,USGS,Lincoln
USGS-06752280,00060,00003,2024-12-16,31.7,ft^3/s,Approved,2025-06-06T00:57:50Z,,af36731baeac4ee5a7a5b5d47e298ee3,06752280,USGS,Boxelder
USGS-06752260,00060,00003,2024-12-17,43.4,ft^3/s,Approved,2025-04-04T16:20:16Z,,272a1fc51e7a4da584101aad9cdd2601,06752260,USGS,Lincoln
USGS-06752280,00060,00003,2024-12-17,29.2,ft^3/s,Approved,2025-06-06T00:57:50Z,,af36731baeac4ee5a7a5b5d47e298ee3,06752280,USGS,Boxelder
USGS-06752260,00060,00003,2024-12-18,43.5,ft^3/s,Approved,2025-04-04T16:20:16Z,,272a1fc51e7a4da584101aad9cdd2601,06752260,USGS,Lincoln
USGS-06752280,00060,00003,2024-12-18,16.3,ft^3/s,Approved,2025-06-06T00:57:50Z,,af36731baeac4ee5a7a5b5d47e298ee3,06752280,USGS,Boxelder
USGS-06752260,00060,00003,2024-12-19,42.9,ft^3/s,Approved,2025-04-04T16:20:16Z,,272a1fc51e7a4da584101aad9cdd2601,06752260,USGS,Lincoln
USGS-06752280,00060,00003,2024-12-19,9.09,ft^3/s,Approved,2025-06-06T00:57:50Z,,af36731baeac4ee5a7a5b5d47e298ee3,06752280,USGS,Boxelder
USGS-06752260,00060,00003,2024-12-20,36.5,ft^3/s,Approved,2025-04-04T16:20:16Z,,272a1fc51e7a4da584101aad9cdd2601,06752260,USGS,Lincoln
USGS-06752280,00060,00003,2024-12-20,5.9,ft^3/s,Approved,2025-06-06T00:57:50Z,,af36731baeac4ee5a7a5b5d47e298ee3,06752280,USGS,Boxelder
USGS-06752260,00060,00003,2024-12-21,37.3,ft^3/s,Approved,2025-04-04T16:20:16Z,,272a1fc51e7a4da584101aad9cdd2601,06752260,USGS,Lincoln
USGS-06752280,00060,00003,2024-12-21,5.62,ft^3/s,Approved,2025-06-06T00:57:50Z,,af36731baeac4ee5a7a5b5d47e298ee3,06752280,USGS,Boxelder
USGS-06752260,00060,00003,2024-12-22,36,ft^3/s,Approved,2025-04-04T16:20:16Z,,272a1fc51e7a4da584101aad9cdd2601,06752260,USGS,Lincoln
USGS-06752280,00060,00003,2024-12-22,4.93,ft^3/s,Approved,2025-06-06T00:57:50Z,,af36731baeac4ee5a7a5b5d47e298ee3,06752280,USGS,Boxelder
USGS-06752260,00060,00003,2024-12-23,36.8,ft^3/s,Approved,2025-04-04T16:20:16Z,,272a1fc51e7a4da584101aad9cdd2601,06752260,USGS,Lincoln
USGS-06752280,00060,00003,2024-12-23,4.67,ft^3/s,Approved,2025-06-06T00:57:50Z,,af36731baeac4ee5a7a5b5d47e298ee3,06752280,USGS,Boxelder
USGS-06752260,00060,00003,2024-12-24,40.7,ft^3/s,Approved,2025-04-04T16:20:16Z,,272a1fc51e7a4da584101aad9cdd2601,06752260,USGS,Lincoln
USGS-06752280,00060,00003,2024-12-24,6.47,ft^3/s,Approved,2025-06-06T00:57:50Z,,af36731baeac4ee5a7a5b5d47e298ee3,06752280,USGS,Boxelder
USGS-06752260,00060,00003,2024-12-25,42.7,ft^3/s,Approved,2025-04-04T16:20:16Z,,272a1fc51e7a4da584101aad9cdd2601,06752260,USGS,Lincoln
USGS-06752280,00060,00003,2024-12-25,7.59,ft^3/s,Approved,2025-06-06T00:57:50Z,,af36731baeac4ee5a7a5b5d47e298ee3,06752280,USGS,Boxelder
USGS-06752260,00060,00003,2024-12-26,41.9,ft^3/s,Approved,2025-04-04T16:20:16Z,,272a1fc51e7a4da584101aad9cdd2601,06752260,USGS,Lincoln
USGS-06752280,00060,00003,2024-12-26,7.72,ft^3/s,Approved,2025-06-06T00:57:50Z,,af36731baeac4ee5a7a5b5d47e298ee3,06752280,USGS,Boxelder
USGS-06752260,00060,00003,2024-12-27,39.8,ft^3/s,Approved,2025-04-04T16:20:16Z,,272a1fc51e7a4da584101aad9cdd2601,06752260,USGS,Lincoln
USGS-06752280,00060,00003,2024-12-27,6.48,ft^3/s,Approved,2025-06-06T00:57:50Z,,af36731baeac4ee5a7a5b5d47e298ee3,06752280,USGS,Boxelder
USGS-06752260,00060,00003,2024-12-28,36.5,ft^3/s,Approved,2025-04-04T16:20:16Z,,272a1fc51e7a4da584101aad9cdd2601,06752260,USGS,Lincoln
USGS-06752280,00060,00003,2024-12-28,6.44,ft^3/s,Approved,2025-06-06T00:57:50Z,,af36731baeac4ee5a7a5b5d47e298ee3,06752280,USGS,Boxelder
USGS-06752260,00060,00003,2024-12-29,39.9,ft^3/s,Approved,2025-04-04T16:20:16Z,,272a1fc51e7a4da584101aad9cdd2601,06752260,USGS,Lincoln
USGS-06752280,00060,00003,2024-12-29,6.26,ft^3/s,Approved,2025-06-06T00:57:50Z,,af36731baeac4ee5a7a5b5d47e298ee3,06752280,USGS,Boxelder
USGS-06752260,00060,00003,2024-12-30,35.8,ft^3/s,Approved,2025-04-04T16:20:16Z,,272a1fc51e7a4da584101aad9cdd2601,06752260,USGS,Lincoln
USGS-06752280,00060,00003,2024-12-30,4.77,ft^3/s,Approved,2025-06-06T00:57:50Z,,af36731baeac4ee5a7a5b5d47e298ee3,06752280,USGS,Boxelder
USGS-06752260,00060,00003,2024-12-31,29.8,ft^3/s,Approved,2025-04-04T16:20:16Z,,272a1fc51e7a4da584101aad9cdd2601,06752260,USGS,Lincoln
USGS-06752280,00060,00003,2024-12-31,3.65,ft^3/s,Approved,2025-06-06T00:57:50Z,,af36731baeac4ee5a7a5b5d47e298ee3,06752280,USGS,Boxelder
USGS-06752260,00060,00003,2025-01-01,29,ft^3/s,Approved,2025-04-04T16:20:16Z,,272a1fc51e7a4da584101aad9cdd2601,06752260,USGS,Lincoln
USGS-06752280,00060,00003,2025-01-01,2.65,ft^3/s,Approved,2025-06-06T00:57:50Z,,af36731baeac4ee5a7a5b5d47e298ee3,06752280,USGS,Boxelder
USGS-06752260,00060,00003,2025-01-02,19.5,ft^3/s,Approved,2025-04-04T16:20:16Z,,272a1fc51e7a4da584101aad9cdd2601,06752260,USGS,Lincoln
USGS-06752280,00060,00003,2025-01-02,2.6,ft^3/s,Approved,2025-06-06T00:57:50Z,,af36731baeac4ee5a7a5b5d47e298ee3,06752280,USGS,Boxelder
USGS-06752260,00060,00003,2025-01-03,19.4,ft^3/s,Approved,2025-04-04T16:20:16Z,,272a1fc51e7a4da584101aad9cdd2601,06752260,USGS,Lincoln
USGS-06752280,00060,00003,2025-01-03,2.51,ft^3/s,Approved,2025-06-06T00:57:50Z,,af36731baeac4ee5a7a5b5d47e298ee3,06752280,USGS,Boxelder
USGS-06752260,00060,00003,2025-01-04,43.3,ft^3/s,Approved,2025-04-04T16:20:16Z,,272a1fc51e7a4da584101aad9cdd2601,06752260,USGS,Lincoln
USGS-06752280,00060,00003,2025-01-04,2.74,ft^3/s,Approved,2025-06-06T00:57:50Z,,af36731baeac4ee5a7a5b5d47e298ee3,06752280,USGS,Boxelder
USGS-06752260,00060,00003,2025-01-05,41.9,ft^3/s,Approved,2025-04-04T16:20:16Z,,272a1fc51e7a4da584101aad9cdd2601,06752260,USGS,Lincoln
USGS-06752280,00060,00003,2025-01-05,3.06,ft^3/s,Approved,2025-06-06T00:57:50Z,,af36731baeac4ee5a7a5b5d47e298ee3,06752280,USGS,Boxelder
USGS-06752260,00060,00003,2025-01-06,46.3,ft^3/s,Approved,2025-04-04T16:20:16Z,,272a1fc51e7a4da584101aad9cdd2601,06752260,USGS,Lincoln
USGS-06752280,00060,00003,2025-01-06,2.97,ft^3/s,Approved,2025-06-06T00:57:50Z,,af36731baeac4ee5a7a5b5d47e298ee3,06752280,USGS,Boxelder
USGS-06752260,00060,00003,2025-01-07,36.9,ft^3/s,Approved,2025-04-04T16:20:16Z,,272a1fc51e7a4da584101aad9cdd2601,06752260,USGS,Lincoln
USGS-06752280,00060,00003,2025-01-07,2.85,ft^3/s,Approved,2025-06-06T00:57:50Z,ESTIMATED,af36731baeac4ee5a7a5b5d47e298ee3,06752280,USGS,Boxelder
USGS-06752260,00060,00003,2025-01-08,39.7,ft^3/s,Approved,2025-04-04T16:20:16Z,ESTIMATED,272a1fc51e7a4da584101aad9cdd2601,06752260,USGS,Lincoln
USGS-06752280,00060,00003,2025-01-08,2.79,ft^3/s,Approved,2025-06-06T00:57:50Z,ESTIMATED,af36731baeac4ee5a7a5b5d47e298ee3,06752280,USGS,Boxelder
USGS-06752260,00060,00003,2025-01-09,27.4,ft^3/s,Approved,2026-01-14T23:29:26Z,,272a1fc51e7a4da584101aad9cdd2601,06752260,USGS,Lincoln
USGS-06752280,00060,00003,2025-01-09,2.67,ft^3/s,Approved,2026-01-15T00:42:43Z,,af36731baeac4ee5a7a5b5d47e298ee3,06752280,USGS,Boxelder
USGS-06752260,00060,00003,2025-01-10,24.1,ft^3/s,Approved,2025-04-04T16:20:16Z,ESTIMATED,272a1fc51e7a4da584101aad9cdd2601,06752260,USGS,Lincoln
USGS-06752280,00060,00003,2025-01-10,2.49,ft^3/s,Approved,2025-06-06T00:57:50Z,,af36731baeac4ee5a7a5b5d47e298ee3,06752280,USGS,Boxelder
USGS-06752260,00060,00003,2025-01-11,17.1,ft^3/s,Approved,2026-01-14T23:29:26Z,,272a1fc51e7a4da584101aad9cdd2601,06752260,USGS,Lincoln
USGS-06752280,00060,00003,2025-01-11,2.28,ft^3/s,Approved,2025-06-06T00:57:50Z,,af36731baeac4ee5a7a5b5d47e298ee3,06752280,USGS,Boxelder
USGS-06752260,00060,00003,2025-01-12,27.9,ft^3/s,Approved,2025-04-04T16:20:16Z,ESTIMATED,272a1fc51e7a4da584101aad9cdd2601,06752260,USGS,Lincoln
USGS-06752280,00060,00003,2025-01-12,2.29,ft^3/s,Approved,2025-06-06T00:57:50Z,,af36731baeac4ee5a7a5b5d47e298ee3,06752280,USGS,Boxelder
USGS-06752260,00060,00003,2025-01-13,31.2,ft^3/s,Approved,2025-04-04T16:20:16Z,ESTIMATED,272a1fc51e7a4da584101aad9cdd2601,06752260,USGS,Lincoln
USGS-06752280,00060,00003,2025-01-13,2.44,ft^3/s,Approved,2025-06-06T00:57:50Z,,af36731baeac4ee5a7a5b5d47e298ee3,06752280,USGS,Boxelder
USGS-06752260,00060,00003,2025-01-14,30.5,ft^3/s,Approved,2025-04-04T16:20:16Z,ESTIMATED,272a1fc51e7a4da584101aad9cdd2601,06752260,USGS,Lincoln
USGS-06752280,00060,00003,2025-01-14,2.39,ft^3/s,Approved,2025-06-06T00:57:50Z,,af36731baeac4ee5a7a5b5d47e298ee3,06752280,USGS,Boxelder
USGS-06752260,00060,00003,2025-01-15,26.1,ft^3/s,Approved,2025-04-04T16:20:16Z,ESTIMATED,272a1fc51e7a4da584101aad9cdd2601,06752260,USGS,Lincoln
USGS-06752280,00060,00003,2025-01-15,2.26,ft^3/s,Approved,2025-06-06T00:57:50Z,,af36731baeac4ee5a7a5b5d47e298ee3,06752280,USGS,Boxelder
USGS-06752260,00060,00003,2025-01-16,22.3,ft^3/s,Approved,2025-04-04T16:20:16Z,ESTIMATED,272a1fc51e7a4da584101aad9cdd2601,06752260,USGS,Lincoln
USGS-06752280,00060,00003,2025-01-16,2.14,ft^3/s,Approved,2025-03-06T20:49:14Z,,af36731baeac4ee5a7a5b5d47e298ee3,06752280,USGS,Boxelder
USGS-06752260,00060,00003,2025-01-17,24.9,ft^3/s,Approved,2025-04-04T16:20:16Z,ESTIMATED,272a1fc51e7a4da584101aad9cdd2601,06752260,USGS,Lincoln
USGS-06752280,00060,00003,2025-01-17,2.09,ft^3/s,Approved,2025-03-06T20:49:14Z,,af36731baeac4ee5a7a5b5d47e298ee3,06752280,USGS,Boxelder
USGS-06752260,00060,00003,2025-01-18,28.5,ft^3/s,Approved,2025-04-04T16:20:16Z,ESTIMATED,272a1fc51e7a4da584101aad9cdd2601,06752260,USGS,Lincoln
USGS-06752280,00060,00003,2025-01-18,2.28,ft^3/s,Approved,2025-03-06T20:49:14Z,ESTIMATED,af36731baeac4ee5a7a5b5d47e298ee3,06752280,USGS,Boxelder
USGS-06752260,00060,00003,2025-01-19,26.9,ft^3/s,Approved,2025-04-04T16:20:16Z,ESTIMATED,272a1fc51e7a4da584101aad9cdd2601,06752260,USGS,Lincoln
USGS-06752280,00060,00003,2025-01-19,2.3,ft^3/s,Approved,2025-03-06T20:49:14Z,ESTIMATED,af36731baeac4ee5a7a5b5d47e298ee3,06752280,USGS,Boxelder
USGS-06752260,00060,00003,2025-01-20,24.2,ft^3/s,Approved,2025-04-04T16:20:16Z,ESTIMATED,272a1fc51e7a4da584101aad9cdd2601,06752260,USGS,Lincoln
USGS-06752280,00060,00003,2025-01-20,2.37,ft^3/s,Approved,2025-03-06T20:49:14Z,ESTIMATED,af36731baeac4ee5a7a5b5d47e298ee3,06752280,USGS,Boxelder
USGS-06752260,00060,00003,2025-01-21,22.7,ft^3/s,Approved,2025-04-04T16:20:16Z,ESTIMATED,272a1fc51e7a4da584101aad9cdd2601,06752260,USGS,Lincoln
USGS-06752280,00060,00003,2025-01-21,2.36,ft^3/s,Approved,2025-03-06T20:49:14Z,ESTIMATED,af36731baeac4ee5a7a5b5d47e298ee3,06752280,USGS,Boxelder
USGS-06752260,00060,00003,2025-01-22,22.5,ft^3/s,Approved,2025-04-04T16:20:16Z,ESTIMATED,272a1fc51e7a4da584101aad9cdd2601,06752260,USGS,Lincoln
USGS-06752280,00060,00003,2025-01-22,2.42,ft^3/s,Approved,2025-03-06T20:49:14Z,ESTIMATED,af36731baeac4ee5a7a5b5d47e298ee3,06752280,USGS,Boxelder
USGS-06752260,00060,00003,2025-01-23,22.9,ft^3/s,Approved,2025-04-04T16:20:16Z,ESTIMATED,272a1fc51e7a4da584101aad9cdd2601,06752260,USGS,Lincoln
USGS-06752280,00060,00003,2025-01-23,2.78,ft^3/s,Approved,2025-03-06T20:49:14Z,ESTIMATED,af36731baeac4ee5a7a5b5d47e298ee3,06752280,USGS,Boxelder
USGS-06752260,00060,00003,2025-01-24,23.8,ft^3/s,Approved,2025-04-04T16:20:16Z,ESTIMATED,272a1fc51e7a4da584101aad9cdd2601,06752260,USGS,Lincoln
USGS-06752280,00060,00003,2025-01-24,3.03,ft^3/s,Approved,2025-03-06T20:49:14Z,ESTIMATED,af36731baeac4ee5a7a5b5d47e298ee3,06752280,USGS,Boxelder
USGS-06752260,00060,00003,2025-01-25,25.1,ft^3/s,Approved,2025-04-04T16:20:16Z,ESTIMATED,272a1fc51e7a4da584101aad9cdd2601,06752260,USGS,Lincoln
USGS-06752280,00060,00003,2025-01-25,3.24,ft^3/s,Approved,2026-01-15T00:42:43Z,,af36731baeac4ee5a7a5b5d47e298ee3,06752280,USGS,Boxelder
USGS-06752260,00060,00003,2025-01-26,26.6,ft^3/s,Approved,2025-04-04T16:20:16Z,ESTIMATED,272a1fc51e7a4da584101aad9cdd2601,06752260,USGS,Lincoln
USGS-06752280,00060,00003,2025-01-26,3.42,ft^3/s,Approved,2025-03-06T20:49:14Z,ESTIMATED,af36731baeac4ee5a7a5b5d47e298ee3,06752280,USGS,Boxelder
USGS-06752260,00060,00003,2025-01-27,28.9,ft^3/s,Approved,2025-04-04T16:20:16Z,ESTIMATED,272a1fc51e7a4da584101aad9cdd2601,06752260,USGS,Lincoln
USGS-06752280,00060,00003,2025-01-27,3.65,ft^3/s,Approved,2025-03-06T20:49:14Z,ESTIMATED,af36731baeac4ee5a7a5b5d47e298ee3,06752280,USGS,Boxelder
USGS-06752260,00060,00003,2025-01-28,31.1,ft^3/s,Approved,2025-04-04T16:20:16Z,ESTIMATED,272a1fc51e7a4da584101aad9cdd2601,06752260,USGS,Lincoln
USGS-06752280,00060,00003,2025-01-28,3.88,ft^3/s,Approved,2025-08-11T16:51:17Z,ESTIMATED,af36731baeac4ee5a7a5b5d47e298ee3,06752280,USGS,Boxelder
USGS-06752260,00060,00003,2025-01-29,32.8,ft^3/s,Approved,2025-04-04T16:20:16Z,ESTIMATED,272a1fc51e7a4da584101aad9cdd2601,06752260,USGS,Lincoln
USGS-06752280,00060,00003,2025-01-29,3.67,ft^3/s,Approved,2025-08-11T16:51:17Z,,af36731baeac4ee5a7a5b5d47e298ee3,06752280,USGS,Boxelder
USGS-06752260,00060,00003,2025-01-30,35,ft^3/s,Approved,2025-04-04T16:20:16Z,ESTIMATED,272a1fc51e7a4da584101aad9cdd2601,06752260,USGS,Lincoln
USGS-06752280,00060,00003,2025-01-30,3.6,ft^3/s,Approved,2025-08-11T16:51:17Z,,af36731baeac4ee5a7a5b5d47e298ee3,06752280,USGS,Boxelder
USGS-06752260,00060,00003,2025-01-31,37.4,ft^3/s,Approved,2025-04-04T16:20:16Z,ESTIMATED,272a1fc51e7a4da584101aad9cdd2601,06752260,USGS,Lincoln
USGS-06752280,00060,00003,2025-01-31,3.65,ft^3/s,Approved,2025-08-11T16:51:17Z,ESTIMATED,af36731baeac4ee5a7a5b5d47e298ee3,06752280,USGS,Boxelder
USGS-06752260,00060,00003,2025-02-01,34.5,ft^3/s,Approved,2026-01-14T23:29:26Z,,272a1fc51e7a4da584101aad9cdd2601,06752260,USGS,Lincoln
USGS-06752280,00060,00003,2025-02-01,3.54,ft^3/s,Approved,2025-08-11T16:51:17Z,,af36731baeac4ee5a7a5b5d47e298ee3,06752280,USGS,Boxelder
USGS-06752260,00060,00003,2025-02-02,34.3,ft^3/s,Approved,2025-04-04T16:20:16Z,,272a1fc51e7a4da584101aad9cdd2601,06752260,USGS,Lincoln
USGS-06752280,00060,00003,2025-02-02,3.48,ft^3/s,Approved,2025-08-11T16:51:17Z,,af36731baeac4ee5a7a5b5d47e298ee3,06752280,USGS,Boxelder
USGS-06752260,00060,00003,2025-02-03,38.8,ft^3/s,Approved,2025-04-04T16:20:16Z,,272a1fc51e7a4da584101aad9cdd2601,06752260,USGS,Lincoln
USGS-06752280,00060,00003,2025-02-03,3.49,ft^3/s,Approved,2025-08-11T16:51:17Z,,af36731baeac4ee5a7a5b5d47e298ee3,06752280,USGS,Boxelder
USGS-06752260,00060,00003,2025-02-04,39.7,ft^3/s,Approved,2025-04-04T16:20:16Z,,272a1fc51e7a4da584101aad9cdd2601,06752260,USGS,Lincoln
USGS-06752280,00060,00003,2025-02-04,3.36,ft^3/s,Approved,2025-08-11T16:51:17Z,,af36731baeac4ee5a7a5b5d47e298ee3,06752280,USGS,Boxelder
USGS-06752260,00060,00003,2025-02-05,41.3,ft^3/s,Approved,2025-04-04T16:20:16Z,,272a1fc51e7a4da584101aad9cdd2601,06752260,USGS,Lincoln
USGS-06752280,00060,00003,2025-02-05,3.28,ft^3/s,Approved,2025-08-11T16:51:17Z,,af36731baeac4ee5a7a5b5d47e298ee3,06752280,USGS,Boxelder
USGS-06752260,00060,00003,2025-02-06,41,ft^3/s,Approved,2025-04-04T16:20:16Z,,272a1fc51e7a4da584101aad9cdd2601,06752260,USGS,Lincoln
USGS-06752280,00060,00003,2025-02-06,3.2,ft^3/s,Approved,2025-08-11T16:51:17Z,,af36731baeac4ee5a7a5b5d47e298ee3,06752280,USGS,Boxelder
USGS-06752260,00060,00003,2025-02-07,36.5,ft^3/s,Approved,2025-04-04T16:20:16Z,,272a1fc51e7a4da584101aad9cdd2601,06752260,USGS,Lincoln
USGS-06752280,00060,00003,2025-02-07,3.1,ft^3/s,Approved,2025-08-11T16:51:17Z,,af36731baeac4ee5a7a5b5d47e298ee3,06752280,USGS,Boxelder
USGS-06752260,00060,00003,2025-02-08,39.2,ft^3/s,Approved,2025-04-04T16:20:16Z,,272a1fc51e7a4da584101aad9cdd2601,06752260,USGS,Lincoln
USGS-06752280,00060,00003,2025-02-08,3.02,ft^3/s,Approved,2025-08-11T16:51:17Z,,af36731baeac4ee5a7a5b5d47e298ee3,06752280,USGS,Boxelder
USGS-06752260,00060,00003,2025-02-09,36,ft^3/s,Approved,2025-04-04T16:20:16Z,,272a1fc51e7a4da584101aad9cdd2601,06752260,USGS,Lincoln
USGS-06752280,00060,00003,2025-02-09,3.14,ft^3/s,Approved,2025-08-11T16:51:17Z,,af36731baeac4ee5a7a5b5d47e298ee3,06752280,USGS,Boxelder
USGS-06752260,00060,00003,2025-02-10,28.8,ft^3/s,Approved,2025-04-04T16:20:16Z,,272a1fc51e7a4da584101aad9cdd2601,06752260,USGS,Lincoln
USGS-06752280,00060,00003,2025-02-10,2.94,ft^3/s,Approved,2025-08-11T16:51:17Z,,af36731baeac4ee5a7a5b5d47e298ee3,06752280,USGS,Boxelder
USGS-06752260,00060,00003,2025-02-11,18.9,ft^3/s,Approved,2025-04-04T16:20:16Z,,272a1fc51e7a4da584101aad9cdd2601,06752260,USGS,Lincoln
USGS-06752280,00060,00003,2025-02-11,2.79,ft^3/s,Approved,2025-08-11T16:51:17Z,ESTIMATED,af36731baeac4ee5a7a5b5d47e298ee3,06752280,USGS,Boxelder
USGS-06752260,00060,00003,2025-02-12,18.2,ft^3/s,Approved,2025-04-04T16:20:16Z,ESTIMATED,272a1fc51e7a4da584101aad9cdd2601,06752260,USGS,Lincoln
USGS-06752280,00060,00003,2025-02-12,2.83,ft^3/s,Approved,2025-08-11T16:51:17Z,ESTIMATED,af36731baeac4ee5a7a5b5d47e298ee3,06752280,USGS,Boxelder
USGS-06752260,00060,00003,2025-02-13,20.7,ft^3/s,Approved,2025-04-04T16:20:16Z,ESTIMATED,272a1fc51e7a4da584101aad9cdd2601,06752260,USGS,Lincoln
USGS-06752280,00060,00003,2025-02-13,3.12,ft^3/s,Approved,2025-08-11T16:51:17Z,ESTIMATED,af36731baeac4ee5a7a5b5d47e298ee3,06752280,USGS,Boxelder
USGS-06752260,00060,00003,2025-02-14,18.4,ft^3/s,Approved,2026-01-14T23:29:26Z,,272a1fc51e7a4da584101aad9cdd2601,06752260,USGS,Lincoln
USGS-06752280,00060,00003,2025-02-14,3.23,ft^3/s,Approved,2025-08-11T16:51:17Z,,af36731baeac4ee5a7a5b5d47e298ee3,06752280,USGS,Boxelder
USGS-06752260,00060,00003,2025-02-15,19.9,ft^3/s,Approved,2025-04-04T16:20:16Z,ESTIMATED,272a1fc51e7a4da584101aad9cdd2601,06752260,USGS,Lincoln
USGS-06752280,00060,00003,2025-02-15,3.1,ft^3/s,Approved,2025-08-11T16:51:17Z,ESTIMATED,af36731baeac4ee5a7a5b5d47e298ee3,06752280,USGS,Boxelder
USGS-06752260,00060,00003,2025-02-16,18.9,ft^3/s,Approved,2025-04-04T16:20:16Z,ESTIMATED,272a1fc51e7a4da584101aad9cdd2601,06752260,USGS,Lincoln
USGS-06752280,00060,00003,2025-02-16,3.49,ft^3/s,Approved,2025-08-11T16:51:17Z,ESTIMATED,af36731baeac4ee5a7a5b5d47e298ee3,06752280,USGS,Boxelder
USGS-06752260,00060,00003,2025-02-17,17.5,ft^3/s,Approved,2025-04-04T16:20:16Z,ESTIMATED,272a1fc51e7a4da584101aad9cdd2601,06752260,USGS,Lincoln
USGS-06752280,00060,00003,2025-02-17,3.59,ft^3/s,Approved,2025-08-11T16:51:17Z,ESTIMATED,af36731baeac4ee5a7a5b5d47e298ee3,06752280,USGS,Boxelder
USGS-06752260,00060,00003,2025-02-18,16.4,ft^3/s,Approved,2025-04-04T16:20:16Z,ESTIMATED,272a1fc51e7a4da584101aad9cdd2601,06752260,USGS,Lincoln
USGS-06752280,00060,00003,2025-02-18,3.44,ft^3/s,Approved,2025-08-11T16:51:17Z,ESTIMATED,af36731baeac4ee5a7a5b5d47e298ee3,06752280,USGS,Boxelder
USGS-06752260,00060,00003,2025-02-19,16.5,ft^3/s,Approved,2025-04-04T16:20:16Z,ESTIMATED,272a1fc51e7a4da584101aad9cdd2601,06752260,USGS,Lincoln
USGS-06752280,00060,00003,2025-02-19,3.5,ft^3/s,Approved,2025-08-11T16:51:17Z,ESTIMATED,af36731baeac4ee5a7a5b5d47e298ee3,06752280,USGS,Boxelder
USGS-06752260,00060,00003,2025-02-20,17.2,ft^3/s,Approved,2025-04-04T16:20:16Z,ESTIMATED,272a1fc51e7a4da584101aad9cdd2601,06752260,USGS,Lincoln
USGS-06752280,00060,00003,2025-02-20,3.47,ft^3/s,Approved,2025-08-11T16:51:17Z,ESTIMATED,af36731baeac4ee5a7a5b5d47e298ee3,06752280,USGS,Boxelder
USGS-06752260,00060,00003,2025-02-21,20,ft^3/s,Approved,2025-04-04T16:20:16Z,ESTIMATED,272a1fc51e7a4da584101aad9cdd2601,06752260,USGS,Lincoln
USGS-06752280,00060,00003,2025-02-21,3.2,ft^3/s,Approved,2025-08-11T16:51:17Z,,af36731baeac4ee5a7a5b5d47e298ee3,06752280,USGS,Boxelder
USGS-06752260,00060,00003,2025-02-22,28.5,ft^3/s,Approved,2025-04-04T16:20:16Z,ESTIMATED,272a1fc51e7a4da584101aad9cdd2601,06752260,USGS,Lincoln
USGS-06752280,00060,00003,2025-02-22,3.3,ft^3/s,Approved,2025-08-11T16:51:17Z,,af36731baeac4ee5a7a5b5d47e298ee3,06752280,USGS,Boxelder
USGS-06752260,00060,00003,2025-02-23,26.9,ft^3/s,Approved,2026-01-14T23:29:26Z,,272a1fc51e7a4da584101aad9cdd2601,06752260,USGS,Lincoln
USGS-06752280,00060,00003,2025-02-23,3.35,ft^3/s,Approved,2025-08-11T16:51:17Z,,af36731baeac4ee5a7a5b5d47e298ee3,06752280,USGS,Boxelder
USGS-06752260,00060,00003,2025-02-24,32,ft^3/s,Approved,2025-04-04T16:20:16Z,,272a1fc51e7a4da584101aad9cdd2601,06752260,USGS,Lincoln
USGS-06752280,00060,00003,2025-02-24,3.4,ft^3/s,Approved,2025-08-11T16:51:17Z,,af36731baeac4ee5a7a5b5d47e298ee3,06752280,USGS,Boxelder
USGS-06752260,00060,00003,2025-02-25,41.9,ft^3/s,Approved,2025-04-04T16:20:16Z,,272a1fc51e7a4da584101aad9cdd2601,06752260,USGS,Lincoln
USGS-06752280,00060,00003,2025-02-25,3.56,ft^3/s,Approved,2025-08-11T16:51:17Z,,af36731baeac4ee5a7a5b5d47e298ee3,06752280,USGS,Boxelder
USGS-06752260,00060,00003,2025-02-26,37.4,ft^3/s,Approved,2025-04-04T16:20:16Z,,272a1fc51e7a4da584101aad9cdd2601,06752260,USGS,Lincoln
USGS-06752280,00060,00003,2025-02-26,3.52,ft^3/s,Approved,2025-08-11T16:51:17Z,,af36731baeac4ee5a7a5b5d47e298ee3,06752280,USGS,Boxelder
USGS-06752260,00060,00003,2025-02-27,31.5,ft^3/s,Approved,2025-04-04T16:20:16Z,,272a1fc51e7a4da584101aad9cdd2601,06752260,USGS,Lincoln
USGS-06752280,00060,00003,2025-02-27,3.47,ft^3/s,Approved,2025-08-11T16:51:17Z,,af36731baeac4ee5a7a5b5d47e298ee3,06752280,USGS,Boxelder
USGS-06752260,00060,00003,2025-02-28,28.8,ft^3/s,Approved,2025-04-04T16:20:16Z,,272a1fc51e7a4da584101aad9cdd2601,06752260,USGS,Lincoln
USGS-06752280,00060,00003,2025-02-28,3.28,ft^3/s,Approved,2025-08-11T16:51:17Z,,af36731baeac4ee5a7a5b5d47e298ee3,06752280,USGS,Boxelder
USGS-06752260,00060,00003,2025-03-01,27.3,ft^3/s,Approved,2025-04-04T16:20:16Z,,272a1fc51e7a4da584101aad9cdd2601,06752260,USGS,Lincoln
USGS-06752280,00060,00003,2025-03-01,3.43,ft^3/s,Approved,2025-08-11T16:51:17Z,,af36731baeac4ee5a7a5b5d47e298ee3,06752280,USGS,Boxelder
USGS-06752260,00060,00003,2025-03-02,32,ft^3/s,Approved,2025-04-04T16:20:16Z,,272a1fc51e7a4da584101aad9cdd2601,06752260,USGS,Lincoln
USGS-06752280,00060,00003,2025-03-02,3.53,ft^3/s,Approved,2025-08-11T16:51:17Z,,af36731baeac4ee5a7a5b5d47e298ee3,06752280,USGS,Boxelder
USGS-06752260,00060,00003,2025-03-03,39.3,ft^3/s,Approved,2025-04-04T16:20:16Z,,272a1fc51e7a4da584101aad9cdd2601,06752260,USGS,Lincoln
USGS-06752280,00060,00003,2025-03-03,3.61,ft^3/s,Approved,2025-08-11T16:51:17Z,,af36731baeac4ee5a7a5b5d47e298ee3,06752280,USGS,Boxelder
USGS-06752260,00060,00003,2025-03-04,38.5,ft^3/s,Approved,2025-04-04T16:20:16Z,,272a1fc51e7a4da584101aad9cdd2601,06752260,USGS,Lincoln
USGS-06752280,00060,00003,2025-03-04,3.63,ft^3/s,Approved,2025-08-11T16:51:17Z,,af36731baeac4ee5a7a5b5d47e298ee3,06752280,USGS,Boxelder
USGS-06752260,00060,00003,2025-03-05,34.1,ft^3/s,Approved,2025-04-04T16:20:16Z,,272a1fc51e7a4da584101aad9cdd2601,06752260,USGS,Lincoln
USGS-06752280,00060,00003,2025-03-05,3.67,ft^3/s,Approved,2025-08-11T16:51:17Z,,af36731baeac4ee5a7a5b5d47e298ee3,06752280,USGS,Boxelder
USGS-06752260,00060,00003,2025-03-06,34.8,ft^3/s,Approved,2025-04-04T16:20:16Z,,272a1fc51e7a4da584101aad9cdd2601,06752260,USGS,Lincoln
USGS-06752280,00060,00003,2025-03-06,3.51,ft^3/s,Approved,2025-08-11T16:51:17Z,,af36731baeac4ee5a7a5b5d47e298ee3,06752280,USGS,Boxelder
USGS-06752260,00060,00003,2025-03-07,34.3,ft^3/s,Approved,2025-04-04T16:20:16Z,,272a1fc51e7a4da584101aad9cdd2601,06752260,USGS,Lincoln
USGS-06752280,00060,00003,2025-03-07,3.55,ft^3/s,Approved,2025-08-11T16:51:17Z,,af36731baeac4ee5a7a5b5d47e298ee3,06752280,USGS,Boxelder
USGS-06752260,00060,00003,2025-03-08,27.1,ft^3/s,Approved,2025-04-08T10:28:24Z,,272a1fc51e7a4da584101aad9cdd2601,06752260,USGS,Lincoln
USGS-06752280,00060,00003,2025-03-08,3.42,ft^3/s,Approved,2025-08-11T16:51:17Z,,af36731baeac4ee5a7a5b5d47e298ee3,06752280,USGS,Boxelder
USGS-06752260,00060,00003,2025-03-09,25.7,ft^3/s,Approved,2025-04-09T11:01:17Z,,272a1fc51e7a4da584101aad9cdd2601,06752260,USGS,Lincoln
USGS-06752280,00060,00003,2025-03-09,3.37,ft^3/s,Approved,2025-08-11T16:51:17Z,,af36731baeac4ee5a7a5b5d47e298ee3,06752280,USGS,Boxelder
USGS-06752260,00060,00003,2025-03-10,26.7,ft^3/s,Approved,2025-04-09T11:01:17Z,,272a1fc51e7a4da584101aad9cdd2601,06752260,USGS,Lincoln
USGS-06752280,00060,00003,2025-03-10,3.26,ft^3/s,Approved,2025-08-11T16:51:17Z,,af36731baeac4ee5a7a5b5d47e298ee3,06752280,USGS,Boxelder
USGS-06752260,00060,00003,2025-03-11,36,ft^3/s,Approved,2025-09-29T22:59:24Z,,272a1fc51e7a4da584101aad9cdd2601,06752260,USGS,Lincoln
USGS-06752280,00060,00003,2025-03-11,3.11,ft^3/s,Approved,2025-08-11T16:51:17Z,,af36731baeac4ee5a7a5b5d47e298ee3,06752280,USGS,Boxelder
USGS-06752260,00060,00003,2025-03-12,35.9,ft^3/s,Approved,2025-12-12T17:10:52Z,,272a1fc51e7a4da584101aad9cdd2601,06752260,USGS,Lincoln
USGS-06752280,00060,00003,2025-03-12,3.17,ft^3/s,Approved,2025-08-11T16:51:17Z,,af36731baeac4ee5a7a5b5d47e298ee3,06752280,USGS,Boxelder
USGS-06752260,00060,00003,2025-03-13,37.1,ft^3/s,Approved,2025-12-12T17:10:52Z,,272a1fc51e7a4da584101aad9cdd2601,06752260,USGS,Lincoln
USGS-06752280,00060,00003,2025-03-13,3.26,ft^3/s,Approved,2025-08-11T16:51:17Z,,af36731baeac4ee5a7a5b5d47e298ee3,06752280,USGS,Boxelder
USGS-06752260,00060,00003,2025-03-14,39.4,ft^3/s,Approved,2025-12-12T17:10:52Z,,272a1fc51e7a4da584101aad9cdd2601,06752260,USGS,Lincoln
USGS-06752280,00060,00003,2025-03-14,3.21,ft^3/s,Approved,2025-08-11T16:51:17Z,,af36731baeac4ee5a7a5b5d47e298ee3,06752280,USGS,Boxelder
USGS-06752260,00060,00003,2025-03-15,39.2,ft^3/s,Approved,2025-12-12T17:10:52Z,,272a1fc51e7a4da584101aad9cdd2601,06752260,USGS,Lincoln
USGS-06752280,00060,00003,2025-03-15,3.34,ft^3/s,Approved,2025-08-11T16:51:17Z,,af36731baeac4ee5a7a5b5d47e298ee3,06752280,USGS,Boxelder
USGS-06752260,00060,00003,2025-03-16,30.8,ft^3/s,Approved,2025-12-12T17:10:52Z,,272a1fc51e7a4da584101aad9cdd2601,06752260,USGS,Lincoln
USGS-06752280,00060,00003,2025-03-16,3.3,ft^3/s,Approved,2025-08-11T16:51:17Z,,af36731baeac4ee5a7a5b5d47e298ee3,06752280,USGS,Boxelder
USGS-06752260,00060,00003,2025-03-17,35,ft^3/s,Approved,2025-12-12T17:10:52Z,,272a1fc51e7a4da584101aad9cdd2601,06752260,USGS,Lincoln
USGS-06752280,00060,00003,2025-03-17,3.23,ft^3/s,Approved,2025-08-11T16:51:17Z,,af36731baeac4ee5a7a5b5d47e298ee3,06752280,USGS,Boxelder
USGS-06752260,00060,00003,2025-03-18,28.5,ft^3/s,Approved,2025-12-12T17:10:52Z,,272a1fc51e7a4da584101aad9cdd2601,06752260,USGS,Lincoln
USGS-06752280,00060,00003,2025-03-18,3.24,ft^3/s,Approved,2025-08-11T16:51:17Z,,af36731baeac4ee5a7a5b5d47e298ee3,06752280,USGS,Boxelder
USGS-06752260,00060,00003,2025-03-19,30,ft^3/s,Approved,2025-12-12T17:10:52Z,,272a1fc51e7a4da584101aad9cdd2601,06752260,USGS,Lincoln
USGS-06752280,00060,00003,2025-03-19,3.03,ft^3/s,Approved,2025-08-11T16:51:17Z,,af36731baeac4ee5a7a5b5d47e298ee3,06752280,USGS,Boxelder
USGS-06752260,00060,00003,2025-03-20,38,ft^3/s,Approved,2025-12-12T17:10:52Z,,272a1fc51e7a4da584101aad9cdd2601,06752260,USGS,Lincoln
USGS-06752280,00060,00003,2025-03-20,3.32,ft^3/s,Approved,2025-08-11T16:51:17Z,,af36731baeac4ee5a7a5b5d47e298ee3,06752280,USGS,Boxelder
USGS-06752260,00060,00003,2025-03-21,24,ft^3/s,Approved,2025-12-12T17:10:52Z,,272a1fc51e7a4da584101aad9cdd2601,06752260,USGS,Lincoln
USGS-06752280,00060,00003,2025-03-21,2.95,ft^3/s,Approved,2025-08-11T16:51:17Z,,af36731baeac4ee5a7a5b5d47e298ee3,06752280,USGS,Boxelder
USGS-06752260,00060,00003,2025-03-22,26.1,ft^3/s,Approved,2025-12-12T17:10:52Z,,272a1fc51e7a4da584101aad9cdd2601,06752260,USGS,Lincoln
USGS-06752280,00060,00003,2025-03-22,2.56,ft^3/s,Approved,2025-08-11T16:51:17Z,,af36731baeac4ee5a7a5b5d47e298ee3,06752280,USGS,Boxelder
USGS-06752260,00060,00003,2025-03-23,29.2,ft^3/s,Approved,2025-12-12T17:10:52Z,,272a1fc51e7a4da584101aad9cdd2601,06752260,USGS,Lincoln
USGS-06752280,00060,00003,2025-03-23,2.42,ft^3/s,Approved,2025-08-11T16:51:17Z,,af36731baeac4ee5a7a5b5d47e298ee3,06752280,USGS,Boxelder
USGS-06752260,00060,00003,2025-03-24,27.2,ft^3/s,Approved,2025-12-12T17:10:52Z,,272a1fc51e7a4da584101aad9cdd2601,06752260,USGS,Lincoln
USGS-06752280,00060,00003,2025-03-24,2.44,ft^3/s,Approved,2025-08-11T16:51:17Z,,af36731baeac4ee5a7a5b5d47e298ee3,06752280,USGS,Boxelder
USGS-06752260,00060,00003,2025-03-25,21.5,ft^3/s,Approved,2025-12-12T17:10:52Z,,272a1fc51e7a4da584101aad9cdd2601,06752260,USGS,Lincoln
USGS-06752280,00060,00003,2025-03-25,2.43,ft^3/s,Approved,2025-08-11T16:51:17Z,,af36731baeac4ee5a7a5b5d47e298ee3,06752280,USGS,Boxelder
USGS-06752260,00060,00003,2025-03-26,28.7,ft^3/s,Approved,2025-12-12T17:10:52Z,,272a1fc51e7a4da584101aad9cdd2601,06752260,USGS,Lincoln
USGS-06752280,00060,00003,2025-03-26,2.59,ft^3/s,Approved,2025-08-11T16:51:17Z,,af36731baeac4ee5a7a5b5d47e298ee3,06752280,USGS,Boxelder
USGS-06752260,00060,00003,2025-03-27,59.4,ft^3/s,Approved,2025-12-12T17:10:52Z,,272a1fc51e7a4da584101aad9cdd2601,06752260,USGS,Lincoln
USGS-06752280,00060,00003,2025-03-27,14.4,ft^3/s,Approved,2025-08-11T16:51:17Z,,af36731baeac4ee5a7a5b5d47e298ee3,06752280,USGS,Boxelder
USGS-06752260,00060,00003,2025-03-28,51.6,ft^3/s,Approved,2025-12-12T17:10:52Z,,272a1fc51e7a4da584101aad9cdd2601,06752260,USGS,Lincoln
USGS-06752280,00060,00003,2025-03-28,7.87,ft^3/s,Approved,2025-08-11T16:51:17Z,,af36731baeac4ee5a7a5b5d47e298ee3,06752280,USGS,Boxelder
USGS-06752260,00060,00003,2025-03-29,58.5,ft^3/s,Approved,2025-12-12T17:10:52Z,,272a1fc51e7a4da584101aad9cdd2601,06752260,USGS,Lincoln
USGS-06752280,00060,00003,2025-03-29,39.3,ft^3/s,Approved,2025-08-11T16:51:17Z,,af36731baeac4ee5a7a5b5d47e298ee3,06752280,USGS,Boxelder
USGS-06752260,00060,00003,2025-03-30,8.7,ft^3/s,Approved,2025-12-12T17:10:52Z,,272a1fc51e7a4da584101aad9cdd2601,06752260,USGS,Lincoln
USGS-06752280,00060,00003,2025-03-30,19.6,ft^3/s,Approved,2025-08-11T16:51:17Z,,af36731baeac4ee5a7a5b5d47e298ee3,06752280,USGS,Boxelder
USGS-06752260,00060,00003,2025-03-31,9.75,ft^3/s,Approved,2025-12-12T17:10:52Z,,272a1fc51e7a4da584101aad9cdd2601,06752260,USGS,Lincoln
USGS-06752280,00060,00003,2025-03-31,4.77,ft^3/s,Approved,2025-08-11T16:51:17Z,,af36731baeac4ee5a7a5b5d47e298ee3,06752280,USGS,Boxelder
USGS-06752260,00060,00003,2025-04-01,23.9,ft^3/s,Approved,2025-12-12T17:10:52Z,,272a1fc51e7a4da584101aad9cdd2601,06752260,USGS,Lincoln
USGS-06752280,00060,00003,2025-04-01,3.71,ft^3/s,Approved,2025-08-11T16:51:17Z,,af36731baeac4ee5a7a5b5d47e298ee3,06752280,USGS,Boxelder
USGS-06752260,00060,00003,2025-04-02,23.6,ft^3/s,Approved,2025-12-12T17:10:52Z,,272a1fc51e7a4da584101aad9cdd2601,06752260,USGS,Lincoln
USGS-06752280,00060,00003,2025-04-02,3.2,ft^3/s,Approved,2025-08-11T16:51:17Z,,af36731baeac4ee5a7a5b5d47e298ee3,06752280,USGS,Boxelder
USGS-06752260,00060,00003,2025-04-03,23.5,ft^3/s,Approved,2025-12-12T17:10:52Z,,272a1fc51e7a4da584101aad9cdd2601,06752260,USGS,Lincoln
USGS-06752280,00060,00003,2025-04-03,3.12,ft^3/s,Approved,2025-08-11T16:51:17Z,,af36731baeac4ee5a7a5b5d47e298ee3,06752280,USGS,Boxelder
USGS-06752260,00060,00003,2025-04-04,24.6,ft^3/s,Approved,2025-12-12T17:10:52Z,,272a1fc51e7a4da584101aad9cdd2601,06752260,USGS,Lincoln
USGS-06752280,00060,00003,2025-04-04,3.09,ft^3/s,Approved,2025-08-11T16:51:17Z,,af36731baeac4ee5a7a5b5d47e298ee3,06752280,USGS,Boxelder
USGS-06752260,00060,00003,2025-04-05,24.1,ft^3/s,Approved,2025-12-12T17:10:52Z,,272a1fc51e7a4da584101aad9cdd2601,06752260,USGS,Lincoln
USGS-06752280,00060,00003,2025-04-05,3.24,ft^3/s,Approved,2025-08-11T16:51:17Z,,af36731baeac4ee5a7a5b5d47e298ee3,06752280,USGS,Boxelder
USGS-06752260,00060,00003,2025-04-06,24.3,ft^3/s,Approved,2025-12-12T17:10:52Z,,272a1fc51e7a4da584101aad9cdd2601,06752260,USGS,Lincoln
USGS-06752280,00060,00003,2025-04-06,2.96,ft^3/s,Approved,2025-08-11T16:51:17Z,,af36731baeac4ee5a7a5b5d47e298ee3,06752280,USGS,Boxelder
USGS-06752260,00060,00003,2025-04-07,23.5,ft^3/s,Approved,2025-12-12T17:10:52Z,,272a1fc51e7a4da584101aad9cdd2601,06752260,USGS,Lincoln
USGS-06752280,00060,00003,2025-04-07,2.91,ft^3/s,Approved,2025-08-11T16:51:17Z,,af36731baeac4ee5a7a5b5d47e298ee3,06752280,USGS,Boxelder
USGS-06752260,00060,00003,2025-04-08,22.8,ft^3/s,Approved,2025-12-12T17:10:52Z,,272a1fc51e7a4da584101aad9cdd2601,06752260,USGS,Lincoln
USGS-06752280,00060,00003,2025-04-08,2.87,ft^3/s,Approved,2025-08-11T16:51:17Z,,af36731baeac4ee5a7a5b5d47e298ee3,06752280,USGS,Boxelder
USGS-06752260,00060,00003,2025-04-09,31.6,ft^3/s,Approved,2025-12-12T17:10:52Z,,272a1fc51e7a4da584101aad9cdd2601,06752260,USGS,Lincoln
USGS-06752280,00060,00003,2025-04-09,2.63,ft^3/s,Approved,2025-08-11T16:51:17Z,,af36731baeac4ee5a7a5b5d47e298ee3,06752280,USGS,Boxelder
USGS-06752260,00060,00003,2025-04-10,47,ft^3/s,Approved,2025-12-12T17:10:52Z,,272a1fc51e7a4da584101aad9cdd2601,06752260,USGS,Lincoln
USGS-06752280,00060,00003,2025-04-10,6.72,ft^3/s,Approved,2025-08-11T16:51:17Z,,af36731baeac4ee5a7a5b5d47e298ee3,06752280,USGS,Boxelder
USGS-06752260,00060,00003,2025-04-11,50.7,ft^3/s,Approved,2025-12-12T17:10:52Z,,272a1fc51e7a4da584101aad9cdd2601,06752260,USGS,Lincoln
USGS-06752280,00060,00003,2025-04-11,6.46,ft^3/s,Approved,2025-08-11T16:51:17Z,,af36731baeac4ee5a7a5b5d47e298ee3,06752280,USGS,Boxelder
USGS-06752260,00060,00003,2025-04-12,55.1,ft^3/s,Approved,2025-12-12T17:10:52Z,,272a1fc51e7a4da584101aad9cdd2601,06752260,USGS,Lincoln
USGS-06752280,00060,00003,2025-04-12,10.7,ft^3/s,Approved,2025-08-11T16:51:17Z,,af36731baeac4ee5a7a5b5d47e298ee3,06752280,USGS,Boxelder
USGS-06752260,00060,00003,2025-04-13,68.3,ft^3/s,Approved,2025-12-12T17:10:52Z,,272a1fc51e7a4da584101aad9cdd2601,06752260,USGS,Lincoln
USGS-06752280,00060,00003,2025-04-13,34.8,ft^3/s,Approved,2025-08-11T16:51:17Z,,af36731baeac4ee5a7a5b5d47e298ee3,06752280,USGS,Boxelder
USGS-06752260,00060,00003,2025-04-14,30.8,ft^3/s,Approved,2025-12-12T17:10:52Z,,272a1fc51e7a4da584101aad9cdd2601,06752260,USGS,Lincoln
USGS-06752280,00060,00003,2025-04-14,4.99,ft^3/s,Approved,2025-08-11T16:51:17Z,,af36731baeac4ee5a7a5b5d47e298ee3,06752280,USGS,Boxelder
USGS-06752260,00060,00003,2025-04-15,52.7,ft^3/s,Approved,2025-12-12T17:10:52Z,,272a1fc51e7a4da584101aad9cdd2601,06752260,USGS,Lincoln
USGS-06752280,00060,00003,2025-04-15,18.7,ft^3/s,Approved,2025-08-11T16:51:17Z,,af36731baeac4ee5a7a5b5d47e298ee3,06752280,USGS,Boxelder
USGS-06752260,00060,00003,2025-04-16,52.4,ft^3/s,Approved,2025-12-12T17:10:52Z,,272a1fc51e7a4da584101aad9cdd2601,06752260,USGS,Lincoln
USGS-06752280,00060,00003,2025-04-16,14.3,ft^3/s,Approved,2025-08-11T16:51:17Z,,af36731baeac4ee5a7a5b5d47e298ee3,06752280,USGS,Boxelder
USGS-06752260,00060,00003,2025-04-17,56.5,ft^3/s,Approved,2025-12-12T17:10:52Z,,272a1fc51e7a4da584101aad9cdd2601,06752260,USGS,Lincoln
USGS-06752280,00060,00003,2025-04-17,5.54,ft^3/s,Approved,2025-08-11T16:51:17Z,,af36731baeac4ee5a7a5b5d47e298ee3,06752280,USGS,Boxelder
USGS-06752260,00060,00003,2025-04-18,61.6,ft^3/s,Approved,2025-12-12T17:10:52Z,,272a1fc51e7a4da584101aad9cdd2601,06752260,USGS,Lincoln
USGS-06752280,00060,00003,2025-04-18,9.41,ft^3/s,Approved,2025-08-11T16:51:17Z,,af36731baeac4ee5a7a5b5d47e298ee3,06752280,USGS,Boxelder
USGS-06752260,00060,00003,2025-04-19,58.6,ft^3/s,Approved,2025-12-12T17:10:52Z,,272a1fc51e7a4da584101aad9cdd2601,06752260,USGS,Lincoln
USGS-06752280,00060,00003,2025-04-19,8.66,ft^3/s,Approved,2025-08-11T16:51:17Z,,af36731baeac4ee5a7a5b5d47e298ee3,06752280,USGS,Boxelder
USGS-06752260,00060,00003,2025-04-20,55.6,ft^3/s,Approved,2025-12-12T17:10:52Z,,272a1fc51e7a4da584101aad9cdd2601,06752260,USGS,Lincoln
USGS-06752280,00060,00003,2025-04-20,5.84,ft^3/s,Approved,2025-08-11T16:51:17Z,,af36731baeac4ee5a7a5b5d47e298ee3,06752280,USGS,Boxelder
USGS-06752260,00060,00003,2025-04-21,56.3,ft^3/s,Approved,2025-12-12T17:10:52Z,,272a1fc51e7a4da584101aad9cdd2601,06752260,USGS,Lincoln
USGS-06752280,00060,00003,2025-04-21,5.08,ft^3/s,Approved,2025-08-11T16:51:17Z,,af36731baeac4ee5a7a5b5d47e298ee3,06752280,USGS,Boxelder
USGS-06752260,00060,00003,2025-04-22,58.7,ft^3/s,Approved,2025-12-12T17:10:52Z,,272a1fc51e7a4da584101aad9cdd2601,06752260,USGS,Lincoln
USGS-06752280,00060,00003,2025-04-22,6.09,ft^3/s,Approved,2025-08-11T16:51:17Z,,af36731baeac4ee5a7a5b5d47e298ee3,06752280,USGS,Boxelder
USGS-06752260,00060,00003,2025-04-23,63.3,ft^3/s,Approved,2025-12-12T17:10:52Z,,272a1fc51e7a4da584101aad9cdd2601,06752260,USGS,Lincoln
USGS-06752280,00060,00003,2025-04-23,8.28,ft^3/s,Approved,2025-08-11T16:51:17Z,,af36731baeac4ee5a7a5b5d47e298ee3,06752280,USGS,Boxelder
USGS-06752260,00060,00003,2025-04-24,66.3,ft^3/s,Approved,2025-12-12T17:10:52Z,,272a1fc51e7a4da584101aad9cdd2601,06752260,USGS,Lincoln
USGS-06752280,00060,00003,2025-04-24,12.1,ft^3/s,Approved,2025-08-11T16:51:17Z,,af36731baeac4ee5a7a5b5d47e298ee3,06752280,USGS,Boxelder
USGS-06752260,00060,00003,2025-04-25,76.5,ft^3/s,Approved,2025-12-12T17:10:52Z,,272a1fc51e7a4da584101aad9cdd2601,06752260,USGS,Lincoln
USGS-06752280,00060,00003,2025-04-25,16.8,ft^3/s,Approved,2025-08-11T16:51:17Z,,af36731baeac4ee5a7a5b5d47e298ee3,06752280,USGS,Boxelder
USGS-06752260,00060,00003,2025-04-26,83.4,ft^3/s,Approved,2025-12-12T17:10:52Z,,272a1fc51e7a4da584101aad9cdd2601,06752260,USGS,Lincoln
USGS-06752280,00060,00003,2025-04-26,37.2,ft^3/s,Approved,2025-08-11T16:51:17Z,,af36731baeac4ee5a7a5b5d47e298ee3,06752280,USGS,Boxelder
USGS-06752260,00060,00003,2025-04-27,106,ft^3/s,Approved,2025-12-12T17:10:52Z,,272a1fc51e7a4da584101aad9cdd2601,06752260,USGS,Lincoln
USGS-06752280,00060,00003,2025-04-27,49.1,ft^3/s,Approved,2025-08-11T16:51:17Z,,af36731baeac4ee5a7a5b5d47e298ee3,06752280,USGS,Boxelder
USGS-06752260,00060,00003,2025-04-28,117,ft^3/s,Approved,2025-12-12T17:10:52Z,,272a1fc51e7a4da584101aad9cdd2601,06752260,USGS,Lincoln
USGS-06752280,00060,00003,2025-04-28,75.3,ft^3/s,Approved,2025-08-11T16:51:17Z,,af36731baeac4ee5a7a5b5d47e298ee3,06752280,USGS,Boxelder
USGS-06752260,00060,00003,2025-04-29,119,ft^3/s,Approved,2025-12-12T17:10:52Z,,272a1fc51e7a4da584101aad9cdd2601,06752260,USGS,Lincoln
USGS-06752280,00060,00003,2025-04-29,77.1,ft^3/s,Approved,2025-08-11T16:51:17Z,,af36731baeac4ee5a7a5b5d47e298ee3,06752280,USGS,Boxelder
USGS-06752260,00060,00003,2025-04-30,267,ft^3/s,Approved,2025-12-12T17:10:52Z,,272a1fc51e7a4da584101aad9cdd2601,06752260,USGS,Lincoln
USGS-06752280,00060,00003,2025-04-30,229,ft^3/s,Approved,2025-08-11T16:51:17Z,,af36731baeac4ee5a7a5b5d47e298ee3,06752280,USGS,Boxelder
USGS-06752260,00060,00003,2025-05-01,148,ft^3/s,Approved,2025-12-12T17:10:52Z,,272a1fc51e7a4da584101aad9cdd2601,06752260,USGS,Lincoln
USGS-06752280,00060,00003,2025-05-01,164,ft^3/s,Approved,2026-02-06T22:04:19Z,,af36731baeac4ee5a7a5b5d47e298ee3,06752280,USGS,Boxelder
USGS-06752260,00060,00003,2025-05-02,39.3,ft^3/s,Approved,2025-12-12T17:10:52Z,,272a1fc51e7a4da584101aad9cdd2601,06752260,USGS,Lincoln
USGS-06752280,00060,00003,2025-05-02,14.4,ft^3/s,Approved,2026-02-06T22:04:19Z,,af36731baeac4ee5a7a5b5d47e298ee3,06752280,USGS,Boxelder
USGS-06752260,00060,00003,2025-05-03,138,ft^3/s,Approved,2025-12-12T17:10:52Z,,272a1fc51e7a4da584101aad9cdd2601,06752260,USGS,Lincoln
USGS-06752280,00060,00003,2025-05-03,104,ft^3/s,Approved,2026-02-06T22:04:19Z,,af36731baeac4ee5a7a5b5d47e298ee3,06752280,USGS,Boxelder
USGS-06752260,00060,00003,2025-05-04,331,ft^3/s,Approved,2025-12-12T17:10:52Z,,272a1fc51e7a4da584101aad9cdd2601,06752260,USGS,Lincoln
USGS-06752280,00060,00003,2025-05-04,315,ft^3/s,Approved,2026-02-06T22:04:19Z,,af36731baeac4ee5a7a5b5d47e298ee3,06752280,USGS,Boxelder
USGS-06752260,00060,00003,2025-05-05,455,ft^3/s,Approved,2025-12-12T17:10:52Z,,272a1fc51e7a4da584101aad9cdd2601,06752260,USGS,Lincoln
USGS-06752280,00060,00003,2025-05-05,464,ft^3/s,Approved,2026-02-06T22:04:19Z,,af36731baeac4ee5a7a5b5d47e298ee3,06752280,USGS,Boxelder
USGS-06752260,00060,00003,2025-05-06,270,ft^3/s,Approved,2025-12-12T17:10:52Z,,272a1fc51e7a4da584101aad9cdd2601,06752260,USGS,Lincoln
USGS-06752280,00060,00003,2025-05-06,338,ft^3/s,Approved,2026-02-06T22:04:19Z,,af36731baeac4ee5a7a5b5d47e298ee3,06752280,USGS,Boxelder
USGS-06752260,00060,00003,2025-05-07,10.3,ft^3/s,Approved,2025-12-12T17:10:52Z,,272a1fc51e7a4da584101aad9cdd2601,06752260,USGS,Lincoln
USGS-06752280,00060,00003,2025-05-07,36.1,ft^3/s,Approved,2026-02-06T22:04:19Z,,af36731baeac4ee5a7a5b5d47e298ee3,06752280,USGS,Boxelder
USGS-06752260,00060,00003,2025-05-08,7.04,ft^3/s,Approved,2025-12-12T17:10:52Z,,272a1fc51e7a4da584101aad9cdd2601,06752260,USGS,Lincoln
USGS-06752280,00060,00003,2025-05-08,12.3,ft^3/s,Approved,2026-02-06T22:04:19Z,,af36731baeac4ee5a7a5b5d47e298ee3,06752280,USGS,Boxelder
USGS-06752260,00060,00003,2025-05-09,7.1,ft^3/s,Approved,2025-12-12T17:10:52Z,,272a1fc51e7a4da584101aad9cdd2601,06752260,USGS,Lincoln
USGS-06752280,00060,00003,2025-05-09,5.32,ft^3/s,Approved,2026-02-06T22:04:19Z,,af36731baeac4ee5a7a5b5d47e298ee3,06752280,USGS,Boxelder
USGS-06752260,00060,00003,2025-05-10,14.3,ft^3/s,Approved,2025-12-12T17:10:52Z,,272a1fc51e7a4da584101aad9cdd2601,06752260,USGS,Lincoln
USGS-06752280,00060,00003,2025-05-10,4.81,ft^3/s,Approved,2026-02-06T22:04:19Z,,af36731baeac4ee5a7a5b5d47e298ee3,06752280,USGS,Boxelder
USGS-06752260,00060,00003,2025-05-11,60.5,ft^3/s,Approved,2025-12-12T17:10:52Z,,272a1fc51e7a4da584101aad9cdd2601,06752260,USGS,Lincoln
USGS-06752280,00060,00003,2025-05-11,33.1,ft^3/s,Approved,2026-02-06T22:04:19Z,,af36731baeac4ee5a7a5b5d47e298ee3,06752280,USGS,Boxelder
USGS-06752260,00060,00003,2025-05-12,196,ft^3/s,Approved,2025-12-12T17:10:52Z,,272a1fc51e7a4da584101aad9cdd2601,06752260,USGS,Lincoln
USGS-06752280,00060,00003,2025-05-12,160,ft^3/s,Approved,2026-02-06T22:04:19Z,,af36731baeac4ee5a7a5b5d47e298ee3,06752280,USGS,Boxelder
USGS-06752260,00060,00003,2025-05-13,374,ft^3/s,Approved,2025-12-12T17:10:52Z,,272a1fc51e7a4da584101aad9cdd2601,06752260,USGS,Lincoln
USGS-06752280,00060,00003,2025-05-13,379,ft^3/s,Approved,2026-02-06T22:04:19Z,,af36731baeac4ee5a7a5b5d47e298ee3,06752280,USGS,Boxelder
USGS-06752260,00060,00003,2025-05-14,335,ft^3/s,Approved,2025-12-12T17:10:52Z,,272a1fc51e7a4da584101aad9cdd2601,06752260,USGS,Lincoln
USGS-06752280,00060,00003,2025-05-14,354,ft^3/s,Approved,2026-02-06T22:04:19Z,,af36731baeac4ee5a7a5b5d47e298ee3,06752280,USGS,Boxelder
USGS-06752260,00060,00003,2025-05-15,133,ft^3/s,Approved,2025-12-12T17:10:52Z,,272a1fc51e7a4da584101aad9cdd2601,06752260,USGS,Lincoln
USGS-06752280,00060,00003,2025-05-15,162,ft^3/s,Approved,2026-02-06T22:04:19Z,,af36731baeac4ee5a7a5b5d47e298ee3,06752280,USGS,Boxelder
USGS-06752260,00060,00003,2025-05-16,16.7,ft^3/s,Approved,2025-12-12T17:10:52Z,,272a1fc51e7a4da584101aad9cdd2601,06752260,USGS,Lincoln
USGS-06752280,00060,00003,2025-05-16,26.9,ft^3/s,Approved,2026-02-06T22:04:19Z,,af36731baeac4ee5a7a5b5d47e298ee3,06752280,USGS,Boxelder
USGS-06752260,00060,00003,2025-05-17,2.07,ft^3/s,Approved,2025-12-12T17:10:52Z,,272a1fc51e7a4da584101aad9cdd2601,06752260,USGS,Lincoln
USGS-06752280,00060,00003,2025-05-17,8.5,ft^3/s,Approved,2026-02-06T22:04:19Z,,af36731baeac4ee5a7a5b5d47e298ee3,06752280,USGS,Boxelder
USGS-06752260,00060,00003,2025-05-18,8.13,ft^3/s,Approved,2025-12-12T17:10:52Z,,272a1fc51e7a4da584101aad9cdd2601,06752260,USGS,Lincoln
USGS-06752280,00060,00003,2025-05-18,10.8,ft^3/s,Approved,2026-02-06T22:04:19Z,,af36731baeac4ee5a7a5b5d47e298ee3,06752280,USGS,Boxelder
USGS-06752260,00060,00003,2025-05-19,27.9,ft^3/s,Approved,2025-12-12T17:10:52Z,,272a1fc51e7a4da584101aad9cdd2601,06752260,USGS,Lincoln
USGS-06752280,00060,00003,2025-05-19,25,ft^3/s,Approved,2026-02-06T22:04:19Z,,af36731baeac4ee5a7a5b5d47e298ee3,06752280,USGS,Boxelder
USGS-06752260,00060,00003,2025-05-20,29.2,ft^3/s,Approved,2025-12-12T17:10:52Z,,272a1fc51e7a4da584101aad9cdd2601,06752260,USGS,Lincoln
USGS-06752280,00060,00003,2025-05-20,33.2,ft^3/s,Approved,2026-02-06T22:04:19Z,,af36731baeac4ee5a7a5b5d47e298ee3,06752280,USGS,Boxelder
USGS-06752260,00060,00003,2025-05-21,19.6,ft^3/s,Approved,2025-12-12T17:10:52Z,,272a1fc51e7a4da584101aad9cdd2601,06752260,USGS,Lincoln
USGS-06752280,00060,00003,2025-05-21,17.2,ft^3/s,Approved,2026-02-06T22:04:19Z,,af36731baeac4ee5a7a5b5d47e298ee3,06752280,USGS,Boxelder
USGS-06752260,00060,00003,2025-05-22,43.7,ft^3/s,Approved,2025-12-12T17:10:52Z,,272a1fc51e7a4da584101aad9cdd2601,06752260,USGS,Lincoln
USGS-06752280,00060,00003,2025-05-22,42.8,ft^3/s,Approved,2026-02-06T22:04:19Z,,af36731baeac4ee5a7a5b5d47e298ee3,06752280,USGS,Boxelder
USGS-06752260,00060,00003,2025-05-23,102,ft^3/s,Approved,2025-12-12T17:10:52Z,,272a1fc51e7a4da584101aad9cdd2601,06752260,USGS,Lincoln
USGS-06752280,00060,00003,2025-05-23,77.4,ft^3/s,Approved,2026-02-06T22:04:19Z,,af36731baeac4ee5a7a5b5d47e298ee3,06752280,USGS,Boxelder
USGS-06752260,00060,00003,2025-05-24,319,ft^3/s,Approved,2025-12-12T17:10:52Z,,272a1fc51e7a4da584101aad9cdd2601,06752260,USGS,Lincoln
USGS-06752280,00060,00003,2025-05-24,316,ft^3/s,Approved,2026-02-06T22:04:19Z,,af36731baeac4ee5a7a5b5d47e298ee3,06752280,USGS,Boxelder
USGS-06752260,00060,00003,2025-05-25,330,ft^3/s,Approved,2025-12-12T17:10:52Z,,272a1fc51e7a4da584101aad9cdd2601,06752260,USGS,Lincoln
USGS-06752280,00060,00003,2025-05-25,337,ft^3/s,Approved,2026-02-06T22:04:19Z,,af36731baeac4ee5a7a5b5d47e298ee3,06752280,USGS,Boxelder
USGS-06752260,00060,00003,2025-05-26,287,ft^3/s,Approved,2025-12-12T17:10:52Z,,272a1fc51e7a4da584101aad9cdd2601,06752260,USGS,Lincoln
USGS-06752280,00060,00003,2025-05-26,313,ft^3/s,Approved,2026-02-06T22:04:19Z,,af36731baeac4ee5a7a5b5d47e298ee3,06752280,USGS,Boxelder
USGS-06752260,00060,00003,2025-05-27,44.8,ft^3/s,Approved,2025-12-12T17:10:52Z,,272a1fc51e7a4da584101aad9cdd2601,06752260,USGS,Lincoln
USGS-06752280,00060,00003,2025-05-27,57,ft^3/s,Approved,2026-02-06T22:04:19Z,,af36731baeac4ee5a7a5b5d47e298ee3,06752280,USGS,Boxelder
USGS-06752260,00060,00003,2025-05-28,112,ft^3/s,Approved,2025-12-12T17:10:52Z,,272a1fc51e7a4da584101aad9cdd2601,06752260,USGS,Lincoln
USGS-06752280,00060,00003,2025-05-28,81.9,ft^3/s,Approved,2026-02-06T22:04:19Z,,af36731baeac4ee5a7a5b5d47e298ee3,06752280,USGS,Boxelder
USGS-06752260,00060,00003,2025-05-29,259,ft^3/s,Approved,2025-12-12T17:10:52Z,,272a1fc51e7a4da584101aad9cdd2601,06752260,USGS,Lincoln
USGS-06752280,00060,00003,2025-05-29,231,ft^3/s,Approved,2026-02-06T22:04:19Z,,af36731baeac4ee5a7a5b5d47e298ee3,06752280,USGS,Boxelder
USGS-06752260,00060,00003,2025-05-30,149,ft^3/s,Approved,2025-12-12T17:10:52Z,,272a1fc51e7a4da584101aad9cdd2601,06752260,USGS,Lincoln
USGS-06752280,00060,00003,2025-05-30,139,ft^3/s,Approved,2026-02-06T22:04:19Z,,af36731baeac4ee5a7a5b5d47e298ee3,06752280,USGS,Boxelder
USGS-06752260,00060,00003,2025-05-31,240,ft^3/s,Approved,2025-12-12T17:10:52Z,,272a1fc51e7a4da584101aad9cdd2601,06752260,USGS,Lincoln
USGS-06752280,00060,00003,2025-05-31,198,ft^3/s,Approved,2026-02-06T22:04:19Z,,af36731baeac4ee5a7a5b5d47e298ee3,06752280,USGS,Boxelder
USGS-06752260,00060,00003,2025-06-01,342,ft^3/s,Approved,2025-12-12T17:10:52Z,,272a1fc51e7a4da584101aad9cdd2601,06752260,USGS,Lincoln
USGS-06752280,00060,00003,2025-06-01,311,ft^3/s,Approved,2026-02-06T22:04:19Z,,af36731baeac4ee5a7a5b5d47e298ee3,06752280,USGS,Boxelder
USGS-06752260,00060,00003,2025-06-02,273,ft^3/s,Approved,2025-12-12T17:10:52Z,,272a1fc51e7a4da584101aad9cdd2601,06752260,USGS,Lincoln
USGS-06752280,00060,00003,2025-06-02,237,ft^3/s,Approved,2026-02-06T22:04:19Z,,af36731baeac4ee5a7a5b5d47e298ee3,06752280,USGS,Boxelder
USGS-06752260,00060,00003,2025-06-03,785,ft^3/s,Approved,2025-12-12T17:10:52Z,,272a1fc51e7a4da584101aad9cdd2601,06752260,USGS,Lincoln
USGS-06752280,00060,00003,2025-06-03,742,ft^3/s,Approved,2026-02-06T22:04:19Z,,af36731baeac4ee5a7a5b5d47e298ee3,06752280,USGS,Boxelder
USGS-06752260,00060,00003,2025-06-04,744,ft^3/s,Approved,2025-12-12T17:10:52Z,,272a1fc51e7a4da584101aad9cdd2601,06752260,USGS,Lincoln
USGS-06752280,00060,00003,2025-06-04,784,ft^3/s,Approved,2026-02-06T22:04:19Z,,af36731baeac4ee5a7a5b5d47e298ee3,06752280,USGS,Boxelder
USGS-06752260,00060,00003,2025-06-05,487,ft^3/s,Approved,2025-12-12T17:10:52Z,,272a1fc51e7a4da584101aad9cdd2601,06752260,USGS,Lincoln
USGS-06752280,00060,00003,2025-06-05,479,ft^3/s,Approved,2026-02-06T22:04:19Z,,af36731baeac4ee5a7a5b5d47e298ee3,06752280,USGS,Boxelder
USGS-06752260,00060,00003,2025-06-06,515,ft^3/s,Approved,2025-12-12T17:10:52Z,,272a1fc51e7a4da584101aad9cdd2601,06752260,USGS,Lincoln
USGS-06752280,00060,00003,2025-06-06,527,ft^3/s,Approved,2026-02-06T22:04:19Z,,af36731baeac4ee5a7a5b5d47e298ee3,06752280,USGS,Boxelder
USGS-06752260,00060,00003,2025-06-07,467,ft^3/s,Approved,2025-12-12T17:10:52Z,,272a1fc51e7a4da584101aad9cdd2601,06752260,USGS,Lincoln
USGS-06752280,00060,00003,2025-06-07,487,ft^3/s,Approved,2026-02-06T22:04:19Z,,af36731baeac4ee5a7a5b5d47e298ee3,06752280,USGS,Boxelder
USGS-06752260,00060,00003,2025-06-08,414,ft^3/s,Approved,2025-12-12T17:10:52Z,,272a1fc51e7a4da584101aad9cdd2601,06752260,USGS,Lincoln
USGS-06752280,00060,00003,2025-06-08,377,ft^3/s,Approved,2026-02-06T22:04:19Z,,af36731baeac4ee5a7a5b5d47e298ee3,06752280,USGS,Boxelder
USGS-06752260,00060,00003,2025-06-09,311,ft^3/s,Approved,2025-12-12T17:10:52Z,,272a1fc51e7a4da584101aad9cdd2601,06752260,USGS,Lincoln
USGS-06752280,00060,00003,2025-06-09,282,ft^3/s,Approved,2026-02-06T22:04:19Z,,af36731baeac4ee5a7a5b5d47e298ee3,06752280,USGS,Boxelder
USGS-06752260,00060,00003,2025-06-10,270,ft^3/s,Approved,2025-12-12T17:10:52Z,,272a1fc51e7a4da584101aad9cdd2601,06752260,USGS,Lincoln
USGS-06752280,00060,00003,2025-06-10,235,ft^3/s,Approved,2026-02-06T22:04:19Z,,af36731baeac4ee5a7a5b5d47e298ee3,06752280,USGS,Boxelder
USGS-06752260,00060,00003,2025-06-11,387,ft^3/s,Approved,2025-12-12T17:10:52Z,,272a1fc51e7a4da584101aad9cdd2601,06752260,USGS,Lincoln
USGS-06752280,00060,00003,2025-06-11,330,ft^3/s,Approved,2026-02-06T22:04:19Z,,af36731baeac4ee5a7a5b5d47e298ee3,06752280,USGS,Boxelder
USGS-06752260,00060,00003,2025-06-12,422,ft^3/s,Approved,2025-12-12T17:10:52Z,,272a1fc51e7a4da584101aad9cdd2601,06752260,USGS,Lincoln
USGS-06752280,00060,00003,2025-06-12,359,ft^3/s,Approved,2026-02-06T22:04:19Z,,af36731baeac4ee5a7a5b5d47e298ee3,06752280,USGS,Boxelder
USGS-06752260,00060,00003,2025-06-13,427,ft^3/s,Approved,2025-12-12T17:10:52Z,,272a1fc51e7a4da584101aad9cdd2601,06752260,USGS,Lincoln
USGS-06752280,00060,00003,2025-06-13,398,ft^3/s,Approved,2026-02-06T22:04:19Z,,af36731baeac4ee5a7a5b5d47e298ee3,06752280,USGS,Boxelder
USGS-06752260,00060,00003,2025-06-14,414,ft^3/s,Approved,2025-12-12T17:10:52Z,,272a1fc51e7a4da584101aad9cdd2601,06752260,USGS,Lincoln
USGS-06752280,00060,00003,2025-06-14,392,ft^3/s,Approved,2026-02-06T22:04:19Z,,af36731baeac4ee5a7a5b5d47e298ee3,06752280,USGS,Boxelder
USGS-06752260,00060,00003,2025-06-15,421,ft^3/s,Approved,2025-12-12T17:10:52Z,,272a1fc51e7a4da584101aad9cdd2601,06752260,USGS,Lincoln
USGS-06752280,00060,00003,2025-06-15,412,ft^3/s,Approved,2026-02-06T22:04:19Z,,af36731baeac4ee5a7a5b5d47e298ee3,06752280,USGS,Boxelder
USGS-06752260,00060,00003,2025-06-16,184,ft^3/s,Approved,2025-12-12T17:10:52Z,,272a1fc51e7a4da584101aad9cdd2601,06752260,USGS,Lincoln
USGS-06752280,00060,00003,2025-06-16,201,ft^3/s,Approved,2026-02-06T22:04:19Z,,af36731baeac4ee5a7a5b5d47e298ee3,06752280,USGS,Boxelder
USGS-06752260,00060,00003,2025-06-17,248,ft^3/s,Approved,2025-12-12T17:10:52Z,,272a1fc51e7a4da584101aad9cdd2601,06752260,USGS,Lincoln
USGS-06752280,00060,00003,2025-06-17,230,ft^3/s,Approved,2026-02-06T22:04:19Z,,af36731baeac4ee5a7a5b5d47e298ee3,06752280,USGS,Boxelder
USGS-06752260,00060,00003,2025-06-18,280,ft^3/s,Approved,2025-12-12T17:10:52Z,,272a1fc51e7a4da584101aad9cdd2601,06752260,USGS,Lincoln
USGS-06752280,00060,00003,2025-06-18,280,ft^3/s,Approved,2026-02-06T22:04:19Z,,af36731baeac4ee5a7a5b5d47e298ee3,06752280,USGS,Boxelder
USGS-06752260,00060,00003,2025-06-19,243,ft^3/s,Approved,2025-12-12T17:10:52Z,,272a1fc51e7a4da584101aad9cdd2601,06752260,USGS,Lincoln
USGS-06752280,00060,00003,2025-06-19,247,ft^3/s,Approved,2026-02-06T22:04:19Z,,af36731baeac4ee5a7a5b5d47e298ee3,06752280,USGS,Boxelder
USGS-06752260,00060,00003,2025-06-20,169,ft^3/s,Approved,2025-12-12T17:10:52Z,,272a1fc51e7a4da584101aad9cdd2601,06752260,USGS,Lincoln
USGS-06752280,00060,00003,2025-06-20,177,ft^3/s,Approved,2026-02-06T22:04:19Z,,af36731baeac4ee5a7a5b5d47e298ee3,06752280,USGS,Boxelder
USGS-06752260,00060,00003,2025-06-21,207,ft^3/s,Approved,2025-12-12T17:10:52Z,,272a1fc51e7a4da584101aad9cdd2601,06752260,USGS,Lincoln
USGS-06752280,00060,00003,2025-06-21,209,ft^3/s,Approved,2026-02-06T22:04:19Z,,af36731baeac4ee5a7a5b5d47e298ee3,06752280,USGS,Boxelder
USGS-06752260,00060,00003,2025-06-22,256,ft^3/s,Approved,2025-12-12T17:10:52Z,,272a1fc51e7a4da584101aad9cdd2601,06752260,USGS,Lincoln
USGS-06752280,00060,00003,2025-06-22,247,ft^3/s,Approved,2026-02-06T22:04:19Z,,af36731baeac4ee5a7a5b5d47e298ee3,06752280,USGS,Boxelder
USGS-06752260,00060,00003,2025-06-23,232,ft^3/s,Approved,2025-12-12T17:10:52Z,,272a1fc51e7a4da584101aad9cdd2601,06752260,USGS,Lincoln
USGS-06752280,00060,00003,2025-06-23,233,ft^3/s,Approved,2026-02-06T22:04:19Z,,af36731baeac4ee5a7a5b5d47e298ee3,06752280,USGS,Boxelder
USGS-06752260,00060,00003,2025-06-24,238,ft^3/s,Approved,2025-12-12T17:10:52Z,,272a1fc51e7a4da584101aad9cdd2601,06752260,USGS,Lincoln
USGS-06752280,00060,00003,2025-06-24,232,ft^3/s,Approved,2026-02-06T22:04:19Z,,af36731baeac4ee5a7a5b5d47e298ee3,06752280,USGS,Boxelder
USGS-06752260,00060,00003,2025-06-25,211,ft^3/s,Approved,2025-12-12T17:10:52Z,,272a1fc51e7a4da584101aad9cdd2601,06752260,USGS,Lincoln
USGS-06752280,00060,00003,2025-06-25,225,ft^3/s,Approved,2026-02-06T22:04:19Z,,af36731baeac4ee5a7a5b5d47e298ee3,06752280,USGS,Boxelder
USGS-06752260,00060,00003,2025-06-26,164,ft^3/s,Approved,2025-12-12T17:10:52Z,,272a1fc51e7a4da584101aad9cdd2601,06752260,USGS,Lincoln
USGS-06752280,00060,00003,2025-06-26,165,ft^3/s,Approved,2026-02-06T22:04:19Z,,af36731baeac4ee5a7a5b5d47e298ee3,06752280,USGS,Boxelder
USGS-06752260,00060,00003,2025-06-27,166,ft^3/s,Approved,2025-12-12T17:10:52Z,,272a1fc51e7a4da584101aad9cdd2601,06752260,USGS,Lincoln
USGS-06752280,00060,00003,2025-06-27,172,ft^3/s,Approved,2026-02-06T22:04:19Z,,af36731baeac4ee5a7a5b5d47e298ee3,06752280,USGS,Boxelder
USGS-06752260,00060,00003,2025-06-28,129,ft^3/s,Approved,2025-12-12T17:10:52Z,,272a1fc51e7a4da584101aad9cdd2601,06752260,USGS,Lincoln
USGS-06752280,00060,00003,2025-06-28,135,ft^3/s,Approved,2026-02-06T22:04:19Z,,af36731baeac4ee5a7a5b5d47e298ee3,06752280,USGS,Boxelder
USGS-06752260,00060,00003,2025-06-29,145,ft^3/s,Approved,2025-12-12T17:10:52Z,,272a1fc51e7a4da584101aad9cdd2601,06752260,USGS,Lincoln
USGS-06752280,00060,00003,2025-06-29,142,ft^3/s,Approved,2026-02-06T22:04:19Z,,af36731baeac4ee5a7a5b5d47e298ee3,06752280,USGS,Boxelder
USGS-06752260,00060,00003,2025-06-30,187,ft^3/s,Approved,2025-12-12T17:10:52Z,,272a1fc51e7a4da584101aad9cdd2601,06752260,USGS,Lincoln
USGS-06752280,00060,00003,2025-06-30,186,ft^3/s,Approved,2026-02-06T22:04:19Z,,af36731baeac4ee5a7a5b5d47e298ee3,06752280,USGS,Boxelder
USGS-06752260,00060,00003,2025-07-01,176,ft^3/s,Approved,2025-12-12T17:10:52Z,,272a1fc51e7a4da584101aad9cdd2601,06752260,USGS,Lincoln
USGS-06752280,00060,00003,2025-07-01,180,ft^3/s,Approved,2026-02-06T22:04:19Z,,af36731baeac4ee5a7a5b5d47e298ee3,06752280,USGS,Boxelder
USGS-06752260,00060,00003,2025-07-02,195,ft^3/s,Approved,2025-12-12T17:10:52Z,,272a1fc51e7a4da584101aad9cdd2601,06752260,USGS,Lincoln
USGS-06752280,00060,00003,2025-07-02,183,ft^3/s,Approved,2026-02-06T22:04:19Z,,af36731baeac4ee5a7a5b5d47e298ee3,06752280,USGS,Boxelder
USGS-06752260,00060,00003,2025-07-03,225,ft^3/s,Approved,2025-12-12T17:10:52Z,,272a1fc51e7a4da584101aad9cdd2601,06752260,USGS,Lincoln
USGS-06752280,00060,00003,2025-07-03,218,ft^3/s,Approved,2026-02-06T22:04:19Z,,af36731baeac4ee5a7a5b5d47e298ee3,06752280,USGS,Boxelder
USGS-06752260,00060,00003,2025-07-04,222,ft^3/s,Approved,2025-12-12T17:10:52Z,,272a1fc51e7a4da584101aad9cdd2601,06752260,USGS,Lincoln
USGS-06752280,00060,00003,2025-07-04,213,ft^3/s,Approved,2026-02-06T22:04:19Z,,af36731baeac4ee5a7a5b5d47e298ee3,06752280,USGS,Boxelder
USGS-06752260,00060,00003,2025-07-05,174,ft^3/s,Approved,2025-12-12T17:10:52Z,,272a1fc51e7a4da584101aad9cdd2601,06752260,USGS,Lincoln
USGS-06752280,00060,00003,2025-07-05,174,ft^3/s,Approved,2026-02-06T22:04:19Z,,af36731baeac4ee5a7a5b5d47e298ee3,06752280,USGS,Boxelder
USGS-06752260,00060,00003,2025-07-06,176,ft^3/s,Approved,2025-12-12T17:10:52Z,,272a1fc51e7a4da584101aad9cdd2601,06752260,USGS,Lincoln
USGS-06752280,00060,00003,2025-07-06,172,ft^3/s,Approved,2026-02-06T22:04:19Z,,af36731baeac4ee5a7a5b5d47e298ee3,06752280,USGS,Boxelder
USGS-06752260,00060,00003,2025-07-07,144,ft^3/s,Approved,2025-12-12T17:10:52Z,,272a1fc51e7a4da584101aad9cdd2601,06752260,USGS,Lincoln
USGS-06752280,00060,00003,2025-07-07,143,ft^3/s,Approved,2026-02-06T22:04:19Z,,af36731baeac4ee5a7a5b5d47e298ee3,06752280,USGS,Boxelder
USGS-06752260,00060,00003,2025-07-08,99.6,ft^3/s,Approved,2025-12-12T17:10:52Z,,272a1fc51e7a4da584101aad9cdd2601,06752260,USGS,Lincoln
USGS-06752280,00060,00003,2025-07-08,105,ft^3/s,Approved,2026-02-06T22:04:19Z,,af36731baeac4ee5a7a5b5d47e298ee3,06752280,USGS,Boxelder
USGS-06752260,00060,00003,2025-07-09,59.8,ft^3/s,Approved,2025-12-12T17:10:52Z,,272a1fc51e7a4da584101aad9cdd2601,06752260,USGS,Lincoln
USGS-06752280,00060,00003,2025-07-09,63.2,ft^3/s,Approved,2026-02-06T22:04:19Z,,af36731baeac4ee5a7a5b5d47e298ee3,06752280,USGS,Boxelder
USGS-06752260,00060,00003,2025-07-10,42.1,ft^3/s,Approved,2025-12-12T17:10:52Z,,272a1fc51e7a4da584101aad9cdd2601,06752260,USGS,Lincoln
USGS-06752280,00060,00003,2025-07-10,38.8,ft^3/s,Approved,2026-02-06T22:04:19Z,,af36731baeac4ee5a7a5b5d47e298ee3,06752280,USGS,Boxelder
USGS-06752260,00060,00003,2025-07-11,63.2,ft^3/s,Approved,2025-12-12T17:10:52Z,,272a1fc51e7a4da584101aad9cdd2601,06752260,USGS,Lincoln
USGS-06752280,00060,00003,2025-07-11,56.5,ft^3/s,Approved,2026-02-06T22:04:19Z,,af36731baeac4ee5a7a5b5d47e298ee3,06752280,USGS,Boxelder
USGS-06752260,00060,00003,2025-07-12,78.8,ft^3/s,Approved,2025-12-12T17:10:52Z,,272a1fc51e7a4da584101aad9cdd2601,06752260,USGS,Lincoln
USGS-06752280,00060,00003,2025-07-12,75.1,ft^3/s,Approved,2026-02-06T22:04:19Z,,af36731baeac4ee5a7a5b5d47e298ee3,06752280,USGS,Boxelder
USGS-06752260,00060,00003,2025-07-13,73.2,ft^3/s,Approved,2025-12-12T17:10:52Z,,272a1fc51e7a4da584101aad9cdd2601,06752260,USGS,Lincoln
USGS-06752280,00060,00003,2025-07-13,70.3,ft^3/s,Approved,2026-02-06T22:04:19Z,,af36731baeac4ee5a7a5b5d47e298ee3,06752280,USGS,Boxelder
USGS-06752260,00060,00003,2025-07-14,72.2,ft^3/s,Approved,2025-12-12T17:10:52Z,,272a1fc51e7a4da584101aad9cdd2601,06752260,USGS,Lincoln
USGS-06752280,00060,00003,2025-07-14,67.4,ft^3/s,Approved,2026-02-06T22:04:19Z,,af36731baeac4ee5a7a5b5d47e298ee3,06752280,USGS,Boxelder
USGS-06752260,00060,00003,2025-07-15,39.3,ft^3/s,Approved,2025-12-12T17:10:52Z,,272a1fc51e7a4da584101aad9cdd2601,06752260,USGS,Lincoln
USGS-06752280,00060,00003,2025-07-15,39,ft^3/s,Approved,2026-02-06T22:04:19Z,,af36731baeac4ee5a7a5b5d47e298ee3,06752280,USGS,Boxelder
USGS-06752260,00060,00003,2025-07-16,19.5,ft^3/s,Approved,2025-12-12T17:10:52Z,,272a1fc51e7a4da584101aad9cdd2601,06752260,USGS,Lincoln
USGS-06752280,00060,00003,2025-07-16,12.2,ft^3/s,Approved,2026-02-06T22:04:19Z,,af36731baeac4ee5a7a5b5d47e298ee3,06752280,USGS,Boxelder
USGS-06752260,00060,00003,2025-07-17,47.8,ft^3/s,Approved,2025-12-12T17:10:52Z,,272a1fc51e7a4da584101aad9cdd2601,06752260,USGS,Lincoln
USGS-06752280,00060,00003,2025-07-17,35.5,ft^3/s,Approved,2026-02-06T22:04:19Z,,af36731baeac4ee5a7a5b5d47e298ee3,06752280,USGS,Boxelder
USGS-06752260,00060,00003,2025-07-18,68.6,ft^3/s,Approved,2025-12-12T17:10:52Z,,272a1fc51e7a4da584101aad9cdd2601,06752260,USGS,Lincoln
USGS-06752280,00060,00003,2025-07-18,56,ft^3/s,Approved,2026-02-06T22:04:19Z,,af36731baeac4ee5a7a5b5d47e298ee3,06752280,USGS,Boxelder
USGS-06752260,00060,00003,2025-07-19,81.1,ft^3/s,Approved,2025-12-12T17:10:52Z,,272a1fc51e7a4da584101aad9cdd2601,06752260,USGS,Lincoln
USGS-06752280,00060,00003,2025-07-19,73.2,ft^3/s,Approved,2026-02-06T22:04:19Z,,af36731baeac4ee5a7a5b5d47e298ee3,06752280,USGS,Boxelder
USGS-06752260,00060,00003,2025-07-20,71.4,ft^3/s,Approved,2025-12-12T17:10:52Z,,272a1fc51e7a4da584101aad9cdd2601,06752260,USGS,Lincoln
USGS-06752280,00060,00003,2025-07-20,62.8,ft^3/s,Approved,2026-02-06T22:04:19Z,,af36731baeac4ee5a7a5b5d47e298ee3,06752280,USGS,Boxelder
USGS-06752260,00060,00003,2025-07-21,55.8,ft^3/s,Approved,2025-12-12T17:10:52Z,,272a1fc51e7a4da584101aad9cdd2601,06752260,USGS,Lincoln
USGS-06752280,00060,00003,2025-07-21,45,ft^3/s,Approved,2026-02-06T22:04:19Z,,af36731baeac4ee5a7a5b5d47e298ee3,06752280,USGS,Boxelder
USGS-06752260,00060,00003,2025-07-22,73.1,ft^3/s,Approved,2025-12-12T17:10:52Z,,272a1fc51e7a4da584101aad9cdd2601,06752260,USGS,Lincoln
USGS-06752280,00060,00003,2025-07-22,62,ft^3/s,Approved,2026-02-06T22:04:19Z,,af36731baeac4ee5a7a5b5d47e298ee3,06752280,USGS,Boxelder
USGS-06752260,00060,00003,2025-07-23,67.9,ft^3/s,Approved,2025-12-12T17:10:52Z,,272a1fc51e7a4da584101aad9cdd2601,06752260,USGS,Lincoln
USGS-06752280,00060,00003,2025-07-23,70.7,ft^3/s,Approved,2026-02-06T22:04:19Z,,af36731baeac4ee5a7a5b5d47e298ee3,06752280,USGS,Boxelder
USGS-06752260,00060,00003,2025-07-24,68.5,ft^3/s,Approved,2025-12-12T17:10:52Z,,272a1fc51e7a4da584101aad9cdd2601,06752260,USGS,Lincoln
USGS-06752280,00060,00003,2025-07-24,61.2,ft^3/s,Approved,2026-02-11T15:59:11Z,,af36731baeac4ee5a7a5b5d47e298ee3,06752280,USGS,Boxelder
USGS-06752260,00060,00003,2025-07-25,60.3,ft^3/s,Approved,2025-12-12T17:10:52Z,,272a1fc51e7a4da584101aad9cdd2601,06752260,USGS,Lincoln
USGS-06752280,00060,00003,2025-07-25,54.9,ft^3/s,Approved,2026-02-11T15:59:11Z,,af36731baeac4ee5a7a5b5d47e298ee3,06752280,USGS,Boxelder
USGS-06752260,00060,00003,2025-07-26,43.9,ft^3/s,Approved,2025-12-12T17:10:52Z,,272a1fc51e7a4da584101aad9cdd2601,06752260,USGS,Lincoln
USGS-06752280,00060,00003,2025-07-26,34,ft^3/s,Approved,2026-02-11T15:59:11Z,,af36731baeac4ee5a7a5b5d47e298ee3,06752280,USGS,Boxelder
USGS-06752260,00060,00003,2025-07-27,55.1,ft^3/s,Approved,2025-12-12T17:10:52Z,,272a1fc51e7a4da584101aad9cdd2601,06752260,USGS,Lincoln
USGS-06752280,00060,00003,2025-07-27,42.1,ft^3/s,Approved,2026-02-11T15:59:11Z,,af36731baeac4ee5a7a5b5d47e298ee3,06752280,USGS,Boxelder
USGS-06752260,00060,00003,2025-07-28,60.5,ft^3/s,Approved,2025-12-12T17:10:52Z,,272a1fc51e7a4da584101aad9cdd2601,06752260,USGS,Lincoln
USGS-06752280,00060,00003,2025-07-28,51.1,ft^3/s,Approved,2026-02-11T15:59:11Z,,af36731baeac4ee5a7a5b5d47e298ee3,06752280,USGS,Boxelder
USGS-06752260,00060,00003,2025-07-29,57.7,ft^3/s,Approved,2025-12-12T17:10:52Z,,272a1fc51e7a4da584101aad9cdd2601,06752260,USGS,Lincoln
USGS-06752280,00060,00003,2025-07-29,45.7,ft^3/s,Approved,2026-02-11T15:59:11Z,,af36731baeac4ee5a7a5b5d47e298ee3,06752280,USGS,Boxelder
USGS-06752260,00060,00003,2025-07-30,60.2,ft^3/s,Approved,2025-12-12T17:10:52Z,,272a1fc51e7a4da584101aad9cdd2601,06752260,USGS,Lincoln
USGS-06752280,00060,00003,2025-07-30,54.3,ft^3/s,Approved,2026-02-11T15:59:11Z,,af36731baeac4ee5a7a5b5d47e298ee3,06752280,USGS,Boxelder
USGS-06752260,00060,00003,2025-07-31,70.3,ft^3/s,Approved,2025-12-12T17:10:52Z,,272a1fc51e7a4da584101aad9cdd2601,06752260,USGS,Lincoln
USGS-06752280,00060,00003,2025-07-31,54.3,ft^3/s,Approved,2026-02-11T15:59:11Z,,af36731baeac4ee5a7a5b5d47e298ee3,06752280,USGS,Boxelder
USGS-06752260,00060,00003,2025-08-01,67.7,ft^3/s,Approved,2025-12-12T17:10:52Z,,272a1fc51e7a4da584101aad9cdd2601,06752260,USGS,Lincoln
USGS-06752280,00060,00003,2025-08-01,59.1,ft^3/s,Approved,2026-02-11T15:59:11Z,,af36731baeac4ee5a7a5b5d47e298ee3,06752280,USGS,Boxelder
USGS-06752260,00060,00003,2025-08-02,52,ft^3/s,Approved,2025-12-12T17:10:52Z,,272a1fc51e7a4da584101aad9cdd2601,06752260,USGS,Lincoln
USGS-06752280,00060,00003,2025-08-02,44.7,ft^3/s,Approved,2026-02-11T15:59:11Z,,af36731baeac4ee5a7a5b5d47e298ee3,06752280,USGS,Boxelder
USGS-06752260,00060,00003,2025-08-03,60.4,ft^3/s,Approved,2025-12-12T17:10:52Z,,272a1fc51e7a4da584101aad9cdd2601,06752260,USGS,Lincoln
USGS-06752280,00060,00003,2025-08-03,48.4,ft^3/s,Approved,2026-02-11T15:59:11Z,,af36731baeac4ee5a7a5b5d47e298ee3,06752280,USGS,Boxelder
USGS-06752260,00060,00003,2025-08-04,63.5,ft^3/s,Approved,2025-12-12T17:10:52Z,,272a1fc51e7a4da584101aad9cdd2601,06752260,USGS,Lincoln
USGS-06752280,00060,00003,2025-08-04,58.2,ft^3/s,Approved,2026-02-11T15:59:11Z,,af36731baeac4ee5a7a5b5d47e298ee3,06752280,USGS,Boxelder
USGS-06752260,00060,00003,2025-08-05,52.7,ft^3/s,Approved,2025-12-12T17:10:52Z,,272a1fc51e7a4da584101aad9cdd2601,06752260,USGS,Lincoln
USGS-06752280,00060,00003,2025-08-05,46.1,ft^3/s,Approved,2026-02-11T15:59:11Z,,af36731baeac4ee5a7a5b5d47e298ee3,06752280,USGS,Boxelder
USGS-06752260,00060,00003,2025-08-06,32.5,ft^3/s,Approved,2025-12-12T17:10:52Z,,272a1fc51e7a4da584101aad9cdd2601,06752260,USGS,Lincoln
USGS-06752280,00060,00003,2025-08-06,28.9,ft^3/s,Approved,2026-02-11T15:59:11Z,,af36731baeac4ee5a7a5b5d47e298ee3,06752280,USGS,Boxelder
USGS-06752260,00060,00003,2025-08-07,27,ft^3/s,Approved,2025-12-12T17:10:52Z,,272a1fc51e7a4da584101aad9cdd2601,06752260,USGS,Lincoln
USGS-06752280,00060,00003,2025-08-07,18.6,ft^3/s,Approved,2026-02-11T15:59:11Z,,af36731baeac4ee5a7a5b5d47e298ee3,06752280,USGS,Boxelder
USGS-06752260,00060,00003,2025-08-08,35.1,ft^3/s,Approved,2025-12-12T17:10:52Z,,272a1fc51e7a4da584101aad9cdd2601,06752260,USGS,Lincoln
USGS-06752280,00060,00003,2025-08-08,23.7,ft^3/s,Approved,2026-02-11T15:59:11Z,,af36731baeac4ee5a7a5b5d47e298ee3,06752280,USGS,Boxelder
USGS-06752260,00060,00003,2025-08-09,35.7,ft^3/s,Approved,2025-12-12T17:10:52Z,,272a1fc51e7a4da584101aad9cdd2601,06752260,USGS,Lincoln
USGS-06752280,00060,00003,2025-08-09,40.4,ft^3/s,Approved,2026-02-11T15:59:11Z,,af36731baeac4ee5a7a5b5d47e298ee3,06752280,USGS,Boxelder
USGS-06752260,00060,00003,2025-08-10,36,ft^3/s,Approved,2025-12-12T17:10:52Z,,272a1fc51e7a4da584101aad9cdd2601,06752260,USGS,Lincoln
USGS-06752280,00060,00003,2025-08-10,50.2,ft^3/s,Approved,2026-02-11T15:59:11Z,,af36731baeac4ee5a7a5b5d47e298ee3,06752280,USGS,Boxelder
USGS-06752260,00060,00003,2025-08-11,28.2,ft^3/s,Approved,2025-12-12T17:10:52Z,,272a1fc51e7a4da584101aad9cdd2601,06752260,USGS,Lincoln
USGS-06752280,00060,00003,2025-08-11,52.2,ft^3/s,Approved,2026-02-11T15:59:11Z,,af36731baeac4ee5a7a5b5d47e298ee3,06752280,USGS,Boxelder
USGS-06752260,00060,00003,2025-08-12,14.1,ft^3/s,Approved,2025-12-12T17:10:52Z,,272a1fc51e7a4da584101aad9cdd2601,06752260,USGS,Lincoln
USGS-06752280,00060,00003,2025-08-12,29.3,ft^3/s,Approved,2026-02-11T15:59:11Z,,af36731baeac4ee5a7a5b5d47e298ee3,06752280,USGS,Boxelder
USGS-06752260,00060,00003,2025-08-13,13.7,ft^3/s,Approved,2025-12-12T17:10:52Z,,272a1fc51e7a4da584101aad9cdd2601,06752260,USGS,Lincoln
USGS-06752280,00060,00003,2025-08-13,20.8,ft^3/s,Approved,2026-02-11T15:59:11Z,,af36731baeac4ee5a7a5b5d47e298ee3,06752280,USGS,Boxelder
USGS-06752260,00060,00003,2025-08-14,21.1,ft^3/s,Approved,2025-12-12T17:10:52Z,,272a1fc51e7a4da584101aad9cdd2601,06752260,USGS,Lincoln
USGS-06752280,00060,00003,2025-08-14,17.2,ft^3/s,Approved,2026-02-11T15:59:11Z,,af36731baeac4ee5a7a5b5d47e298ee3,06752280,USGS,Boxelder
USGS-06752260,00060,00003,2025-08-15,37.1,ft^3/s,Approved,2025-12-12T17:10:52Z,,272a1fc51e7a4da584101aad9cdd2601,06752260,USGS,Lincoln
USGS-06752280,00060,00003,2025-08-15,36.6,ft^3/s,Approved,2026-02-11T15:59:11Z,,af36731baeac4ee5a7a5b5d47e298ee3,06752280,USGS,Boxelder
USGS-06752260,00060,00003,2025-08-16,45.5,ft^3/s,Approved,2025-12-12T17:10:52Z,,272a1fc51e7a4da584101aad9cdd2601,06752260,USGS,Lincoln
USGS-06752280,00060,00003,2025-08-16,46.5,ft^3/s,Approved,2026-02-11T15:59:11Z,,af36731baeac4ee5a7a5b5d47e298ee3,06752280,USGS,Boxelder
USGS-06752260,00060,00003,2025-08-17,54.8,ft^3/s,Approved,2025-12-12T17:10:52Z,,272a1fc51e7a4da584101aad9cdd2601,06752260,USGS,Lincoln
USGS-06752280,00060,00003,2025-08-17,49.2,ft^3/s,Approved,2026-02-11T15:59:11Z,,af36731baeac4ee5a7a5b5d47e298ee3,06752280,USGS,Boxelder
USGS-06752260,00060,00003,2025-08-18,68.3,ft^3/s,Approved,2025-12-12T17:10:52Z,,272a1fc51e7a4da584101aad9cdd2601,06752260,USGS,Lincoln
USGS-06752280,00060,00003,2025-08-18,56.9,ft^3/s,Approved,2026-02-11T15:59:11Z,,af36731baeac4ee5a7a5b5d47e298ee3,06752280,USGS,Boxelder
USGS-06752260,00060,00003,2025-08-19,40.9,ft^3/s,Approved,2025-12-12T17:10:52Z,,272a1fc51e7a4da584101aad9cdd2601,06752260,USGS,Lincoln
USGS-06752280,00060,00003,2025-08-19,24.2,ft^3/s,Approved,2026-02-11T15:59:11Z,,af36731baeac4ee5a7a5b5d47e298ee3,06752280,USGS,Boxelder
USGS-06752260,00060,00003,2025-08-20,28.3,ft^3/s,Approved,2025-12-12T17:10:52Z,,272a1fc51e7a4da584101aad9cdd2601,06752260,USGS,Lincoln
USGS-06752280,00060,00003,2025-08-20,9.43,ft^3/s,Approved,2026-02-11T15:59:11Z,,af36731baeac4ee5a7a5b5d47e298ee3,06752280,USGS,Boxelder
USGS-06752260,00060,00003,2025-08-21,24.1,ft^3/s,Approved,2025-12-12T17:10:52Z,,272a1fc51e7a4da584101aad9cdd2601,06752260,USGS,Lincoln
USGS-06752280,00060,00003,2025-08-21,17,ft^3/s,Approved,2026-02-11T15:59:11Z,,af36731baeac4ee5a7a5b5d47e298ee3,06752280,USGS,Boxelder
USGS-06752260,00060,00003,2025-08-22,37.7,ft^3/s,Approved,2025-12-12T17:10:52Z,,272a1fc51e7a4da584101aad9cdd2601,06752260,USGS,Lincoln
USGS-06752280,00060,00003,2025-08-22,35.6,ft^3/s,Approved,2026-02-11T15:59:11Z,,af36731baeac4ee5a7a5b5d47e298ee3,06752280,USGS,Boxelder
USGS-06752260,00060,00003,2025-08-23,41.8,ft^3/s,Approved,2025-12-12T17:10:52Z,,272a1fc51e7a4da584101aad9cdd2601,06752260,USGS,Lincoln
USGS-06752280,00060,00003,2025-08-23,48.8,ft^3/s,Approved,2026-02-11T15:59:11Z,,af36731baeac4ee5a7a5b5d47e298ee3,06752280,USGS,Boxelder
USGS-06752260,00060,00003,2025-08-24,37.1,ft^3/s,Approved,2025-12-12T17:10:52Z,,272a1fc51e7a4da584101aad9cdd2601,06752260,USGS,Lincoln
USGS-06752280,00060,00003,2025-08-24,39.8,ft^3/s,Approved,2026-02-11T15:59:11Z,,af36731baeac4ee5a7a5b5d47e298ee3,06752280,USGS,Boxelder
USGS-06752260,00060,00003,2025-08-25,62.4,ft^3/s,Approved,2025-12-12T17:10:52Z,,272a1fc51e7a4da584101aad9cdd2601,06752260,USGS,Lincoln
USGS-06752280,00060,00003,2025-08-25,71.3,ft^3/s,Approved,2026-02-11T15:59:11Z,,af36731baeac4ee5a7a5b5d47e298ee3,06752280,USGS,Boxelder
USGS-06752260,00060,00003,2025-08-26,79.5,ft^3/s,Approved,2025-12-12T17:10:52Z,,272a1fc51e7a4da584101aad9cdd2601,06752260,USGS,Lincoln
USGS-06752280,00060,00003,2025-08-26,86.8,ft^3/s,Approved,2026-02-11T15:59:11Z,,af36731baeac4ee5a7a5b5d47e298ee3,06752280,USGS,Boxelder
USGS-06752260,00060,00003,2025-08-27,114,ft^3/s,Approved,2025-12-12T17:10:52Z,,272a1fc51e7a4da584101aad9cdd2601,06752260,USGS,Lincoln
USGS-06752280,00060,00003,2025-08-27,103,ft^3/s,Approved,2026-02-11T15:59:11Z,,af36731baeac4ee5a7a5b5d47e298ee3,06752280,USGS,Boxelder
USGS-06752260,00060,00003,2025-08-28,97.8,ft^3/s,Approved,2025-12-12T17:10:52Z,,272a1fc51e7a4da584101aad9cdd2601,06752260,USGS,Lincoln
USGS-06752280,00060,00003,2025-08-28,114,ft^3/s,Approved,2026-02-11T15:59:11Z,,af36731baeac4ee5a7a5b5d47e298ee3,06752280,USGS,Boxelder
USGS-06752260,00060,00003,2025-08-29,52.2,ft^3/s,Approved,2025-12-12T17:10:52Z,,272a1fc51e7a4da584101aad9cdd2601,06752260,USGS,Lincoln
USGS-06752280,00060,00003,2025-08-29,46.1,ft^3/s,Approved,2026-02-11T15:59:11Z,,af36731baeac4ee5a7a5b5d47e298ee3,06752280,USGS,Boxelder
USGS-06752260,00060,00003,2025-08-30,59.4,ft^3/s,Approved,2025-12-12T17:10:52Z,,272a1fc51e7a4da584101aad9cdd2601,06752260,USGS,Lincoln
USGS-06752280,00060,00003,2025-08-30,56.8,ft^3/s,Approved,2026-02-11T15:59:11Z,,af36731baeac4ee5a7a5b5d47e298ee3,06752280,USGS,Boxelder
USGS-06752260,00060,00003,2025-08-31,47.7,ft^3/s,Approved,2025-12-12T17:10:52Z,,272a1fc51e7a4da584101aad9cdd2601,06752260,USGS,Lincoln
USGS-06752280,00060,00003,2025-08-31,42.5,ft^3/s,Approved,2026-02-11T15:59:11Z,,af36731baeac4ee5a7a5b5d47e298ee3,06752280,USGS,Boxelder
USGS-06752260,00060,00003,2025-09-01,54.9,ft^3/s,Approved,2025-12-12T17:10:52Z,,272a1fc51e7a4da584101aad9cdd2601,06752260,USGS,Lincoln
USGS-06752280,00060,00003,2025-09-01,47.4,ft^3/s,Approved,2026-02-11T15:59:11Z,,af36731baeac4ee5a7a5b5d47e298ee3,06752280,USGS,Boxelder
USGS-06752260,00060,00003,2025-09-02,46.8,ft^3/s,Approved,2025-12-12T17:10:52Z,,272a1fc51e7a4da584101aad9cdd2601,06752260,USGS,Lincoln
USGS-06752280,00060,00003,2025-09-02,50.8,ft^3/s,Approved,2026-02-11T15:59:11Z,,af36731baeac4ee5a7a5b5d47e298ee3,06752280,USGS,Boxelder
USGS-06752260,00060,00003,2025-09-03,50.7,ft^3/s,Approved,2025-12-12T17:10:52Z,,272a1fc51e7a4da584101aad9cdd2601,06752260,USGS,Lincoln
USGS-06752280,00060,00003,2025-09-03,64.1,ft^3/s,Approved,2026-02-11T15:59:11Z,,af36731baeac4ee5a7a5b5d47e298ee3,06752280,USGS,Boxelder
USGS-06752260,00060,00003,2025-09-04,46.9,ft^3/s,Approved,2025-12-12T17:10:52Z,,272a1fc51e7a4da584101aad9cdd2601,06752260,USGS,Lincoln
USGS-06752280,00060,00003,2025-09-04,59.8,ft^3/s,Approved,2026-02-11T15:59:11Z,,af36731baeac4ee5a7a5b5d47e298ee3,06752280,USGS,Boxelder
USGS-06752260,00060,00003,2025-09-05,58.7,ft^3/s,Approved,2025-12-12T17:10:52Z,,272a1fc51e7a4da584101aad9cdd2601,06752260,USGS,Lincoln
USGS-06752280,00060,00003,2025-09-05,68.3,ft^3/s,Approved,2026-02-11T15:59:11Z,,af36731baeac4ee5a7a5b5d47e298ee3,06752280,USGS,Boxelder
USGS-06752260,00060,00003,2025-09-06,81,ft^3/s,Approved,2025-12-12T17:10:52Z,,272a1fc51e7a4da584101aad9cdd2601,06752260,USGS,Lincoln
USGS-06752280,00060,00003,2025-09-06,81.1,ft^3/s,Approved,2026-02-11T15:59:11Z,,af36731baeac4ee5a7a5b5d47e298ee3,06752280,USGS,Boxelder
USGS-06752260,00060,00003,2025-09-07,75.6,ft^3/s,Approved,2025-12-12T17:10:52Z,,272a1fc51e7a4da584101aad9cdd2601,06752260,USGS,Lincoln
USGS-06752280,00060,00003,2025-09-07,64.4,ft^3/s,Approved,2026-02-11T15:59:11Z,,af36731baeac4ee5a7a5b5d47e298ee3,06752280,USGS,Boxelder
USGS-06752260,00060,00003,2025-09-08,65.1,ft^3/s,Approved,2025-12-12T17:10:52Z,,272a1fc51e7a4da584101aad9cdd2601,06752260,USGS,Lincoln
USGS-06752280,00060,00003,2025-09-08,50.6,ft^3/s,Approved,2026-02-11T15:59:11Z,,af36731baeac4ee5a7a5b5d47e298ee3,06752280,USGS,Boxelder
USGS-06752260,00060,00003,2025-09-09,62.8,ft^3/s,Approved,2025-12-12T17:10:52Z,,272a1fc51e7a4da584101aad9cdd2601,06752260,USGS,Lincoln
USGS-06752280,00060,00003,2025-09-09,48.5,ft^3/s,Approved,2026-02-11T15:59:11Z,,af36731baeac4ee5a7a5b5d47e298ee3,06752280,USGS,Boxelder
USGS-06752260,00060,00003,2025-09-10,76.2,ft^3/s,Approved,2025-12-12T17:10:52Z,,272a1fc51e7a4da584101aad9cdd2601,06752260,USGS,Lincoln
USGS-06752280,00060,00003,2025-09-10,60.2,ft^3/s,Approved,2026-02-11T15:59:11Z,,af36731baeac4ee5a7a5b5d47e298ee3,06752280,USGS,Boxelder
USGS-06752260,00060,00003,2025-09-11,65.2,ft^3/s,Approved,2025-12-12T17:10:52Z,,272a1fc51e7a4da584101aad9cdd2601,06752260,USGS,Lincoln
USGS-06752280,00060,00003,2025-09-11,53.3,ft^3/s,Approved,2026-02-11T15:59:11Z,,af36731baeac4ee5a7a5b5d47e298ee3,06752280,USGS,Boxelder
USGS-06752260,00060,00003,2025-09-12,50.5,ft^3/s,Approved,2025-12-12T17:10:52Z,,272a1fc51e7a4da584101aad9cdd2601,06752260,USGS,Lincoln
USGS-06752280,00060,00003,2025-09-12,36,ft^3/s,Approved,2026-02-11T15:59:11Z,,af36731baeac4ee5a7a5b5d47e298ee3,06752280,USGS,Boxelder
USGS-06752260,00060,00003,2025-09-13,31.3,ft^3/s,Approved,2025-12-12T17:10:52Z,,272a1fc51e7a4da584101aad9cdd2601,06752260,USGS,Lincoln
USGS-06752280,00060,00003,2025-09-13,20.7,ft^3/s,Approved,2026-02-11T15:59:11Z,,af36731baeac4ee5a7a5b5d47e298ee3,06752280,USGS,Boxelder
USGS-06752260,00060,00003,2025-09-14,13.9,ft^3/s,Approved,2025-12-12T17:10:52Z,,272a1fc51e7a4da584101aad9cdd2601,06752260,USGS,Lincoln
USGS-06752280,00060,00003,2025-09-14,4.98,ft^3/s,Approved,2026-02-11T15:59:11Z,,af36731baeac4ee5a7a5b5d47e298ee3,06752280,USGS,Boxelder
USGS-06752260,00060,00003,2025-09-15,13.2,ft^3/s,Approved,2025-12-12T17:10:52Z,,272a1fc51e7a4da584101aad9cdd2601,06752260,USGS,Lincoln
USGS-06752280,00060,00003,2025-09-15,4.98,ft^3/s,Approved,2026-02-11T15:59:11Z,,af36731baeac4ee5a7a5b5d47e298ee3,06752280,USGS,Boxelder
USGS-06752260,00060,00003,2025-09-16,20.3,ft^3/s,Approved,2025-12-12T17:10:52Z,,272a1fc51e7a4da584101aad9cdd2601,06752260,USGS,Lincoln
USGS-06752280,00060,00003,2025-09-16,19.6,ft^3/s,Approved,2026-02-11T15:59:11Z,,af36731baeac4ee5a7a5b5d47e298ee3,06752280,USGS,Boxelder
USGS-06752260,00060,00003,2025-09-17,35.3,ft^3/s,Approved,2025-12-12T17:10:52Z,,272a1fc51e7a4da584101aad9cdd2601,06752260,USGS,Lincoln
USGS-06752280,00060,00003,2025-09-17,45.7,ft^3/s,Approved,2026-02-11T15:59:11Z,,af36731baeac4ee5a7a5b5d47e298ee3,06752280,USGS,Boxelder
USGS-06752260,00060,00003,2025-09-18,30.9,ft^3/s,Approved,2025-12-16T15:16:15Z,,272a1fc51e7a4da584101aad9cdd2601,06752260,USGS,Lincoln
USGS-06752280,00060,00003,2025-09-18,29.2,ft^3/s,Approved,2026-02-11T15:59:11Z,,af36731baeac4ee5a7a5b5d47e298ee3,06752280,USGS,Boxelder
USGS-06752260,00060,00003,2025-09-19,21.9,ft^3/s,Approved,2025-12-16T15:16:15Z,,272a1fc51e7a4da584101aad9cdd2601,06752260,USGS,Lincoln
USGS-06752280,00060,00003,2025-09-19,16.4,ft^3/s,Approved,2026-02-11T15:59:11Z,,af36731baeac4ee5a7a5b5d47e298ee3,06752280,USGS,Boxelder
USGS-06752260,00060,00003,2025-09-20,15.6,ft^3/s,Approved,2025-12-16T15:16:15Z,,272a1fc51e7a4da584101aad9cdd2601,06752260,USGS,Lincoln
USGS-06752280,00060,00003,2025-09-20,8.8,ft^3/s,Approved,2026-02-11T15:59:11Z,,af36731baeac4ee5a7a5b5d47e298ee3,06752280,USGS,Boxelder
USGS-06752260,00060,00003,2025-09-21,11.1,ft^3/s,Approved,2025-12-16T15:16:15Z,,272a1fc51e7a4da584101aad9cdd2601,06752260,USGS,Lincoln
USGS-06752280,00060,00003,2025-09-21,7.21,ft^3/s,Approved,2026-02-11T15:59:11Z,,af36731baeac4ee5a7a5b5d47e298ee3,06752280,USGS,Boxelder
USGS-06752260,00060,00003,2025-09-22,8,ft^3/s,Approved,2025-12-16T15:16:15Z,,272a1fc51e7a4da584101aad9cdd2601,06752260,USGS,Lincoln
USGS-06752280,00060,00003,2025-09-22,4.36,ft^3/s,Approved,2026-02-11T15:59:11Z,,af36731baeac4ee5a7a5b5d47e298ee3,06752280,USGS,Boxelder
USGS-06752260,00060,00003,2025-09-23,38.8,ft^3/s,Approved,2025-12-16T15:16:15Z,,272a1fc51e7a4da584101aad9cdd2601,06752260,USGS,Lincoln
USGS-06752280,00060,00003,2025-09-23,77,ft^3/s,Approved,2026-02-11T15:59:11Z,,af36731baeac4ee5a7a5b5d47e298ee3,06752280,USGS,Boxelder
USGS-06752260,00060,00003,2025-09-24,97.5,ft^3/s,Approved,2025-12-16T15:16:15Z,,272a1fc51e7a4da584101aad9cdd2601,06752260,USGS,Lincoln
USGS-06752280,00060,00003,2025-09-24,115,ft^3/s,Approved,2026-02-11T15:59:11Z,,af36731baeac4ee5a7a5b5d47e298ee3,06752280,USGS,Boxelder
USGS-06752260,00060,00003,2025-09-25,55.5,ft^3/s,Approved,2025-12-16T15:16:15Z,,272a1fc51e7a4da584101aad9cdd2601,06752260,USGS,Lincoln
USGS-06752280,00060,00003,2025-09-25,80.8,ft^3/s,Approved,2026-02-11T15:59:11Z,,af36731baeac4ee5a7a5b5d47e298ee3,06752280,USGS,Boxelder
USGS-06752260,00060,00003,2025-09-26,22.8,ft^3/s,Approved,2025-12-16T15:16:15Z,,272a1fc51e7a4da584101aad9cdd2601,06752260,USGS,Lincoln
USGS-06752280,00060,00003,2025-09-26,30.2,ft^3/s,Approved,2026-02-11T15:59:11Z,,af36731baeac4ee5a7a5b5d47e298ee3,06752280,USGS,Boxelder
USGS-06752260,00060,00003,2025-09-27,20.5,ft^3/s,Approved,2025-12-16T15:16:15Z,,272a1fc51e7a4da584101aad9cdd2601,06752260,USGS,Lincoln
USGS-06752280,00060,00003,2025-09-27,19.4,ft^3/s,Approved,2026-02-11T15:59:11Z,,af36731baeac4ee5a7a5b5d47e298ee3,06752280,USGS,Boxelder
USGS-06752260,00060,00003,2025-09-28,25.1,ft^3/s,Approved,2025-12-16T15:16:15Z,,272a1fc51e7a4da584101aad9cdd2601,06752260,USGS,Lincoln
USGS-06752280,00060,00003,2025-09-28,26.2,ft^3/s,Approved,2026-02-11T15:59:11Z,,af36731baeac4ee5a7a5b5d47e298ee3,06752280,USGS,Boxelder
USGS-06752260,00060,00003,2025-09-29,16.9,ft^3/s,Approved,2025-12-16T15:16:15Z,,272a1fc51e7a4da584101aad9cdd2601,06752260,USGS,Lincoln
USGS-06752280,00060,00003,2025-09-29,16.5,ft^3/s,Approved,2026-02-11T15:59:11Z,,af36731baeac4ee5a7a5b5d47e298ee3,06752280,USGS,Boxelder
USGS-06752260,00060,00003,2025-09-30,19.4,ft^3/s,Approved,2025-12-16T15:16:15Z,,272a1fc51e7a4da584101aad9cdd2601,06752260,USGS,Lincoln
USGS-06752280,00060,00003,2025-09-30,14.3,ft^3/s,Approved,2026-02-19T15:04:49Z,,af36731baeac4ee5a7a5b5d47e298ee3,06752280,USGS,Boxelder
USGS-06752260,00060,00003,2025-10-01,20.4,ft^3/s,Approved,2025-12-16T15:16:15Z,,272a1fc51e7a4da584101aad9cdd2601,06752260,USGS,Lincoln
USGS-06752280,00060,00003,2025-10-01,19.4,ft^3/s,Approved,2026-02-19T15:04:49Z,,af36731baeac4ee5a7a5b5d47e298ee3,06752280,USGS,Boxelder
USGS-06752260,00060,00003,2025-10-02,11.6,ft^3/s,Approved,2025-12-16T15:16:15Z,,272a1fc51e7a4da584101aad9cdd2601,06752260,USGS,Lincoln
USGS-06752280,00060,00003,2025-10-02,10.4,ft^3/s,Approved,2026-02-19T15:04:49Z,,af36731baeac4ee5a7a5b5d47e298ee3,06752280,USGS,Boxelder
USGS-06752260,00060,00003,2025-10-03,6.87,ft^3/s,Approved,2025-12-16T15:16:15Z,,272a1fc51e7a4da584101aad9cdd2601,06752260,USGS,Lincoln
USGS-06752280,00060,00003,2025-10-03,6.33,ft^3/s,Approved,2026-02-19T15:04:49Z,,af36731baeac4ee5a7a5b5d47e298ee3,06752280,USGS,Boxelder
USGS-06752260,00060,00003,2025-10-04,6.82,ft^3/s,Approved,2025-12-16T15:16:15Z,,272a1fc51e7a4da584101aad9cdd2601,06752260,USGS,Lincoln
USGS-06752280,00060,00003,2025-10-04,5.35,ft^3/s,Approved,2026-02-19T15:04:49Z,,af36731baeac4ee5a7a5b5d47e298ee3,06752280,USGS,Boxelder
USGS-06752260,00060,00003,2025-10-05,14.2,ft^3/s,Approved,2025-12-16T15:16:15Z,,272a1fc51e7a4da584101aad9cdd2601,06752260,USGS,Lincoln
USGS-06752280,00060,00003,2025-10-05,7.5,ft^3/s,Approved,2026-02-19T15:04:49Z,,af36731baeac4ee5a7a5b5d47e298ee3,06752280,USGS,Boxelder
USGS-06752260,00060,00003,2025-10-06,44,ft^3/s,Approved,2025-12-16T15:16:15Z,,272a1fc51e7a4da584101aad9cdd2601,06752260,USGS,Lincoln
USGS-06752280,00060,00003,2025-10-06,47.4,ft^3/s,Approved,2026-02-19T15:04:49Z,,af36731baeac4ee5a7a5b5d47e298ee3,06752280,USGS,Boxelder
USGS-06752260,00060,00003,2025-10-07,46.5,ft^3/s,Approved,2025-12-16T15:16:15Z,,272a1fc51e7a4da584101aad9cdd2601,06752260,USGS,Lincoln
USGS-06752280,00060,00003,2025-10-07,55.3,ft^3/s,Approved,2026-02-19T15:04:49Z,,af36731baeac4ee5a7a5b5d47e298ee3,06752280,USGS,Boxelder
USGS-06752260,00060,00003,2025-10-08,45.1,ft^3/s,Approved,2025-12-16T15:16:15Z,,272a1fc51e7a4da584101aad9cdd2601,06752260,USGS,Lincoln
USGS-06752280,00060,00003,2025-10-08,46.3,ft^3/s,Approved,2026-02-19T15:04:49Z,,af36731baeac4ee5a7a5b5d47e298ee3,06752280,USGS,Boxelder
USGS-06752260,00060,00003,2025-10-09,39.4,ft^3/s,Approved,2025-12-16T15:16:15Z,,272a1fc51e7a4da584101aad9cdd2601,06752260,USGS,Lincoln
USGS-06752280,00060,00003,2025-10-09,40.8,ft^3/s,Approved,2026-02-19T15:04:49Z,,af36731baeac4ee5a7a5b5d47e298ee3,06752280,USGS,Boxelder
USGS-06752260,00060,00003,2025-10-10,32.8,ft^3/s,Approved,2025-12-16T15:16:15Z,,272a1fc51e7a4da584101aad9cdd2601,06752260,USGS,Lincoln
USGS-06752280,00060,00003,2025-10-10,32.7,ft^3/s,Approved,2026-02-19T15:04:49Z,,af36731baeac4ee5a7a5b5d47e298ee3,06752280,USGS,Boxelder
USGS-06752260,00060,00003,2025-10-11,28.8,ft^3/s,Approved,2025-12-16T15:16:15Z,,272a1fc51e7a4da584101aad9cdd2601,06752260,USGS,Lincoln
USGS-06752280,00060,00003,2025-10-11,28.6,ft^3/s,Approved,2026-02-19T15:04:49Z,,af36731baeac4ee5a7a5b5d47e298ee3,06752280,USGS,Boxelder
USGS-06752260,00060,00003,2025-10-12,18,ft^3/s,Approved,2025-12-16T15:16:15Z,,272a1fc51e7a4da584101aad9cdd2601,06752260,USGS,Lincoln
USGS-06752280,00060,00003,2025-10-12,18.3,ft^3/s,Approved,2026-02-19T15:04:49Z,,af36731baeac4ee5a7a5b5d47e298ee3,06752280,USGS,Boxelder
USGS-06752260,00060,00003,2025-10-13,17.2,ft^3/s,Approved,2025-12-16T15:16:15Z,,272a1fc51e7a4da584101aad9cdd2601,06752260,USGS,Lincoln
USGS-06752280,00060,00003,2025-10-13,10.3,ft^3/s,Approved,2026-02-19T15:04:49Z,,af36731baeac4ee5a7a5b5d47e298ee3,06752280,USGS,Boxelder
USGS-06752260,00060,00003,2025-10-14,22.5,ft^3/s,Approved,2025-12-16T15:16:15Z,,272a1fc51e7a4da584101aad9cdd2601,06752260,USGS,Lincoln
USGS-06752280,00060,00003,2025-10-14,18.5,ft^3/s,Approved,2026-02-19T15:04:49Z,,af36731baeac4ee5a7a5b5d47e298ee3,06752280,USGS,Boxelder
USGS-06752260,00060,00003,2025-10-15,20,ft^3/s,Approved,2025-12-16T15:16:15Z,,272a1fc51e7a4da584101aad9cdd2601,06752260,USGS,Lincoln
USGS-06752280,00060,00003,2025-10-15,15.9,ft^3/s,Approved,2026-02-19T15:04:49Z,,af36731baeac4ee5a7a5b5d47e298ee3,06752280,USGS,Boxelder
USGS-06752260,00060,00003,2025-10-16,32.6,ft^3/s,Approved,2025-12-16T15:16:15Z,,272a1fc51e7a4da584101aad9cdd2601,06752260,USGS,Lincoln
USGS-06752280,00060,00003,2025-10-16,19.2,ft^3/s,Approved,2026-02-19T15:04:49Z,,af36731baeac4ee5a7a5b5d47e298ee3,06752280,USGS,Boxelder
USGS-06752260,00060,00003,2025-10-17,63.3,ft^3/s,Approved,2025-12-16T15:16:15Z,,272a1fc51e7a4da584101aad9cdd2601,06752260,USGS,Lincoln
USGS-06752280,00060,00003,2025-10-17,63.2,ft^3/s,Approved,2026-02-19T15:04:49Z,,af36731baeac4ee5a7a5b5d47e298ee3,06752280,USGS,Boxelder
USGS-06752260,00060,00003,2025-10-18,63.2,ft^3/s,Approved,2025-12-16T15:16:15Z,,272a1fc51e7a4da584101aad9cdd2601,06752260,USGS,Lincoln
USGS-06752280,00060,00003,2025-10-18,62.8,ft^3/s,Approved,2026-02-19T15:04:49Z,,af36731baeac4ee5a7a5b5d47e298ee3,06752280,USGS,Boxelder
USGS-06752260,00060,00003,2025-10-19,67,ft^3/s,Approved,2025-12-16T15:16:15Z,,272a1fc51e7a4da584101aad9cdd2601,06752260,USGS,Lincoln
USGS-06752280,00060,00003,2025-10-19,70.3,ft^3/s,Approved,2026-02-19T15:04:49Z,,af36731baeac4ee5a7a5b5d47e298ee3,06752280,USGS,Boxelder
USGS-06752260,00060,00003,2025-10-20,155,ft^3/s,Approved,2025-12-16T15:16:15Z,,272a1fc51e7a4da584101aad9cdd2601,06752260,USGS,Lincoln
USGS-06752280,00060,00003,2025-10-20,139,ft^3/s,Approved,2026-02-19T15:04:49Z,,af36731baeac4ee5a7a5b5d47e298ee3,06752280,USGS,Boxelder
USGS-06752260,00060,00003,2025-10-21,308,ft^3/s,Approved,2025-12-16T15:16:15Z,,272a1fc51e7a4da584101aad9cdd2601,06752260,USGS,Lincoln
USGS-06752280,00060,00003,2025-10-21,300,ft^3/s,Approved,2026-02-19T15:04:49Z,,af36731baeac4ee5a7a5b5d47e298ee3,06752280,USGS,Boxelder
USGS-06752260,00060,00003,2025-10-22,335,ft^3/s,Approved,2025-12-16T15:16:15Z,,272a1fc51e7a4da584101aad9cdd2601,06752260,USGS,Lincoln
USGS-06752280,00060,00003,2025-10-22,354,ft^3/s,Approved,2026-02-19T15:04:49Z,,af36731baeac4ee5a7a5b5d47e298ee3,06752280,USGS,Boxelder
USGS-06752260,00060,00003,2025-10-23,251,ft^3/s,Approved,2025-12-16T15:16:15Z,,272a1fc51e7a4da584101aad9cdd2601,06752260,USGS,Lincoln
USGS-06752280,00060,00003,2025-10-23,278,ft^3/s,Approved,2026-02-19T15:04:49Z,,af36731baeac4ee5a7a5b5d47e298ee3,06752280,USGS,Boxelder
USGS-06752260,00060,00003,2025-10-24,263,ft^3/s,Approved,2025-12-16T15:16:15Z,,272a1fc51e7a4da584101aad9cdd2601,06752260,USGS,Lincoln
USGS-06752280,00060,00003,2025-10-24,285,ft^3/s,Approved,2026-02-19T15:04:49Z,,af36731baeac4ee5a7a5b5d47e298ee3,06752280,USGS,Boxelder
USGS-06752260,00060,00003,2025-10-25,277,ft^3/s,Approved,2025-12-16T15:16:15Z,,272a1fc51e7a4da584101aad9cdd2601,06752260,USGS,Lincoln
USGS-06752280,00060,00003,2025-10-25,301,ft^3/s,Approved,2026-02-19T15:04:49Z,,af36731baeac4ee5a7a5b5d47e298ee3,06752280,USGS,Boxelder
USGS-06752260,00060,00003,2025-10-26,280,ft^3/s,Approved,2025-12-16T15:16:15Z,,272a1fc51e7a4da584101aad9cdd2601,06752260,USGS,Lincoln
USGS-06752280,00060,00003,2025-10-26,305,ft^3/s,Approved,2026-02-19T15:04:49Z,,af36731baeac4ee5a7a5b5d47e298ee3,06752280,USGS,Boxelder
USGS-06752260,00060,00003,2025-10-27,197,ft^3/s,Approved,2025-12-16T15:16:15Z,,272a1fc51e7a4da584101aad9cdd2601,06752260,USGS,Lincoln
USGS-06752280,00060,00003,2025-10-27,236,ft^3/s,Approved,2026-02-19T15:04:49Z,,af36731baeac4ee5a7a5b5d47e298ee3,06752280,USGS,Boxelder
USGS-06752260,00060,00003,2025-10-28,133,ft^3/s,Approved,2025-12-16T15:16:15Z,,272a1fc51e7a4da584101aad9cdd2601,06752260,USGS,Lincoln
USGS-06752280,00060,00003,2025-10-28,148,ft^3/s,Approved,2026-02-19T15:04:49Z,,af36731baeac4ee5a7a5b5d47e298ee3,06752280,USGS,Boxelder
USGS-06752260,00060,00003,2025-10-29,138,ft^3/s,Approved,2025-12-16T15:16:15Z,,272a1fc51e7a4da584101aad9cdd2601,06752260,USGS,Lincoln
USGS-06752280,00060,00003,2025-10-29,161,ft^3/s,Approved,2026-02-19T15:04:49Z,,af36731baeac4ee5a7a5b5d47e298ee3,06752280,USGS,Boxelder
USGS-06752260,00060,00003,2025-10-30,130,ft^3/s,Approved,2025-12-16T15:16:15Z,,272a1fc51e7a4da584101aad9cdd2601,06752260,USGS,Lincoln
USGS-06752280,00060,00003,2025-10-30,146,ft^3/s,Approved,2026-02-19T15:04:49Z,,af36731baeac4ee5a7a5b5d47e298ee3,06752280,USGS,Boxelder
USGS-06752260,00060,00003,2025-10-31,113,ft^3/s,Approved,2025-12-16T15:16:15Z,,272a1fc51e7a4da584101aad9cdd2601,06752260,USGS,Lincoln
USGS-06752280,00060,00003,2025-10-31,139,ft^3/s,Approved,2026-02-19T15:04:49Z,,af36731baeac4ee5a7a5b5d47e298ee3,06752280,USGS,Boxelder
USGS-06752260,00060,00003,2025-11-01,53.4,ft^3/s,Approved,2025-12-16T15:16:15Z,,272a1fc51e7a4da584101aad9cdd2601,06752260,USGS,Lincoln
USGS-06752280,00060,00003,2025-11-01,63,ft^3/s,Approved,2026-02-19T15:04:49Z,,af36731baeac4ee5a7a5b5d47e298ee3,06752280,USGS,Boxelder
USGS-06752260,00060,00003,2025-11-02,14.9,ft^3/s,Approved,2025-12-16T15:16:15Z,,272a1fc51e7a4da584101aad9cdd2601,06752260,USGS,Lincoln
USGS-06752280,00060,00003,2025-11-02,4.16,ft^3/s,Approved,2026-02-19T15:04:49Z,,af36731baeac4ee5a7a5b5d47e298ee3,06752280,USGS,Boxelder
USGS-06752260,00060,00003,2025-11-03,15.3,ft^3/s,Approved,2025-12-16T15:16:15Z,,272a1fc51e7a4da584101aad9cdd2601,06752260,USGS,Lincoln
USGS-06752280,00060,00003,2025-11-03,1.62,ft^3/s,Approved,2026-02-19T15:04:49Z,,af36731baeac4ee5a7a5b5d47e298ee3,06752280,USGS,Boxelder
USGS-06752260,00060,00003,2025-11-04,10.8,ft^3/s,Approved,2025-12-16T15:16:15Z,,272a1fc51e7a4da584101aad9cdd2601,06752260,USGS,Lincoln
USGS-06752280,00060,00003,2025-11-04,1.55,ft^3/s,Approved,2026-02-19T15:04:49Z,,af36731baeac4ee5a7a5b5d47e298ee3,06752280,USGS,Boxelder
USGS-06752260,00060,00003,2025-11-05,7.55,ft^3/s,Approved,2025-12-16T15:16:15Z,,272a1fc51e7a4da584101aad9cdd2601,06752260,USGS,Lincoln
USGS-06752280,00060,00003,2025-11-05,1.52,ft^3/s,Approved,2026-02-19T15:04:49Z,,af36731baeac4ee5a7a5b5d47e298ee3,06752280,USGS,Boxelder
USGS-06752260,00060,00003,2025-11-06,6.67,ft^3/s,Approved,2025-12-16T15:16:15Z,,272a1fc51e7a4da584101aad9cdd2601,06752260,USGS,Lincoln
USGS-06752280,00060,00003,2025-11-06,1.47,ft^3/s,Approved,2026-02-19T15:04:49Z,,af36731baeac4ee5a7a5b5d47e298ee3,06752280,USGS,Boxelder
USGS-06752260,00060,00003,2025-11-07,7.32,ft^3/s,Approved,2025-12-16T15:16:15Z,,272a1fc51e7a4da584101aad9cdd2601,06752260,USGS,Lincoln
USGS-06752280,00060,00003,2025-11-07,1.65,ft^3/s,Approved,2026-02-19T15:04:49Z,,af36731baeac4ee5a7a5b5d47e298ee3,06752280,USGS,Boxelder
USGS-06752260,00060,00003,2025-11-08,6.72,ft^3/s,Approved,2025-12-16T15:16:15Z,,272a1fc51e7a4da584101aad9cdd2601,06752260,USGS,Lincoln
USGS-06752280,00060,00003,2025-11-08,1.72,ft^3/s,Approved,2026-02-19T15:04:49Z,,af36731baeac4ee5a7a5b5d47e298ee3,06752280,USGS,Boxelder
USGS-06752260,00060,00003,2025-11-09,6.45,ft^3/s,Approved,2025-12-16T15:16:15Z,,272a1fc51e7a4da584101aad9cdd2601,06752260,USGS,Lincoln
USGS-06752280,00060,00003,2025-11-09,1.72,ft^3/s,Approved,2026-02-19T15:04:49Z,,af36731baeac4ee5a7a5b5d47e298ee3,06752280,USGS,Boxelder
USGS-06752260,00060,00003,2025-11-10,6.41,ft^3/s,Approved,2025-12-16T15:16:15Z,,272a1fc51e7a4da584101aad9cdd2601,06752260,USGS,Lincoln
USGS-06752280,00060,00003,2025-11-10,1.77,ft^3/s,Approved,2026-02-19T15:04:49Z,,af36731baeac4ee5a7a5b5d47e298ee3,06752280,USGS,Boxelder
USGS-06752260,00060,00003,2025-11-11,6.36,ft^3/s,Approved,2025-12-16T15:16:15Z,,272a1fc51e7a4da584101aad9cdd2601,06752260,USGS,Lincoln
USGS-06752280,00060,00003,2025-11-11,1.89,ft^3/s,Approved,2026-02-19T15:04:49Z,,af36731baeac4ee5a7a5b5d47e298ee3,06752280,USGS,Boxelder
USGS-06752260,00060,00003,2025-11-12,8.13,ft^3/s,Approved,2025-12-16T15:16:15Z,,272a1fc51e7a4da584101aad9cdd2601,06752260,USGS,Lincoln
USGS-06752280,00060,00003,2025-11-12,1.92,ft^3/s,Approved,2026-02-19T15:04:49Z,,af36731baeac4ee5a7a5b5d47e298ee3,06752280,USGS,Boxelder
USGS-06752260,00060,00003,2025-11-13,7.69,ft^3/s,Provisional,2026-07-01T22:23:18Z,,272a1fc51e7a4da584101aad9cdd2601,06752260,USGS,Lincoln
USGS-06752280,00060,00003,2025-11-13,1.99,ft^3/s,Approved,2026-02-19T15:04:49Z,,af36731baeac4ee5a7a5b5d47e298ee3,06752280,USGS,Boxelder
USGS-06752260,00060,00003,2025-11-14,6.66,ft^3/s,Provisional,2026-07-01T22:23:18Z,,272a1fc51e7a4da584101aad9cdd2601,06752260,USGS,Lincoln
USGS-06752280,00060,00003,2025-11-14,1.93,ft^3/s,Approved,2026-02-19T15:04:49Z,,af36731baeac4ee5a7a5b5d47e298ee3,06752280,USGS,Boxelder
USGS-06752260,00060,00003,2025-11-15,6.43,ft^3/s,Provisional,2026-07-01T22:23:18Z,,272a1fc51e7a4da584101aad9cdd2601,06752260,USGS,Lincoln
USGS-06752280,00060,00003,2025-11-15,1.92,ft^3/s,Approved,2026-02-19T15:04:49Z,,af36731baeac4ee5a7a5b5d47e298ee3,06752280,USGS,Boxelder
USGS-06752260,00060,00003,2025-11-16,6.35,ft^3/s,Provisional,2026-07-01T22:23:18Z,,272a1fc51e7a4da584101aad9cdd2601,06752260,USGS,Lincoln
USGS-06752280,00060,00003,2025-11-16,1.92,ft^3/s,Approved,2026-02-19T15:04:49Z,,af36731baeac4ee5a7a5b5d47e298ee3,06752280,USGS,Boxelder
USGS-06752260,00060,00003,2025-11-17,6.27,ft^3/s,Provisional,2026-07-01T22:23:18Z,,272a1fc51e7a4da584101aad9cdd2601,06752260,USGS,Lincoln
USGS-06752280,00060,00003,2025-11-17,1.8,ft^3/s,Approved,2026-02-19T15:04:49Z,,af36731baeac4ee5a7a5b5d47e298ee3,06752280,USGS,Boxelder
USGS-06752260,00060,00003,2025-11-18,6.05,ft^3/s,Provisional,2026-07-01T22:23:18Z,,272a1fc51e7a4da584101aad9cdd2601,06752260,USGS,Lincoln
USGS-06752280,00060,00003,2025-11-18,1.82,ft^3/s,Approved,2026-02-19T15:04:49Z,,af36731baeac4ee5a7a5b5d47e298ee3,06752280,USGS,Boxelder
USGS-06752260,00060,00003,2025-11-19,6.13,ft^3/s,Provisional,2026-07-01T22:23:18Z,,272a1fc51e7a4da584101aad9cdd2601,06752260,USGS,Lincoln
USGS-06752280,00060,00003,2025-11-19,1.84,ft^3/s,Approved,2026-02-19T15:04:49Z,,af36731baeac4ee5a7a5b5d47e298ee3,06752280,USGS,Boxelder
USGS-06752260,00060,00003,2025-11-20,6.05,ft^3/s,Provisional,2026-07-01T22:23:18Z,,272a1fc51e7a4da584101aad9cdd2601,06752260,USGS,Lincoln
USGS-06752280,00060,00003,2025-11-20,1.85,ft^3/s,Approved,2026-02-19T15:04:49Z,,af36731baeac4ee5a7a5b5d47e298ee3,06752280,USGS,Boxelder
USGS-06752260,00060,00003,2025-11-21,8.05,ft^3/s,Provisional,2026-07-01T22:23:18Z,,272a1fc51e7a4da584101aad9cdd2601,06752260,USGS,Lincoln
USGS-06752280,00060,00003,2025-11-21,1.83,ft^3/s,Approved,2026-09-09T20:45:14Z,,af36731baeac4ee5a7a5b5d47e298ee3,06752280,USGS,Boxelder
USGS-06752260,00060,00003,2025-11-22,8.28,ft^3/s,Provisional,2026-07-01T22:23:18Z,,272a1fc51e7a4da584101aad9cdd2601,06752260,USGS,Lincoln
USGS-06752280,00060,00003,2025-11-22,1.73,ft^3/s,Approved,2026-09-09T20:45:14Z,,af36731baeac4ee5a7a5b5d47e298ee3,06752280,USGS,Boxelder
USGS-06752260,00060,00003,2025-11-23,7.82,ft^3/s,Provisional,2026-07-01T22:23:18Z,,272a1fc51e7a4da584101aad9cdd2601,06752260,USGS,Lincoln
USGS-06752280,00060,00003,2025-11-23,1.69,ft^3/s,Approved,2026-09-09T20:45:14Z,,af36731baeac4ee5a7a5b5d47e298ee3,06752280,USGS,Boxelder
USGS-06752260,00060,00003,2025-11-24,7.38,ft^3/s,Provisional,2026-07-01T22:23:18Z,,272a1fc51e7a4da584101aad9cdd2601,06752260,USGS,Lincoln
USGS-06752280,00060,00003,2025-11-24,1.77,ft^3/s,Approved,2026-09-09T20:45:14Z,,af36731baeac4ee5a7a5b5d47e298ee3,06752280,USGS,Boxelder
USGS-06752260,00060,00003,2025-11-25,5.72,ft^3/s,Provisional,2026-07-01T22:23:18Z,,272a1fc51e7a4da584101aad9cdd2601,06752260,USGS,Lincoln
USGS-06752280,00060,00003,2025-11-25,1.73,ft^3/s,Approved,2026-09-09T20:45:14Z,,af36731baeac4ee5a7a5b5d47e298ee3,06752280,USGS,Boxelder
USGS-06752260,00060,00003,2025-11-26,5.52,ft^3/s,Provisional,2026-07-01T22:23:18Z,,272a1fc51e7a4da584101aad9cdd2601,06752260,USGS,Lincoln
USGS-06752280,00060,00003,2025-11-26,1.81,ft^3/s,Approved,2026-09-09T20:45:14Z,,af36731baeac4ee5a7a5b5d47e298ee3,06752280,USGS,Boxelder
USGS-06752260,00060,00003,2025-11-27,5.18,ft^3/s,Provisional,2026-07-01T22:23:18Z,,272a1fc51e7a4da584101aad9cdd2601,06752260,USGS,Lincoln
USGS-06752280,00060,00003,2025-11-27,1.89,ft^3/s,Approved,2026-09-09T20:45:14Z,,af36731baeac4ee5a7a5b5d47e298ee3,06752280,USGS,Boxelder
USGS-06752260,00060,00003,2025-11-28,4.99,ft^3/s,Provisional,2026-07-01T22:23:18Z,,272a1fc51e7a4da584101aad9cdd2601,06752260,USGS,Lincoln
USGS-06752280,00060,00003,2025-11-28,1.93,ft^3/s,Approved,2026-09-09T20:45:14Z,,af36731baeac4ee5a7a5b5d47e298ee3,06752280,USGS,Boxelder
USGS-06752260,00060,00003,2025-11-29,5.65,ft^3/s,Provisional,2026-07-01T22:23:18Z,,272a1fc51e7a4da584101aad9cdd2601,06752260,USGS,Lincoln
USGS-06752280,00060,00003,2025-11-29,1.86,ft^3/s,Approved,2026-09-09T20:45:14Z,,af36731baeac4ee5a7a5b5d47e298ee3,06752280,USGS,Boxelder
USGS-06752260,00060,00003,2025-11-30,5.66,ft^3/s,Provisional,2026-07-01T22:23:18Z,,272a1fc51e7a4da584101aad9cdd2601,06752260,USGS,Lincoln
USGS-06752280,00060,00003,2025-11-30,1.75,ft^3/s,Approved,2026-09-09T20:45:14Z,,af36731baeac4ee5a7a5b5d47e298ee3,06752280,USGS,Boxelder
USGS-06752260,00060,00003,2025-12-01,7.52,ft^3/s,Provisional,2026-07-01T22:23:18Z,,272a1fc51e7a4da584101aad9cdd2601,06752260,USGS,Lincoln
USGS-06752280,00060,00003,2025-12-01,2.06,ft^3/s,Approved,2026-09-09T20:45:14Z,,af36731baeac4ee5a7a5b5d47e298ee3,06752280,USGS,Boxelder
USGS-06752260,00060,00003,2025-12-02,16.7,ft^3/s,Provisional,2026-07-01T22:23:18Z,,272a1fc51e7a4da584101aad9cdd2601,06752260,USGS,Lincoln
USGS-06752280,00060,00003,2025-12-02,1.92,ft^3/s,Approved,2026-09-09T20:45:14Z,,af36731baeac4ee5a7a5b5d47e298ee3,06752280,USGS,Boxelder
USGS-06752260,00060,00003,2025-12-03,17.9,ft^3/s,Provisional,2026-07-01T22:23:18Z,ESTIMATED,272a1fc51e7a4da584101aad9cdd2601,06752260,USGS,Lincoln
USGS-06752280,00060,00003,2025-12-03,4.59,ft^3/s,Approved,2026-09-09T20:45:14Z,,af36731baeac4ee5a7a5b5d47e298ee3,06752280,USGS,Boxelder
USGS-06752260,00060,00003,2025-12-04,19.1,ft^3/s,Provisional,2026-07-01T22:23:18Z,ESTIMATED,272a1fc51e7a4da584101aad9cdd2601,06752260,USGS,Lincoln
USGS-06752280,00060,00003,2025-12-04,10.1,ft^3/s,Approved,2026-09-09T20:45:14Z,,af36731baeac4ee5a7a5b5d47e298ee3,06752280,USGS,Boxelder
USGS-06752260,00060,00003,2025-12-05,24,ft^3/s,Provisional,2026-07-01T22:23:18Z,ESTIMATED,272a1fc51e7a4da584101aad9cdd2601,06752260,USGS,Lincoln
USGS-06752280,00060,00003,2025-12-05,8.51,ft^3/s,Approved,2026-09-09T20:45:14Z,,af36731baeac4ee5a7a5b5d47e298ee3,06752280,USGS,Boxelder
USGS-06752260,00060,00003,2025-12-06,29.5,ft^3/s,Provisional,2026-07-01T22:23:18Z,ESTIMATED,272a1fc51e7a4da584101aad9cdd2601,06752260,USGS,Lincoln
USGS-06752280,00060,00003,2025-12-06,15.3,ft^3/s,Approved,2026-09-09T20:45:14Z,,af36731baeac4ee5a7a5b5d47e298ee3,06752280,USGS,Boxelder
USGS-06752260,00060,00003,2025-12-07,44.3,ft^3/s,Provisional,2026-07-01T22:23:18Z,,272a1fc51e7a4da584101aad9cdd2601,06752260,USGS,Lincoln
USGS-06752280,00060,00003,2025-12-07,16.9,ft^3/s,Approved,2026-09-09T20:45:14Z,,af36731baeac4ee5a7a5b5d47e298ee3,06752280,USGS,Boxelder
USGS-06752260,00060,00003,2025-12-08,34.9,ft^3/s,Provisional,2026-07-01T22:23:18Z,,272a1fc51e7a4da584101aad9cdd2601,06752260,USGS,Lincoln
USGS-06752280,00060,00003,2025-12-08,14.1,ft^3/s,Approved,2026-09-09T20:45:14Z,,af36731baeac4ee5a7a5b5d47e298ee3,06752280,USGS,Boxelder
USGS-06752260,00060,00003,2025-12-09,37.4,ft^3/s,Provisional,2026-07-01T22:23:18Z,,272a1fc51e7a4da584101aad9cdd2601,06752260,USGS,Lincoln
USGS-06752280,00060,00003,2025-12-09,15.6,ft^3/s,Approved,2026-09-09T20:45:14Z,,af36731baeac4ee5a7a5b5d47e298ee3,06752280,USGS,Boxelder
USGS-06752260,00060,00003,2025-12-10,38.1,ft^3/s,Provisional,2026-07-01T22:23:18Z,,272a1fc51e7a4da584101aad9cdd2601,06752260,USGS,Lincoln
USGS-06752280,00060,00003,2025-12-10,17.5,ft^3/s,Approved,2026-09-09T20:45:14Z,,af36731baeac4ee5a7a5b5d47e298ee3,06752280,USGS,Boxelder
USGS-06752260,00060,00003,2025-12-11,25.7,ft^3/s,Provisional,2026-07-01T22:23:18Z,,272a1fc51e7a4da584101aad9cdd2601,06752260,USGS,Lincoln
USGS-06752280,00060,00003,2025-12-11,16,ft^3/s,Approved,2026-09-09T20:45:14Z,,af36731baeac4ee5a7a5b5d47e298ee3,06752280,USGS,Boxelder
USGS-06752260,00060,00003,2025-12-12,20,ft^3/s,Provisional,2026-07-01T22:23:18Z,,272a1fc51e7a4da584101aad9cdd2601,06752260,USGS,Lincoln
USGS-06752280,00060,00003,2025-12-12,20.1,ft^3/s,Approved,2026-09-09T20:45:14Z,,af36731baeac4ee5a7a5b5d47e298ee3,06752280,USGS,Boxelder
USGS-06752260,00060,00003,2025-12-13,16.2,ft^3/s,Provisional,2026-07-01T22:23:18Z,,272a1fc51e7a4da584101aad9cdd2601,06752260,USGS,Lincoln
USGS-06752280,00060,00003,2025-12-13,16.1,ft^3/s,Approved,2026-09-09T20:45:14Z,,af36731baeac4ee5a7a5b5d47e298ee3,06752280,USGS,Boxelder
USGS-06752260,00060,00003,2025-12-14,22,ft^3/s,Provisional,2026-07-01T22:23:18Z,,272a1fc51e7a4da584101aad9cdd2601,06752260,USGS,Lincoln
USGS-06752280,00060,00003,2025-12-14,15.9,ft^3/s,Approved,2026-09-09T20:45:14Z,,af36731baeac4ee5a7a5b5d47e298ee3,06752280,USGS,Boxelder
USGS-06752260,00060,00003,2025-12-15,16,ft^3/s,Provisional,2026-07-01T22:23:18Z,,272a1fc51e7a4da584101aad9cdd2601,06752260,USGS,Lincoln
USGS-06752280,00060,00003,2025-12-15,15.6,ft^3/s,Approved,2026-09-09T20:45:14Z,,af36731baeac4ee5a7a5b5d47e298ee3,06752280,USGS,Boxelder
USGS-06752260,00060,00003,2025-12-16,25,ft^3/s,Provisional,2026-07-01T22:23:18Z,,272a1fc51e7a4da584101aad9cdd2601,06752260,USGS,Lincoln
USGS-06752280,00060,00003,2025-12-16,15.9,ft^3/s,Approved,2026-09-09T20:45:14Z,,af36731baeac4ee5a7a5b5d47e298ee3,06752280,USGS,Boxelder
USGS-06752260,00060,00003,2025-12-17,38.5,ft^3/s,Provisional,2026-07-01T22:23:18Z,,272a1fc51e7a4da584101aad9cdd2601,06752260,USGS,Lincoln
USGS-06752280,00060,00003,2025-12-17,17.2,ft^3/s,Approved,2026-09-09T20:45:14Z,,af36731baeac4ee5a7a5b5d47e298ee3,06752280,USGS,Boxelder
USGS-06752260,00060,00003,2025-12-18,31.9,ft^3/s,Provisional,2026-07-01T22:23:18Z,,272a1fc51e7a4da584101aad9cdd2601,06752260,USGS,Lincoln
USGS-06752280,00060,00003,2025-12-18,13.6,ft^3/s,Approved,2026-09-09T20:45:14Z,,af36731baeac4ee5a7a5b5d47e298ee3,06752280,USGS,Boxelder
USGS-06752260,00060,00003,2025-12-19,25.9,ft^3/s,Provisional,2026-07-01T22:23:18Z,,272a1fc51e7a4da584101aad9cdd2601,06752260,USGS,Lincoln
USGS-06752280,00060,00003,2025-12-19,9.88,ft^3/s,Approved,2026-09-09T20:45:14Z,,af36731baeac4ee5a7a5b5d47e298ee3,06752280,USGS,Boxelder
USGS-06752260,00060,00003,2025-12-20,32.1,ft^3/s,Provisional,2026-07-01T22:23:18Z,,272a1fc51e7a4da584101aad9cdd2601,06752260,USGS,Lincoln
USGS-06752280,00060,00003,2025-12-20,9.44,ft^3/s,Approved,2026-09-09T20:45:14Z,,af36731baeac4ee5a7a5b5d47e298ee3,06752280,USGS,Boxelder
USGS-06752260,00060,00003,2025-12-21,48,ft^3/s,Provisional,2026-07-01T22:23:18Z,,272a1fc51e7a4da584101aad9cdd2601,06752260,USGS,Lincoln
USGS-06752280,00060,00003,2025-12-21,11.6,ft^3/s,Approved,2026-09-09T20:45:14Z,,af36731baeac4ee5a7a5b5d47e298ee3,06752280,USGS,Boxelder
USGS-06752260,00060,00003,2025-12-22,21.2,ft^3/s,Provisional,2026-07-01T22:23:18Z,,272a1fc51e7a4da584101aad9cdd2601,06752260,USGS,Lincoln
USGS-06752280,00060,00003,2025-12-22,5.77,ft^3/s,Approved,2026-09-09T20:45:14Z,,af36731baeac4ee5a7a5b5d47e298ee3,06752280,USGS,Boxelder
USGS-06752260,00060,00003,2025-12-23,27.1,ft^3/s,Provisional,2026-07-01T22:23:18Z,,272a1fc51e7a4da584101aad9cdd2601,06752260,USGS,Lincoln
USGS-06752280,00060,00003,2025-12-23,3.04,ft^3/s,Approved,2026-09-09T20:45:14Z,,af36731baeac4ee5a7a5b5d47e298ee3,06752280,USGS,Boxelder
USGS-06752260,00060,00003,2025-12-24,23.9,ft^3/s,Provisional,2026-07-01T22:23:18Z,,272a1fc51e7a4da584101aad9cdd2601,06752260,USGS,Lincoln
USGS-06752280,00060,00003,2025-12-24,3.06,ft^3/s,Approved,2026-09-09T20:45:14Z,,af36731baeac4ee5a7a5b5d47e298ee3,06752280,USGS,Boxelder
USGS-06752260,00060,00003,2025-12-25,20.6,ft^3/s,Provisional,2026-07-01T22:23:18Z,,272a1fc51e7a4da584101aad9cdd2601,06752260,USGS,Lincoln
USGS-06752280,00060,00003,2025-12-25,2.95,ft^3/s,Approved,2026-09-09T20:45:14Z,,af36731baeac4ee5a7a5b5d47e298ee3,06752280,USGS,Boxelder
USGS-06752260,00060,00003,2025-12-26,24.8,ft^3/s,Provisional,2026-07-01T22:23:18Z,,272a1fc51e7a4da584101aad9cdd2601,06752260,USGS,Lincoln
USGS-06752280,00060,00003,2025-12-26,2.77,ft^3/s,Approved,2026-09-09T20:45:14Z,,af36731baeac4ee5a7a5b5d47e298ee3,06752280,USGS,Boxelder
USGS-06752260,00060,00003,2025-12-27,37.4,ft^3/s,Provisional,2026-07-01T22:23:18Z,,272a1fc51e7a4da584101aad9cdd2601,06752260,USGS,Lincoln
USGS-06752280,00060,00003,2025-12-27,2.77,ft^3/s,Approved,2026-09-09T20:45:14Z,,af36731baeac4ee5a7a5b5d47e298ee3,06752280,USGS,Boxelder
USGS-06752260,00060,00003,2025-12-28,33.5,ft^3/s,Provisional,2026-07-01T22:23:18Z,ESTIMATED,272a1fc51e7a4da584101aad9cdd2601,06752260,USGS,Lincoln
USGS-06752280,00060,00003,2025-12-28,2.9,ft^3/s,Approved,2026-09-09T20:45:14Z,,af36731baeac4ee5a7a5b5d47e298ee3,06752280,USGS,Boxelder
USGS-06752260,00060,00003,2025-12-29,25.2,ft^3/s,Provisional,2026-07-01T22:23:18Z,ESTIMATED,272a1fc51e7a4da584101aad9cdd2601,06752260,USGS,Lincoln
USGS-06752280,00060,00003,2025-12-29,2.85,ft^3/s,Approved,2026-09-09T20:45:14Z,,af36731baeac4ee5a7a5b5d47e298ee3,06752280,USGS,Boxelder
USGS-06752260,00060,00003,2025-12-30,14.4,ft^3/s,Provisional,2026-07-01T22:23:18Z,,272a1fc51e7a4da584101aad9cdd2601,06752260,USGS,Lincoln
USGS-06752280,00060,00003,2025-12-30,2.59,ft^3/s,Approved,2026-09-09T20:45:14Z,,af36731baeac4ee5a7a5b5d47e298ee3,06752280,USGS,Boxelder
USGS-06752260,00060,00003,2025-12-31,13.3,ft^3/s,Provisional,2026-07-01T22:23:18Z,,272a1fc51e7a4da584101aad9cdd2601,06752260,USGS,Lincoln
USGS-06752280,00060,00003,2025-12-31,2.33,ft^3/s,Approved,2026-09-09T20:45:14Z,,af36731baeac4ee5a7a5b5d47e298ee3,06752280,USGS,Boxelder
USGS-06752260,00060,00003,2026-01-01,36.9,ft^3/s,Provisional,2026-07-01T22:23:18Z,,272a1fc51e7a4da584101aad9cdd2601,06752260,USGS,Lincoln
USGS-06752280,00060,00003,2026-01-01,2.4,ft^3/s,Approved,2026-09-09T20:45:14Z,,af36731baeac4ee5a7a5b5d47e298ee3,06752280,USGS,Boxelder
USGS-06752260,00060,00003,2026-01-02,46.9,ft^3/s,Provisional,2026-07-01T22:23:18Z,,272a1fc51e7a4da584101aad9cdd2601,06752260,USGS,Lincoln
USGS-06752280,00060,00003,2026-01-02,3.27,ft^3/s,Approved,2026-09-09T20:45:14Z,,af36731baeac4ee5a7a5b5d47e298ee3,06752280,USGS,Boxelder
USGS-06752260,00060,00003,2026-01-03,38.2,ft^3/s,Provisional,2026-07-01T22:23:18Z,,272a1fc51e7a4da584101aad9cdd2601,06752260,USGS,Lincoln
USGS-06752280,00060,00003,2026-01-03,2.63,ft^3/s,Approved,2026-09-09T20:45:14Z,,af36731baeac4ee5a7a5b5d47e298ee3,06752280,USGS,Boxelder
USGS-06752260,00060,00003,2026-01-04,37.3,ft^3/s,Provisional,2026-07-01T22:23:18Z,,272a1fc51e7a4da584101aad9cdd2601,06752260,USGS,Lincoln
USGS-06752280,00060,00003,2026-01-04,2.49,ft^3/s,Approved,2026-09-09T20:45:14Z,,af36731baeac4ee5a7a5b5d47e298ee3,06752280,USGS,Boxelder
USGS-06752260,00060,00003,2026-01-05,48.4,ft^3/s,Provisional,2026-07-01T22:23:18Z,,272a1fc51e7a4da584101aad9cdd2601,06752260,USGS,Lincoln
USGS-06752280,00060,00003,2026-01-05,2.93,ft^3/s,Approved,2026-09-09T20:45:14Z,,af36731baeac4ee5a7a5b5d47e298ee3,06752280,USGS,Boxelder
USGS-06752260,00060,00003,2026-01-06,44.9,ft^3/s,Provisional,2026-07-01T22:23:18Z,,272a1fc51e7a4da584101aad9cdd2601,06752260,USGS,Lincoln
USGS-06752280,00060,00003,2026-01-06,4.11,ft^3/s,Approved,2026-09-09T20:45:14Z,,af36731baeac4ee5a7a5b5d47e298ee3,06752280,USGS,Boxelder
USGS-06752260,00060,00003,2026-01-07,35.7,ft^3/s,Provisional,2026-07-01T22:23:18Z,,272a1fc51e7a4da584101aad9cdd2601,06752260,USGS,Lincoln
USGS-06752280,00060,00003,2026-01-07,3.33,ft^3/s,Approved,2026-09-09T20:45:14Z,,af36731baeac4ee5a7a5b5d47e298ee3,06752280,USGS,Boxelder
USGS-06752260,00060,00003,2026-01-08,31,ft^3/s,Provisional,2026-07-01T22:23:18Z,,272a1fc51e7a4da584101aad9cdd2601,06752260,USGS,Lincoln
USGS-06752280,00060,00003,2026-01-08,2.19,ft^3/s,Approved,2026-09-09T20:45:14Z,,af36731baeac4ee5a7a5b5d47e298ee3,06752280,USGS,Boxelder
USGS-06752260,00060,00003,2026-01-09,21.4,ft^3/s,Provisional,2026-07-01T22:23:18Z,ESTIMATED,272a1fc51e7a4da584101aad9cdd2601,06752260,USGS,Lincoln
USGS-06752280,00060,00003,2026-01-09,2.27,ft^3/s,Approved,2026-09-09T20:45:14Z,,af36731baeac4ee5a7a5b5d47e298ee3,06752280,USGS,Boxelder
USGS-06752260,00060,00003,2026-01-10,22.4,ft^3/s,Provisional,2026-07-01T22:23:18Z,ESTIMATED,272a1fc51e7a4da584101aad9cdd2601,06752260,USGS,Lincoln
USGS-06752280,00060,00003,2026-01-10,2.07,ft^3/s,Approved,2026-09-09T20:45:14Z,,af36731baeac4ee5a7a5b5d47e298ee3,06752280,USGS,Boxelder
USGS-06752260,00060,00003,2026-01-11,16.6,ft^3/s,Provisional,2026-07-01T22:23:18Z,,272a1fc51e7a4da584101aad9cdd2601,06752260,USGS,Lincoln
USGS-06752280,00060,00003,2026-01-11,1.98,ft^3/s,Approved,2026-09-09T20:45:14Z,,af36731baeac4ee5a7a5b5d47e298ee3,06752280,USGS,Boxelder
USGS-06752260,00060,00003,2026-01-12,12.7,ft^3/s,Provisional,2026-07-01T22:23:18Z,,272a1fc51e7a4da584101aad9cdd2601,06752260,USGS,Lincoln
USGS-06752280,00060,00003,2026-01-12,1.97,ft^3/s,Approved,2026-09-09T20:45:14Z,,af36731baeac4ee5a7a5b5d47e298ee3,06752280,USGS,Boxelder
USGS-06752260,00060,00003,2026-01-13,47.9,ft^3/s,Provisional,2026-07-01T22:23:18Z,,272a1fc51e7a4da584101aad9cdd2601,06752260,USGS,Lincoln
USGS-06752280,00060,00003,2026-01-13,2.07,ft^3/s,Approved,2026-09-09T20:45:14Z,,af36731baeac4ee5a7a5b5d47e298ee3,06752280,USGS,Boxelder
USGS-06752260,00060,00003,2026-01-14,37.3,ft^3/s,Provisional,2026-07-01T22:23:18Z,,272a1fc51e7a4da584101aad9cdd2601,06752260,USGS,Lincoln
USGS-06752280,00060,00003,2026-01-14,2.16,ft^3/s,Approved,2026-09-09T20:45:14Z,,af36731baeac4ee5a7a5b5d47e298ee3,06752280,USGS,Boxelder
USGS-06752260,00060,00003,2026-01-15,30,ft^3/s,Provisional,2026-07-01T22:23:18Z,ESTIMATED,272a1fc51e7a4da584101aad9cdd2601,06752260,USGS,Lincoln
USGS-06752280,00060,00003,2026-01-15,2.08,ft^3/s,Approved,2026-09-09T20:45:14Z,,af36731baeac4ee5a7a5b5d47e298ee3,06752280,USGS,Boxelder
USGS-06752260,00060,00003,2026-01-16,27.5,ft^3/s,Provisional,2026-07-01T22:23:18Z,ESTIMATED,272a1fc51e7a4da584101aad9cdd2601,06752260,USGS,Lincoln
USGS-06752280,00060,00003,2026-01-16,1.8,ft^3/s,Approved,2026-09-09T20:45:14Z,,af36731baeac4ee5a7a5b5d47e298ee3,06752280,USGS,Boxelder
USGS-06752260,00060,00003,2026-01-17,24,ft^3/s,Provisional,2026-07-01T22:23:18Z,ESTIMATED,272a1fc51e7a4da584101aad9cdd2601,06752260,USGS,Lincoln
USGS-06752280,00060,00003,2026-01-17,2.07,ft^3/s,Approved,2026-09-09T20:45:14Z,,af36731baeac4ee5a7a5b5d47e298ee3,06752280,USGS,Boxelder
USGS-06752260,00060,00003,2026-01-18,14.6,ft^3/s,Provisional,2026-07-01T22:23:18Z,,272a1fc51e7a4da584101aad9cdd2601,06752260,USGS,Lincoln
USGS-06752280,00060,00003,2026-01-18,2.03,ft^3/s,Approved,2026-09-09T20:45:14Z,,af36731baeac4ee5a7a5b5d47e298ee3,06752280,USGS,Boxelder
USGS-06752260,00060,00003,2026-01-19,13.4,ft^3/s,Provisional,2026-07-01T22:23:18Z,,272a1fc51e7a4da584101aad9cdd2601,06752260,USGS,Lincoln
USGS-06752280,00060,00003,2026-01-19,1.97,ft^3/s,Approved,2026-09-09T20:45:14Z,,af36731baeac4ee5a7a5b5d47e298ee3,06752280,USGS,Boxelder
USGS-06752260,00060,00003,2026-01-20,21.2,ft^3/s,Provisional,2026-07-01T22:23:18Z,,272a1fc51e7a4da584101aad9cdd2601,06752260,USGS,Lincoln
USGS-06752280,00060,00003,2026-01-20,2.07,ft^3/s,Approved,2026-09-09T20:45:14Z,,af36731baeac4ee5a7a5b5d47e298ee3,06752280,USGS,Boxelder
USGS-06752260,00060,00003,2026-01-21,37.1,ft^3/s,Provisional,2026-07-01T22:23:18Z,,272a1fc51e7a4da584101aad9cdd2601,06752260,USGS,Lincoln
USGS-06752280,00060,00003,2026-01-21,2.13,ft^3/s,Approved,2026-09-09T20:45:14Z,,af36731baeac4ee5a7a5b5d47e298ee3,06752280,USGS,Boxelder
USGS-06752260,00060,00003,2026-01-22,31.3,ft^3/s,Provisional,2026-07-01T22:23:18Z,,272a1fc51e7a4da584101aad9cdd2601,06752260,USGS,Lincoln
USGS-06752280,00060,00003,2026-01-22,2.12,ft^3/s,Approved,2026-09-09T20:45:14Z,,af36731baeac4ee5a7a5b5d47e298ee3,06752280,USGS,Boxelder
USGS-06752260,00060,00003,2026-01-23,22.2,ft^3/s,Provisional,2026-07-01T22:23:18Z,,272a1fc51e7a4da584101aad9cdd2601,06752260,USGS,Lincoln
USGS-06752280,00060,00003,2026-01-23,2.02,ft^3/s,Approved,2026-09-09T20:45:14Z,,af36731baeac4ee5a7a5b5d47e298ee3,06752280,USGS,Boxelder
USGS-06752260,00060,00003,2026-01-24,17.1,ft^3/s,Provisional,2026-07-01T22:23:18Z,ESTIMATED,272a1fc51e7a4da584101aad9cdd2601,06752260,USGS,Lincoln
USGS-06752280,00060,00003,2026-01-24,2.03,ft^3/s,Approved,2026-09-09T20:45:14Z,,af36731baeac4ee5a7a5b5d47e298ee3,06752280,USGS,Boxelder
USGS-06752260,00060,00003,2026-01-25,17,ft^3/s,Provisional,2026-07-01T22:23:18Z,ESTIMATED,272a1fc51e7a4da584101aad9cdd2601,06752260,USGS,Lincoln
USGS-06752280,00060,00003,2026-01-25,1.95,ft^3/s,Approved,2026-09-09T20:45:14Z,,af36731baeac4ee5a7a5b5d47e298ee3,06752280,USGS,Boxelder
USGS-06752260,00060,00003,2026-01-26,19,ft^3/s,Provisional,2026-07-01T22:23:18Z,ESTIMATED,272a1fc51e7a4da584101aad9cdd2601,06752260,USGS,Lincoln
USGS-06752280,00060,00003,2026-01-26,1.96,ft^3/s,Approved,2026-09-09T20:45:14Z,ESTIMATED,af36731baeac4ee5a7a5b5d47e298ee3,06752280,USGS,Boxelder
USGS-06752260,00060,00003,2026-01-27,17.3,ft^3/s,Provisional,2026-07-01T22:23:18Z,,272a1fc51e7a4da584101aad9cdd2601,06752260,USGS,Lincoln
USGS-06752280,00060,00003,2026-01-27,1.86,ft^3/s,Approved,2026-09-09T20:45:14Z,,af36731baeac4ee5a7a5b5d47e298ee3,06752280,USGS,Boxelder
USGS-06752260,00060,00003,2026-01-28,15.8,ft^3/s,Provisional,2026-07-01T22:23:18Z,,272a1fc51e7a4da584101aad9cdd2601,06752260,USGS,Lincoln
USGS-06752280,00060,00003,2026-01-28,1.77,ft^3/s,Approved,2026-09-09T20:45:14Z,,af36731baeac4ee5a7a5b5d47e298ee3,06752280,USGS,Boxelder
USGS-06752260,00060,00003,2026-01-29,34.3,ft^3/s,Provisional,2026-07-01T22:23:18Z,,272a1fc51e7a4da584101aad9cdd2601,06752260,USGS,Lincoln
USGS-06752280,00060,00003,2026-01-29,1.79,ft^3/s,Approved,2026-09-09T20:45:14Z,,af36731baeac4ee5a7a5b5d47e298ee3,06752280,USGS,Boxelder
USGS-06752260,00060,00003,2026-01-30,39.6,ft^3/s,Provisional,2026-07-01T22:23:18Z,,272a1fc51e7a4da584101aad9cdd2601,06752260,USGS,Lincoln
USGS-06752280,00060,00003,2026-01-30,1.85,ft^3/s,Approved,2026-09-09T20:45:14Z,,af36731baeac4ee5a7a5b5d47e298ee3,06752280,USGS,Boxelder
USGS-06752260,00060,00003,2026-01-31,37.9,ft^3/s,Provisional,2026-07-01T22:23:18Z,,272a1fc51e7a4da584101aad9cdd2601,06752260,USGS,Lincoln
USGS-06752280,00060,00003,2026-01-31,1.93,ft^3/s,Approved,2026-09-09T20:45:14Z,,af36731baeac4ee5a7a5b5d47e298ee3,06752280,USGS,Boxelder
USGS-06752260,00060,00003,2026-02-01,35.6,ft^3/s,Provisional,2026-07-01T22:23:18Z,,272a1fc51e7a4da584101aad9cdd2601,06752260,USGS,Lincoln
USGS-06752280,00060,00003,2026-02-01,2.05,ft^3/s,Approved,2026-09-09T20:45:14Z,,af36731baeac4ee5a7a5b5d47e298ee3,06752280,USGS,Boxelder
USGS-06752260,00060,00003,2026-02-02,36.6,ft^3/s,Provisional,2026-07-01T22:23:18Z,,272a1fc51e7a4da584101aad9cdd2601,06752260,USGS,Lincoln
USGS-06752280,00060,00003,2026-02-02,1.93,ft^3/s,Approved,2026-09-09T20:45:14Z,,af36731baeac4ee5a7a5b5d47e298ee3,06752280,USGS,Boxelder
USGS-06752260,00060,00003,2026-02-03,35.6,ft^3/s,Provisional,2026-07-01T22:23:18Z,,272a1fc51e7a4da584101aad9cdd2601,06752260,USGS,Lincoln
USGS-06752280,00060,00003,2026-02-03,1.9,ft^3/s,Approved,2026-09-09T20:45:14Z,,af36731baeac4ee5a7a5b5d47e298ee3,06752280,USGS,Boxelder
USGS-06752260,00060,00003,2026-02-04,30.6,ft^3/s,Provisional,2026-07-01T22:23:18Z,,272a1fc51e7a4da584101aad9cdd2601,06752260,USGS,Lincoln
USGS-06752280,00060,00003,2026-02-04,1.95,ft^3/s,Provisional,2026-09-25T18:26:11Z,,af36731baeac4ee5a7a5b5d47e298ee3,06752280,USGS,Boxelder
USGS-06752260,00060,00003,2026-02-05,28.2,ft^3/s,Provisional,2026-07-01T22:23:18Z,,272a1fc51e7a4da584101aad9cdd2601,06752260,USGS,Lincoln
USGS-06752280,00060,00003,2026-02-05,1.91,ft^3/s,Provisional,2026-09-25T18:26:11Z,,af36731baeac4ee5a7a5b5d47e298ee3,06752280,USGS,Boxelder
USGS-06752260,00060,00003,2026-02-06,30.1,ft^3/s,Provisional,2026-07-01T22:23:18Z,,272a1fc51e7a4da584101aad9cdd2601,06752260,USGS,Lincoln
USGS-06752280,00060,00003,2026-02-06,1.97,ft^3/s,Provisional,2026-09-25T18:26:11Z,,af36731baeac4ee5a7a5b5d47e298ee3,06752280,USGS,Boxelder
USGS-06752260,00060,00003,2026-02-07,31.7,ft^3/s,Provisional,2026-07-01T22:23:18Z,,272a1fc51e7a4da584101aad9cdd2601,06752260,USGS,Lincoln
USGS-06752280,00060,00003,2026-02-07,1.98,ft^3/s,Provisional,2026-09-25T18:26:11Z,,af36731baeac4ee5a7a5b5d47e298ee3,06752280,USGS,Boxelder
USGS-06752260,00060,00003,2026-02-08,33.3,ft^3/s,Provisional,2026-07-01T22:23:18Z,,272a1fc51e7a4da584101aad9cdd2601,06752260,USGS,Lincoln
USGS-06752280,00060,00003,2026-02-08,2.14,ft^3/s,Provisional,2026-09-25T18:26:11Z,,af36731baeac4ee5a7a5b5d47e298ee3,06752280,USGS,Boxelder
USGS-06752260,00060,00003,2026-02-09,30.6,ft^3/s,Provisional,2026-07-01T22:23:18Z,,272a1fc51e7a4da584101aad9cdd2601,06752260,USGS,Lincoln
USGS-06752280,00060,00003,2026-02-09,2.19,ft^3/s,Provisional,2026-09-25T18:26:11Z,,af36731baeac4ee5a7a5b5d47e298ee3,06752280,USGS,Boxelder
USGS-06752260,00060,00003,2026-02-10,29.8,ft^3/s,Provisional,2026-07-01T22:23:18Z,,272a1fc51e7a4da584101aad9cdd2601,06752260,USGS,Lincoln
USGS-06752280,00060,00003,2026-02-10,2.14,ft^3/s,Provisional,2026-09-25T18:26:11Z,,af36731baeac4ee5a7a5b5d47e298ee3,06752280,USGS,Boxelder
USGS-06752260,00060,00003,2026-02-11,30.2,ft^3/s,Provisional,2026-07-01T22:23:18Z,,272a1fc51e7a4da584101aad9cdd2601,06752260,USGS,Lincoln
USGS-06752280,00060,00003,2026-02-11,2.07,ft^3/s,Provisional,2026-09-25T18:26:11Z,,af36731baeac4ee5a7a5b5d47e298ee3,06752280,USGS,Boxelder
USGS-06752260,00060,00003,2026-02-12,38.5,ft^3/s,Provisional,2026-07-01T22:23:18Z,,272a1fc51e7a4da584101aad9cdd2601,06752260,USGS,Lincoln
USGS-06752280,00060,00003,2026-02-12,1.99,ft^3/s,Provisional,2026-09-25T18:26:11Z,,af36731baeac4ee5a7a5b5d47e298ee3,06752280,USGS,Boxelder
USGS-06752260,00060,00003,2026-02-13,35.3,ft^3/s,Provisional,2026-07-01T22:23:18Z,,272a1fc51e7a4da584101aad9cdd2601,06752260,USGS,Lincoln
USGS-06752280,00060,00003,2026-02-13,2.09,ft^3/s,Provisional,2026-09-25T18:26:11Z,,af36731baeac4ee5a7a5b5d47e298ee3,06752280,USGS,Boxelder
USGS-06752260,00060,00003,2026-02-14,31.9,ft^3/s,Provisional,2026-07-01T22:23:18Z,,272a1fc51e7a4da584101aad9cdd2601,06752260,USGS,Lincoln
USGS-06752280,00060,00003,2026-02-14,2.27,ft^3/s,Provisional,2026-09-25T18:26:11Z,,af36731baeac4ee5a7a5b5d47e298ee3,06752280,USGS,Boxelder
USGS-06752260,00060,00003,2026-02-15,32,ft^3/s,Provisional,2026-07-01T22:23:18Z,,272a1fc51e7a4da584101aad9cdd2601,06752260,USGS,Lincoln
USGS-06752280,00060,00003,2026-02-15,2.23,ft^3/s,Provisional,2026-09-25T18:26:11Z,,af36731baeac4ee5a7a5b5d47e298ee3,06752280,USGS,Boxelder
USGS-06752260,00060,00003,2026-02-16,26.7,ft^3/s,Provisional,2026-07-01T22:23:18Z,,272a1fc51e7a4da584101aad9cdd2601,06752260,USGS,Lincoln
USGS-06752280,00060,00003,2026-02-16,2.17,ft^3/s,Provisional,2026-09-25T18:26:11Z,,af36731baeac4ee5a7a5b5d47e298ee3,06752280,USGS,Boxelder
USGS-06752260,00060,00003,2026-02-17,32.1,ft^3/s,Provisional,2026-07-01T22:23:18Z,,272a1fc51e7a4da584101aad9cdd2601,06752260,USGS,Lincoln
USGS-06752280,00060,00003,2026-02-17,2.08,ft^3/s,Provisional,2026-09-25T18:26:11Z,,af36731baeac4ee5a7a5b5d47e298ee3,06752280,USGS,Boxelder
USGS-06752260,00060,00003,2026-02-18,28,ft^3/s,Provisional,2026-07-01T22:23:18Z,,272a1fc51e7a4da584101aad9cdd2601,06752260,USGS,Lincoln
USGS-06752280,00060,00003,2026-02-18,2.11,ft^3/s,Provisional,2026-09-25T18:26:11Z,,af36731baeac4ee5a7a5b5d47e298ee3,06752280,USGS,Boxelder
USGS-06752260,00060,00003,2026-02-19,20.8,ft^3/s,Provisional,2026-07-01T22:23:18Z,,272a1fc51e7a4da584101aad9cdd2601,06752260,USGS,Lincoln
USGS-06752280,00060,00003,2026-02-19,2.04,ft^3/s,Provisional,2026-09-25T18:26:11Z,,af36731baeac4ee5a7a5b5d47e298ee3,06752280,USGS,Boxelder
USGS-06752260,00060,00003,2026-02-20,16.5,ft^3/s,Provisional,2026-07-01T22:23:18Z,,272a1fc51e7a4da584101aad9cdd2601,06752260,USGS,Lincoln
USGS-06752280,00060,00003,2026-02-20,1.9,ft^3/s,Provisional,2026-09-25T18:26:11Z,,af36731baeac4ee5a7a5b5d47e298ee3,06752280,USGS,Boxelder
USGS-06752260,00060,00003,2026-02-21,13.9,ft^3/s,Provisional,2026-07-01T22:23:18Z,,272a1fc51e7a4da584101aad9cdd2601,06752260,USGS,Lincoln
USGS-06752280,00060,00003,2026-02-21,1.87,ft^3/s,Provisional,2026-09-25T18:26:11Z,,af36731baeac4ee5a7a5b5d47e298ee3,06752280,USGS,Boxelder
USGS-06752260,00060,00003,2026-02-22,14.8,ft^3/s,Provisional,2026-07-01T22:23:18Z,,272a1fc51e7a4da584101aad9cdd2601,06752260,USGS,Lincoln
USGS-06752280,00060,00003,2026-02-22,1.77,ft^3/s,Provisional,2026-09-25T18:26:11Z,,af36731baeac4ee5a7a5b5d47e298ee3,06752280,USGS,Boxelder
USGS-06752260,00060,00003,2026-02-23,30.8,ft^3/s,Provisional,2026-07-01T22:23:18Z,,272a1fc51e7a4da584101aad9cdd2601,06752260,USGS,Lincoln
USGS-06752280,00060,00003,2026-02-23,1.8,ft^3/s,Provisional,2026-09-25T18:26:11Z,,af36731baeac4ee5a7a5b5d47e298ee3,06752280,USGS,Boxelder
USGS-06752260,00060,00003,2026-02-24,42.9,ft^3/s,Provisional,2026-07-01T22:23:18Z,,272a1fc51e7a4da584101aad9cdd2601,06752260,USGS,Lincoln
USGS-06752280,00060,00003,2026-02-24,1.86,ft^3/s,Provisional,2026-09-25T18:26:11Z,,af36731baeac4ee5a7a5b5d47e298ee3,06752280,USGS,Boxelder
USGS-06752260,00060,00003,2026-02-25,39.9,ft^3/s,Provisional,2026-07-01T22:23:18Z,,272a1fc51e7a4da584101aad9cdd2601,06752260,USGS,Lincoln
USGS-06752280,00060,00003,2026-02-25,2.01,ft^3/s,Provisional,2026-09-25T18:26:11Z,,af36731baeac4ee5a7a5b5d47e298ee3,06752280,USGS,Boxelder
USGS-06752260,00060,00003,2026-02-26,37.6,ft^3/s,Provisional,2026-07-01T22:23:18Z,,272a1fc51e7a4da584101aad9cdd2601,06752260,USGS,Lincoln
USGS-06752280,00060,00003,2026-02-26,2.03,ft^3/s,Provisional,2026-09-25T18:26:11Z,,af36731baeac4ee5a7a5b5d47e298ee3,06752280,USGS,Boxelder
USGS-06752260,00060,00003,2026-02-27,28.7,ft^3/s,Provisional,2026-07-01T22:23:18Z,,272a1fc51e7a4da584101aad9cdd2601,06752260,USGS,Lincoln
USGS-06752280,00060,00003,2026-02-27,1.96,ft^3/s,Provisional,2026-09-25T18:26:11Z,,af36731baeac4ee5a7a5b5d47e298ee3,06752280,USGS,Boxelder
USGS-06752260,00060,00003,2026-02-28,22.3,ft^3/s,Provisional,2026-07-01T22:23:18Z,,272a1fc51e7a4da584101aad9cdd2601,06752260,USGS,Lincoln
USGS-06752280,00060,00003,2026-02-28,1.92,ft^3/s,Provisional,2026-09-25T18:26:11Z,,af36731baeac4ee5a7a5b5d47e298ee3,06752280,USGS,Boxelder
USGS-06752260,00060,00003,2026-03-01,16.8,ft^3/s,Provisional,2026-07-01T22:23:18Z,,272a1fc51e7a4da584101aad9cdd2601,06752260,USGS,Lincoln
USGS-06752280,00060,00003,2026-03-01,1.9,ft^3/s,Provisional,2026-09-25T18:26:11Z,,af36731baeac4ee5a7a5b5d47e298ee3,06752280,USGS,Boxelder
USGS-06752260,00060,00003,2026-03-02,5.78,ft^3/s,Provisional,2026-07-01T22:23:18Z,,272a1fc51e7a4da584101aad9cdd2601,06752260,USGS,Lincoln
USGS-06752280,00060,00003,2026-03-02,1.98,ft^3/s,Provisional,2026-09-25T18:26:11Z,,af36731baeac4ee5a7a5b5d47e298ee3,06752280,USGS,Boxelder
USGS-06752260,00060,00003,2026-03-03,6.34,ft^3/s,Provisional,2026-07-01T22:23:18Z,,272a1fc51e7a4da584101aad9cdd2601,06752260,USGS,Lincoln
USGS-06752280,00060,00003,2026-03-03,1.99,ft^3/s,Provisional,2026-09-25T18:26:11Z,,af36731baeac4ee5a7a5b5d47e298ee3,06752280,USGS,Boxelder
USGS-06752260,00060,00003,2026-03-04,4.19,ft^3/s,Provisional,2026-07-01T22:23:18Z,,272a1fc51e7a4da584101aad9cdd2601,06752260,USGS,Lincoln
USGS-06752280,00060,00003,2026-03-04,2.07,ft^3/s,Provisional,2026-09-25T18:26:11Z,,af36731baeac4ee5a7a5b5d47e298ee3,06752280,USGS,Boxelder
USGS-06752260,00060,00003,2026-03-05,4.13,ft^3/s,Provisional,2026-07-01T22:23:18Z,,272a1fc51e7a4da584101aad9cdd2601,06752260,USGS,Lincoln
USGS-06752280,00060,00003,2026-03-05,2.04,ft^3/s,Provisional,2026-09-25T18:26:11Z,,af36731baeac4ee5a7a5b5d47e298ee3,06752280,USGS,Boxelder
USGS-06752260,00060,00003,2026-03-06,5.81,ft^3/s,Provisional,2026-07-01T22:23:18Z,,272a1fc51e7a4da584101aad9cdd2601,06752260,USGS,Lincoln
USGS-06752280,00060,00003,2026-03-06,2.21,ft^3/s,Provisional,2026-09-25T18:26:11Z,,af36731baeac4ee5a7a5b5d47e298ee3,06752280,USGS,Boxelder
USGS-06752260,00060,00003,2026-03-07,4.86,ft^3/s,Provisional,2026-07-01T22:23:18Z,,272a1fc51e7a4da584101aad9cdd2601,06752260,USGS,Lincoln
USGS-06752280,00060,00003,2026-03-07,2.25,ft^3/s,Provisional,2026-09-25T18:26:11Z,,af36731baeac4ee5a7a5b5d47e298ee3,06752280,USGS,Boxelder
USGS-06752260,00060,00003,2026-03-08,4.42,ft^3/s,Provisional,2026-07-01T22:23:18Z,,272a1fc51e7a4da584101aad9cdd2601,06752260,USGS,Lincoln
USGS-06752280,00060,00003,2026-03-08,2,ft^3/s,Provisional,2026-09-25T18:26:11Z,,af36731baeac4ee5a7a5b5d47e298ee3,06752280,USGS,Boxelder
USGS-06752260,00060,00003,2026-03-09,4.09,ft^3/s,Provisional,2026-07-01T22:23:18Z,,272a1fc51e7a4da584101aad9cdd2601,06752260,USGS,Lincoln
USGS-06752280,00060,00003,2026-03-09,1.9,ft^3/s,Provisional,2026-09-25T18:26:11Z,,af36731baeac4ee5a7a5b5d47e298ee3,06752280,USGS,Boxelder
USGS-06752260,00060,00003,2026-03-10,4.3,ft^3/s,Provisional,2026-07-01T22:23:18Z,,272a1fc51e7a4da584101aad9cdd2601,06752260,USGS,Lincoln
USGS-06752280,00060,00003,2026-03-10,1.93,ft^3/s,Provisional,2026-09-25T18:26:11Z,,af36731baeac4ee5a7a5b5d47e298ee3,06752280,USGS,Boxelder
USGS-06752260,00060,00003,2026-03-11,4.08,ft^3/s,Provisional,2026-07-01T22:23:18Z,,272a1fc51e7a4da584101aad9cdd2601,06752260,USGS,Lincoln
USGS-06752280,00060,00003,2026-03-11,1.86,ft^3/s,Provisional,2026-09-25T18:26:11Z,,af36731baeac4ee5a7a5b5d47e298ee3,06752280,USGS,Boxelder
USGS-06752260,00060,00003,2026-03-12,3.9,ft^3/s,Provisional,2026-07-01T22:23:18Z,,272a1fc51e7a4da584101aad9cdd2601,06752260,USGS,Lincoln
USGS-06752280,00060,00003,2026-03-12,1.64,ft^3/s,Provisional,2026-09-25T18:26:11Z,,af36731baeac4ee5a7a5b5d47e298ee3,06752280,USGS,Boxelder
USGS-06752260,00060,00003,2026-03-13,3.54,ft^3/s,Provisional,2026-07-01T22:23:18Z,,272a1fc51e7a4da584101aad9cdd2601,06752260,USGS,Lincoln
USGS-06752280,00060,00003,2026-03-13,1.75,ft^3/s,Provisional,2026-09-25T18:26:11Z,,af36731baeac4ee5a7a5b5d47e298ee3,06752280,USGS,Boxelder
USGS-06752260,00060,00003,2026-03-14,3.47,ft^3/s,Provisional,2026-07-01T22:23:18Z,,272a1fc51e7a4da584101aad9cdd2601,06752260,USGS,Lincoln
USGS-06752280,00060,00003,2026-03-14,1.81,ft^3/s,Provisional,2026-09-25T18:26:11Z,,af36731baeac4ee5a7a5b5d47e298ee3,06752280,USGS,Boxelder
USGS-06752260,00060,00003,2026-03-15,3.49,ft^3/s,Provisional,2026-07-01T22:23:18Z,,272a1fc51e7a4da584101aad9cdd2601,06752260,USGS,Lincoln
USGS-06752280,00060,00003,2026-03-15,1.67,ft^3/s,Provisional,2026-09-25T18:26:11Z,,af36731baeac4ee5a7a5b5d47e298ee3,06752280,USGS,Boxelder
USGS-06752260,00060,00003,2026-03-16,3.84,ft^3/s,Provisional,2026-07-01T22:23:18Z,,272a1fc51e7a4da584101aad9cdd2601,06752260,USGS,Lincoln
USGS-06752280,00060,00003,2026-03-16,1.82,ft^3/s,Provisional,2026-09-25T18:26:11Z,,af36731baeac4ee5a7a5b5d47e298ee3,06752280,USGS,Boxelder
USGS-06752260,00060,00003,2026-03-17,6.01,ft^3/s,Provisional,2026-07-01T22:23:18Z,,272a1fc51e7a4da584101aad9cdd2601,06752260,USGS,Lincoln
USGS-06752280,00060,00003,2026-03-17,1.81,ft^3/s,Provisional,2026-09-25T18:26:11Z,,af36731baeac4ee5a7a5b5d47e298ee3,06752280,USGS,Boxelder
USGS-06752260,00060,00003,2026-03-18,6.23,ft^3/s,Provisional,2026-07-01T22:23:18Z,,272a1fc51e7a4da584101aad9cdd2601,06752260,USGS,Lincoln
USGS-06752280,00060,00003,2026-03-18,1.98,ft^3/s,Provisional,2026-09-25T18:26:11Z,,af36731baeac4ee5a7a5b5d47e298ee3,06752280,USGS,Boxelder
USGS-06752260,00060,00003,2026-03-19,5.89,ft^3/s,Provisional,2026-07-01T22:23:18Z,,272a1fc51e7a4da584101aad9cdd2601,06752260,USGS,Lincoln
USGS-06752280,00060,00003,2026-03-19,1.88,ft^3/s,Provisional,2026-09-25T18:26:11Z,,af36731baeac4ee5a7a5b5d47e298ee3,06752280,USGS,Boxelder
USGS-06752260,00060,00003,2026-03-20,4.11,ft^3/s,Provisional,2026-07-01T22:23:18Z,,272a1fc51e7a4da584101aad9cdd2601,06752260,USGS,Lincoln
USGS-06752280,00060,00003,2026-03-20,1.87,ft^3/s,Provisional,2026-09-25T18:26:11Z,,af36731baeac4ee5a7a5b5d47e298ee3,06752280,USGS,Boxelder
USGS-06752260,00060,00003,2026-03-21,2.79,ft^3/s,Provisional,2026-07-01T22:23:18Z,,272a1fc51e7a4da584101aad9cdd2601,06752260,USGS,Lincoln
USGS-06752280,00060,00003,2026-03-21,1.84,ft^3/s,Provisional,2026-09-25T18:26:11Z,,af36731baeac4ee5a7a5b5d47e298ee3,06752280,USGS,Boxelder
USGS-06752260,00060,00003,2026-03-22,3.74,ft^3/s,Provisional,2026-07-01T22:23:18Z,,272a1fc51e7a4da584101aad9cdd2601,06752260,USGS,Lincoln
USGS-06752280,00060,00003,2026-03-22,1.77,ft^3/s,Provisional,2026-09-25T18:26:11Z,,af36731baeac4ee5a7a5b5d47e298ee3,06752280,USGS,Boxelder
USGS-06752260,00060,00003,2026-03-23,4.19,ft^3/s,Provisional,2026-07-01T22:23:18Z,,272a1fc51e7a4da584101aad9cdd2601,06752260,USGS,Lincoln
USGS-06752280,00060,00003,2026-03-23,1.82,ft^3/s,Provisional,2026-09-25T18:26:11Z,,af36731baeac4ee5a7a5b5d47e298ee3,06752280,USGS,Boxelder
USGS-06752260,00060,00003,2026-03-24,4.48,ft^3/s,Provisional,2026-07-01T22:23:18Z,,272a1fc51e7a4da584101aad9cdd2601,06752260,USGS,Lincoln
USGS-06752280,00060,00003,2026-03-24,1.91,ft^3/s,Provisional,2026-09-25T18:26:11Z,,af36731baeac4ee5a7a5b5d47e298ee3,06752280,USGS,Boxelder
USGS-06752260,00060,00003,2026-03-25,7,ft^3/s,Provisional,2026-07-01T22:23:18Z,,272a1fc51e7a4da584101aad9cdd2601,06752260,USGS,Lincoln
USGS-06752280,00060,00003,2026-03-25,1.85,ft^3/s,Provisional,2026-09-25T18:26:11Z,,af36731baeac4ee5a7a5b5d47e298ee3,06752280,USGS,Boxelder
USGS-06752260,00060,00003,2026-03-26,3.37,ft^3/s,Provisional,2026-07-01T22:23:18Z,,272a1fc51e7a4da584101aad9cdd2601,06752260,USGS,Lincoln
USGS-06752280,00060,00003,2026-03-26,2.02,ft^3/s,Provisional,2026-09-25T18:26:11Z,,af36731baeac4ee5a7a5b5d47e298ee3,06752280,USGS,Boxelder
USGS-06752260,00060,00003,2026-03-27,5.89,ft^3/s,Provisional,2026-07-01T22:23:18Z,,272a1fc51e7a4da584101aad9cdd2601,06752260,USGS,Lincoln
USGS-06752280,00060,00003,2026-03-27,1.88,ft^3/s,Provisional,2026-09-25T18:26:11Z,,af36731baeac4ee5a7a5b5d47e298ee3,06752280,USGS,Boxelder
USGS-06752260,00060,00003,2026-03-28,3.65,ft^3/s,Provisional,2026-07-01T22:23:18Z,,272a1fc51e7a4da584101aad9cdd2601,06752260,USGS,Lincoln
USGS-06752280,00060,00003,2026-03-28,1.84,ft^3/s,Provisional,2026-09-25T18:26:11Z,,af36731baeac4ee5a7a5b5d47e298ee3,06752280,USGS,Boxelder
USGS-06752260,00060,00003,2026-03-29,3.17,ft^3/s,Provisional,2026-07-01T22:23:18Z,,272a1fc51e7a4da584101aad9cdd2601,06752260,USGS,Lincoln
USGS-06752280,00060,00003,2026-03-29,1.8,ft^3/s,Provisional,2026-09-25T18:26:11Z,,af36731baeac4ee5a7a5b5d47e298ee3,06752280,USGS,Boxelder
USGS-06752260,00060,00003,2026-03-30,14.5,ft^3/s,Provisional,2026-07-01T22:23:18Z,,272a1fc51e7a4da584101aad9cdd2601,06752260,USGS,Lincoln
USGS-06752280,00060,00003,2026-03-30,1.91,ft^3/s,Provisional,2026-09-25T18:26:11Z,,af36731baeac4ee5a7a5b5d47e298ee3,06752280,USGS,Boxelder
USGS-06752260,00060,00003,2026-03-31,4.65,ft^3/s,Provisional,2026-07-01T22:23:18Z,,272a1fc51e7a4da584101aad9cdd2601,06752260,USGS,Lincoln
USGS-06752280,00060,00003,2026-03-31,2.12,ft^3/s,Provisional,2026-09-25T18:26:11Z,,af36731baeac4ee5a7a5b5d47e298ee3,06752280,USGS,Boxelder
USGS-06752260,00060,00003,2026-04-01,3.67,ft^3/s,Provisional,2026-07-01T22:23:18Z,,272a1fc51e7a4da584101aad9cdd2601,06752260,USGS,Lincoln
USGS-06752280,00060,00003,2026-04-01,2.06,ft^3/s,Provisional,2026-09-25T18:26:11Z,,af36731baeac4ee5a7a5b5d47e298ee3,06752280,USGS,Boxelder
USGS-06752260,00060,00003,2026-04-02,6.48,ft^3/s,Provisional,2026-07-01T22:23:18Z,,272a1fc51e7a4da584101aad9cdd2601,06752260,USGS,Lincoln
USGS-06752280,00060,00003,2026-04-02,1.96,ft^3/s,Provisional,2026-09-25T18:26:11Z,,af36731baeac4ee5a7a5b5d47e298ee3,06752280,USGS,Boxelder
USGS-06752260,00060,00003,2026-04-03,10.9,ft^3/s,Provisional,2026-07-01T22:23:18Z,,272a1fc51e7a4da584101aad9cdd2601,06752260,USGS,Lincoln
USGS-06752280,00060,00003,2026-04-03,1.88,ft^3/s,Provisional,2026-09-25T18:26:11Z,,af36731baeac4ee5a7a5b5d47e298ee3,06752280,USGS,Boxelder
USGS-06752260,00060,00003,2026-04-04,11.7,ft^3/s,Provisional,2026-07-01T22:23:18Z,,272a1fc51e7a4da584101aad9cdd2601,06752260,USGS,Lincoln
USGS-06752280,00060,00003,2026-04-04,1.94,ft^3/s,Provisional,2026-09-25T18:26:11Z,,af36731baeac4ee5a7a5b5d47e298ee3,06752280,USGS,Boxelder
USGS-06752260,00060,00003,2026-04-05,10.6,ft^3/s,Provisional,2026-07-01T22:23:18Z,,272a1fc51e7a4da584101aad9cdd2601,06752260,USGS,Lincoln
USGS-06752280,00060,00003,2026-04-05,1.92,ft^3/s,Provisional,2026-09-25T18:26:11Z,,af36731baeac4ee5a7a5b5d47e298ee3,06752280,USGS,Boxelder
USGS-06752260,00060,00003,2026-04-06,10.5,ft^3/s,Provisional,2026-07-01T22:23:18Z,,272a1fc51e7a4da584101aad9cdd2601,06752260,USGS,Lincoln
USGS-06752280,00060,00003,2026-04-06,1.93,ft^3/s,Provisional,2026-09-25T18:26:11Z,,af36731baeac4ee5a7a5b5d47e298ee3,06752280,USGS,Boxelder
USGS-06752260,00060,00003,2026-04-07,30.9,ft^3/s,Provisional,2026-07-01T22:23:18Z,,272a1fc51e7a4da584101aad9cdd2601,06752260,USGS,Lincoln
USGS-06752280,00060,00003,2026-04-07,2.03,ft^3/s,Provisional,2026-09-25T18:26:11Z,,af36731baeac4ee5a7a5b5d47e298ee3,06752280,USGS,Boxelder
USGS-06752260,00060,00003,2026-04-08,37.6,ft^3/s,Provisional,2026-07-01T22:23:18Z,,272a1fc51e7a4da584101aad9cdd2601,06752260,USGS,Lincoln
USGS-06752280,00060,00003,2026-04-08,2.05,ft^3/s,Provisional,2026-09-25T18:26:11Z,,af36731baeac4ee5a7a5b5d47e298ee3,06752280,USGS,Boxelder
USGS-06752260,00060,00003,2026-04-09,47.7,ft^3/s,Provisional,2026-07-01T22:23:18Z,,272a1fc51e7a4da584101aad9cdd2601,06752260,USGS,Lincoln
USGS-06752280,00060,00003,2026-04-09,2.19,ft^3/s,Provisional,2026-09-25T18:26:11Z,,af36731baeac4ee5a7a5b5d47e298ee3,06752280,USGS,Boxelder
USGS-06752260,00060,00003,2026-04-10,51.9,ft^3/s,Provisional,2026-07-01T22:23:18Z,,272a1fc51e7a4da584101aad9cdd2601,06752260,USGS,Lincoln
USGS-06752280,00060,00003,2026-04-10,4.14,ft^3/s,Provisional,2026-09-25T18:26:11Z,,af36731baeac4ee5a7a5b5d47e298ee3,06752280,USGS,Boxelder
USGS-06752260,00060,00003,2026-04-11,52.6,ft^3/s,Provisional,2026-07-01T22:23:18Z,,272a1fc51e7a4da584101aad9cdd2601,06752260,USGS,Lincoln
USGS-06752280,00060,00003,2026-04-11,7.79,ft^3/s,Provisional,2026-09-25T18:26:11Z,,af36731baeac4ee5a7a5b5d47e298ee3,06752280,USGS,Boxelder
USGS-06752260,00060,00003,2026-04-12,52.5,ft^3/s,Provisional,2026-07-01T22:23:18Z,,272a1fc51e7a4da584101aad9cdd2601,06752260,USGS,Lincoln
USGS-06752280,00060,00003,2026-04-12,7.31,ft^3/s,Provisional,2026-09-25T18:26:11Z,,af36731baeac4ee5a7a5b5d47e298ee3,06752280,USGS,Boxelder
USGS-06752260,00060,00003,2026-04-13,48.5,ft^3/s,Provisional,2026-07-01T22:23:18Z,,272a1fc51e7a4da584101aad9cdd2601,06752260,USGS,Lincoln
USGS-06752280,00060,00003,2026-04-13,5.07,ft^3/s,Provisional,2026-09-25T18:26:11Z,,af36731baeac4ee5a7a5b5d47e298ee3,06752280,USGS,Boxelder
USGS-06752260,00060,00003,2026-04-14,59.4,ft^3/s,Provisional,2026-07-01T22:23:18Z,,272a1fc51e7a4da584101aad9cdd2601,06752260,USGS,Lincoln
USGS-06752280,00060,00003,2026-04-14,11.2,ft^3/s,Provisional,2026-09-25T18:26:11Z,,af36731baeac4ee5a7a5b5d47e298ee3,06752280,USGS,Boxelder
USGS-06752260,00060,00003,2026-04-15,75.7,ft^3/s,Provisional,2026-07-01T22:23:18Z,,272a1fc51e7a4da584101aad9cdd2601,06752260,USGS,Lincoln
USGS-06752280,00060,00003,2026-04-15,26.8,ft^3/s,Provisional,2026-09-25T18:26:11Z,,af36731baeac4ee5a7a5b5d47e298ee3,06752280,USGS,Boxelder
USGS-06752260,00060,00003,2026-04-16,71.4,ft^3/s,Provisional,2026-07-01T22:23:18Z,,272a1fc51e7a4da584101aad9cdd2601,06752260,USGS,Lincoln
USGS-06752280,00060,00003,2026-04-16,22.3,ft^3/s,Provisional,2026-09-25T18:26:11Z,,af36731baeac4ee5a7a5b5d47e298ee3,06752280,USGS,Boxelder
USGS-06752260,00060,00003,2026-04-17,67.5,ft^3/s,Provisional,2026-07-01T22:23:18Z,,272a1fc51e7a4da584101aad9cdd2601,06752260,USGS,Lincoln
USGS-06752280,00060,00003,2026-04-17,14.2,ft^3/s,Provisional,2026-09-25T18:26:11Z,,af36731baeac4ee5a7a5b5d47e298ee3,06752280,USGS,Boxelder
USGS-06752260,00060,00003,2026-04-18,70.2,ft^3/s,Provisional,2026-07-01T22:23:18Z,,272a1fc51e7a4da584101aad9cdd2601,06752260,USGS,Lincoln
USGS-06752280,00060,00003,2026-04-18,12.4,ft^3/s,Provisional,2026-09-25T18:26:11Z,,af36731baeac4ee5a7a5b5d47e298ee3,06752280,USGS,Boxelder
USGS-06752260,00060,00003,2026-04-19,84.2,ft^3/s,Provisional,2026-07-01T22:23:18Z,,272a1fc51e7a4da584101aad9cdd2601,06752260,USGS,Lincoln
USGS-06752280,00060,00003,2026-04-19,2.99,ft^3/s,Provisional,2026-09-25T18:26:11Z,,af36731baeac4ee5a7a5b5d47e298ee3,06752280,USGS,Boxelder
USGS-06752260,00060,00003,2026-04-20,95.2,ft^3/s,Provisional,2026-07-01T22:23:18Z,,272a1fc51e7a4da584101aad9cdd2601,06752260,USGS,Lincoln
USGS-06752280,00060,00003,2026-04-20,3.3,ft^3/s,Provisional,2026-09-25T18:26:11Z,,af36731baeac4ee5a7a5b5d47e298ee3,06752280,USGS,Boxelder
USGS-06752260,00060,00003,2026-04-21,92.8,ft^3/s,Provisional,2026-07-01T22:23:18Z,,272a1fc51e7a4da584101aad9cdd2601,06752260,USGS,Lincoln
USGS-06752280,00060,00003,2026-04-21,3.19,ft^3/s,Provisional,2026-09-25T18:26:11Z,,af36731baeac4ee5a7a5b5d47e298ee3,06752280,USGS,Boxelder
USGS-06752260,00060,00003,2026-04-22,118,ft^3/s,Provisional,2026-07-01T22:23:18Z,,272a1fc51e7a4da584101aad9cdd2601,06752260,USGS,Lincoln
USGS-06752280,00060,00003,2026-04-22,7.15,ft^3/s,Provisional,2026-09-25T18:26:11Z,,af36731baeac4ee5a7a5b5d47e298ee3,06752280,USGS,Boxelder
USGS-06752260,00060,00003,2026-04-23,127,ft^3/s,Provisional,2026-07-01T22:23:18Z,,272a1fc51e7a4da584101aad9cdd2601,06752260,USGS,Lincoln
USGS-06752280,00060,00003,2026-04-23,44.1,ft^3/s,Provisional,2026-09-25T18:26:11Z,,af36731baeac4ee5a7a5b5d47e298ee3,06752280,USGS,Boxelder
USGS-06752260,00060,00003,2026-04-24,93.3,ft^3/s,Provisional,2026-07-01T22:23:18Z,,272a1fc51e7a4da584101aad9cdd2601,06752260,USGS,Lincoln
USGS-06752280,00060,00003,2026-04-24,71.2,ft^3/s,Provisional,2026-09-25T18:26:11Z,,af36731baeac4ee5a7a5b5d47e298ee3,06752280,USGS,Boxelder
USGS-06752260,00060,00003,2026-04-25,72.1,ft^3/s,Provisional,2026-07-01T22:23:18Z,,272a1fc51e7a4da584101aad9cdd2601,06752260,USGS,Lincoln
USGS-06752280,00060,00003,2026-04-25,50.8,ft^3/s,Provisional,2026-09-25T18:26:11Z,,af36731baeac4ee5a7a5b5d47e298ee3,06752280,USGS,Boxelder
USGS-06752260,00060,00003,2026-04-26,69.8,ft^3/s,Provisional,2026-07-01T22:23:18Z,,272a1fc51e7a4da584101aad9cdd2601,06752260,USGS,Lincoln
USGS-06752280,00060,00003,2026-04-26,44.2,ft^3/s,Provisional,2026-09-25T18:26:11Z,,af36731baeac4ee5a7a5b5d47e298ee3,06752280,USGS,Boxelder
USGS-06752260,00060,00003,2026-04-27,70.2,ft^3/s,Provisional,2026-07-01T22:23:18Z,,272a1fc51e7a4da584101aad9cdd2601,06752260,USGS,Lincoln
USGS-06752280,00060,00003,2026-04-27,40.6,ft^3/s,Provisional,2026-09-25T18:26:11Z,,af36731baeac4ee5a7a5b5d47e298ee3,06752280,USGS,Boxelder
USGS-06752260,00060,00003,2026-04-28,89.2,ft^3/s,Provisional,2026-07-01T22:23:18Z,,272a1fc51e7a4da584101aad9cdd2601,06752260,USGS,Lincoln
USGS-06752280,00060,00003,2026-04-28,63.8,ft^3/s,Provisional,2026-09-25T18:26:11Z,,af36731baeac4ee5a7a5b5d47e298ee3,06752280,USGS,Boxelder
USGS-06752260,00060,00003,2026-04-29,77,ft^3/s,Provisional,2026-07-01T22:23:18Z,,272a1fc51e7a4da584101aad9cdd2601,06752260,USGS,Lincoln
USGS-06752280,00060,00003,2026-04-29,53.9,ft^3/s,Provisional,2026-09-25T18:26:11Z,,af36731baeac4ee5a7a5b5d47e298ee3,06752280,USGS,Boxelder
USGS-06752260,00060,00003,2026-04-30,50.8,ft^3/s,Provisional,2026-07-01T22:23:18Z,,272a1fc51e7a4da584101aad9cdd2601,06752260,USGS,Lincoln
USGS-06752280,00060,00003,2026-04-30,27,ft^3/s,Provisional,2026-09-25T18:26:11Z,,af36731baeac4ee5a7a5b5d47e298ee3,06752280,USGS,Boxelder
USGS-06752260,00060,00003,2026-05-01,33.2,ft^3/s,Provisional,2026-07-01T22:23:18Z,,272a1fc51e7a4da584101aad9cdd2601,06752260,USGS,Lincoln
USGS-06752280,00060,00003,2026-05-01,12.3,ft^3/s,Provisional,2026-09-25T18:26:11Z,,af36731baeac4ee5a7a5b5d47e298ee3,06752280,USGS,Boxelder
USGS-06752260,00060,00003,2026-05-02,17.3,ft^3/s,Provisional,2026-07-01T22:23:18Z,,272a1fc51e7a4da584101aad9cdd2601,06752260,USGS,Lincoln
USGS-06752280,00060,00003,2026-05-02,3.46,ft^3/s,Provisional,2026-09-25T18:26:11Z,,af36731baeac4ee5a7a5b5d47e298ee3,06752280,USGS,Boxelder
USGS-06752260,00060,00003,2026-05-03,24.9,ft^3/s,Provisional,2026-07-01T22:23:18Z,,272a1fc51e7a4da584101aad9cdd2601,06752260,USGS,Lincoln
USGS-06752280,00060,00003,2026-05-03,5.49,ft^3/s,Provisional,2026-09-25T18:26:11Z,,af36731baeac4ee5a7a5b5d47e298ee3,06752280,USGS,Boxelder
USGS-06752260,00060,00003,2026-05-04,31.8,ft^3/s,Provisional,2026-07-01T22:23:18Z,,272a1fc51e7a4da584101aad9cdd2601,06752260,USGS,Lincoln
USGS-06752280,00060,00003,2026-05-04,8.19,ft^3/s,Provisional,2026-09-25T18:26:11Z,,af36731baeac4ee5a7a5b5d47e298ee3,06752280,USGS,Boxelder
USGS-06752260,00060,00003,2026-05-05,46.4,ft^3/s,Provisional,2026-07-01T22:23:18Z,,272a1fc51e7a4da584101aad9cdd2601,06752260,USGS,Lincoln
USGS-06752280,00060,00003,2026-05-05,56.6,ft^3/s,Provisional,2026-09-25T18:26:11Z,,af36731baeac4ee5a7a5b5d47e298ee3,06752280,USGS,Boxelder
USGS-06752260,00060,00003,2026-05-06,33.3,ft^3/s,Provisional,2026-07-01T22:23:18Z,,272a1fc51e7a4da584101aad9cdd2601,06752260,USGS,Lincoln
USGS-06752280,00060,00003,2026-05-06,51.6,ft^3/s,Provisional,2026-09-25T18:26:11Z,,af36731baeac4ee5a7a5b5d47e298ee3,06752280,USGS,Boxelder
USGS-06752260,00060,00003,2026-05-07,18.3,ft^3/s,Provisional,2026-07-01T22:23:18Z,,272a1fc51e7a4da584101aad9cdd2601,06752260,USGS,Lincoln
USGS-06752280,00060,00003,2026-05-07,8.06,ft^3/s,Provisional,2026-09-25T18:26:11Z,,af36731baeac4ee5a7a5b5d47e298ee3,06752280,USGS,Boxelder
USGS-06752260,00060,00003,2026-05-08,47.1,ft^3/s,Provisional,2026-07-01T22:23:18Z,,272a1fc51e7a4da584101aad9cdd2601,06752260,USGS,Lincoln
USGS-06752280,00060,00003,2026-05-08,23.8,ft^3/s,Provisional,2026-09-25T18:26:11Z,,af36731baeac4ee5a7a5b5d47e298ee3,06752280,USGS,Boxelder
USGS-06752260,00060,00003,2026-05-09,129,ft^3/s,Provisional,2026-07-01T22:23:18Z,,272a1fc51e7a4da584101aad9cdd2601,06752260,USGS,Lincoln
USGS-06752280,00060,00003,2026-05-09,92.3,ft^3/s,Provisional,2026-09-25T18:26:11Z,,af36731baeac4ee5a7a5b5d47e298ee3,06752280,USGS,Boxelder
USGS-06752260,00060,00003,2026-05-10,230,ft^3/s,Provisional,2026-07-01T22:23:18Z,,272a1fc51e7a4da584101aad9cdd2601,06752260,USGS,Lincoln
USGS-06752280,00060,00003,2026-05-10,203,ft^3/s,Provisional,2026-09-25T18:26:11Z,,af36731baeac4ee5a7a5b5d47e298ee3,06752280,USGS,Boxelder
USGS-06752260,00060,00003,2026-05-11,241,ft^3/s,Provisional,2026-07-01T22:23:18Z,,272a1fc51e7a4da584101aad9cdd2601,06752260,USGS,Lincoln
USGS-06752280,00060,00003,2026-05-11,210,ft^3/s,Provisional,2026-09-25T18:26:11Z,,af36731baeac4ee5a7a5b5d47e298ee3,06752280,USGS,Boxelder
USGS-06752260,00060,00003,2026-05-12,258,ft^3/s,Provisional,2026-07-01T22:23:18Z,,272a1fc51e7a4da584101aad9cdd2601,06752260,USGS,Lincoln
USGS-06752280,00060,00003,2026-05-12,221,ft^3/s,Provisional,2026-09-25T18:26:11Z,,af36731baeac4ee5a7a5b5d47e298ee3,06752280,USGS,Boxelder
USGS-06752260,00060,00003,2026-05-13,287,ft^3/s,Provisional,2026-07-01T22:23:18Z,,272a1fc51e7a4da584101aad9cdd2601,06752260,USGS,Lincoln
USGS-06752280,00060,00003,2026-05-13,242,ft^3/s,Provisional,2026-09-25T18:26:11Z,,af36731baeac4ee5a7a5b5d47e298ee3,06752280,USGS,Boxelder
USGS-06752260,00060,00003,2026-05-14,337,ft^3/s,Provisional,2026-07-01T22:23:18Z,,272a1fc51e7a4da584101aad9cdd2601,06752260,USGS,Lincoln
USGS-06752280,00060,00003,2026-05-14,285,ft^3/s,Provisional,2026-09-25T18:26:11Z,,af36731baeac4ee5a7a5b5d47e298ee3,06752280,USGS,Boxelder
USGS-06752260,00060,00003,2026-05-15,422,ft^3/s,Provisional,2026-07-01T22:23:18Z,,272a1fc51e7a4da584101aad9cdd2601,06752260,USGS,Lincoln
USGS-06752280,00060,00003,2026-05-15,370,ft^3/s,Provisional,2026-09-25T18:26:11Z,,af36731baeac4ee5a7a5b5d47e298ee3,06752280,USGS,Boxelder
USGS-06752260,00060,00003,2026-05-16,288,ft^3/s,Provisional,2026-07-01T22:23:18Z,,272a1fc51e7a4da584101aad9cdd2601,06752260,USGS,Lincoln
USGS-06752280,00060,00003,2026-05-16,285,ft^3/s,Provisional,2026-09-25T18:26:11Z,,af36731baeac4ee5a7a5b5d47e298ee3,06752280,USGS,Boxelder
USGS-06752260,00060,00003,2026-05-17,346,ft^3/s,Provisional,2026-07-01T22:23:18Z,,272a1fc51e7a4da584101aad9cdd2601,06752260,USGS,Lincoln
USGS-06752280,00060,00003,2026-05-17,320,ft^3/s,Provisional,2026-09-25T18:26:11Z,,af36731baeac4ee5a7a5b5d47e298ee3,06752280,USGS,Boxelder
USGS-06752260,00060,00003,2026-05-18,365,ft^3/s,Provisional,2026-07-01T20:46:41Z,,272a1fc51e7a4da584101aad9cdd2601,06752260,USGS,Lincoln
USGS-06752280,00060,00003,2026-05-18,402,ft^3/s,Provisional,2026-09-25T18:26:11Z,,af36731baeac4ee5a7a5b5d47e298ee3,06752280,USGS,Boxelder
USGS-06752260,00060,00003,2026-05-19,177,ft^3/s,Provisional,2026-07-01T20:46:41Z,,272a1fc51e7a4da584101aad9cdd2601,06752260,USGS,Lincoln
USGS-06752280,00060,00003,2026-05-19,214,ft^3/s,Provisional,2026-09-25T18:26:11Z,,af36731baeac4ee5a7a5b5d47e298ee3,06752280,USGS,Boxelder
USGS-06752260,00060,00003,2026-05-20,163,ft^3/s,Provisional,2026-07-01T20:46:41Z,,272a1fc51e7a4da584101aad9cdd2601,06752260,USGS,Lincoln
USGS-06752280,00060,00003,2026-05-20,182,ft^3/s,Provisional,2026-09-25T18:26:11Z,,af36731baeac4ee5a7a5b5d47e298ee3,06752280,USGS,Boxelder
USGS-06752260,00060,00003,2026-05-21,286,ft^3/s,Provisional,2026-07-01T20:46:41Z,,272a1fc51e7a4da584101aad9cdd2601,06752260,USGS,Lincoln
USGS-06752280,00060,00003,2026-05-21,269,ft^3/s,Provisional,2026-09-25T18:26:11Z,,af36731baeac4ee5a7a5b5d47e298ee3,06752280,USGS,Boxelder
USGS-06752260,00060,00003,2026-05-22,321,ft^3/s,Provisional,2026-07-01T20:46:41Z,,272a1fc51e7a4da584101aad9cdd2601,06752260,USGS,Lincoln
USGS-06752280,00060,00003,2026-05-22,310,ft^3/s,Provisional,2026-09-25T18:26:11Z,,af36731baeac4ee5a7a5b5d47e298ee3,06752280,USGS,Boxelder
USGS-06752260,00060,00003,2026-05-23,305,ft^3/s,Provisional,2026-07-01T20:46:41Z,,272a1fc51e7a4da584101aad9cdd2601,06752260,USGS,Lincoln
USGS-06752280,00060,00003,2026-05-23,298,ft^3/s,Provisional,2026-09-25T18:26:11Z,,af36731baeac4ee5a7a5b5d47e298ee3,06752280,USGS,Boxelder
USGS-06752260,00060,00003,2026-05-24,315,ft^3/s,Provisional,2026-07-01T20:46:41Z,,272a1fc51e7a4da584101aad9cdd2601,06752260,USGS,Lincoln
USGS-06752280,00060,00003,2026-05-24,300,ft^3/s,Provisional,2026-09-25T18:26:11Z,,af36731baeac4ee5a7a5b5d47e298ee3,06752280,USGS,Boxelder
USGS-06752260,00060,00003,2026-05-25,339,ft^3/s,Provisional,2026-07-01T20:46:41Z,,272a1fc51e7a4da584101aad9cdd2601,06752260,USGS,Lincoln
USGS-06752280,00060,00003,2026-05-25,322,ft^3/s,Provisional,2026-09-25T18:26:11Z,,af36731baeac4ee5a7a5b5d47e298ee3,06752280,USGS,Boxelder
USGS-06752260,00060,00003,2026-05-26,259,ft^3/s,Provisional,2026-07-01T20:46:41Z,,272a1fc51e7a4da584101aad9cdd2601,06752260,USGS,Lincoln
USGS-06752280,00060,00003,2026-05-26,265,ft^3/s,Provisional,2026-09-25T18:26:11Z,,af36731baeac4ee5a7a5b5d47e298ee3,06752280,USGS,Boxelder
USGS-06752260,00060,00003,2026-05-27,326,ft^3/s,Provisional,2026-07-01T20:46:41Z,,272a1fc51e7a4da584101aad9cdd2601,06752260,USGS,Lincoln
USGS-06752280,00060,00003,2026-05-27,310,ft^3/s,Provisional,2026-09-25T18:26:11Z,,af36731baeac4ee5a7a5b5d47e298ee3,06752280,USGS,Boxelder
USGS-06752260,00060,00003,2026-05-28,337,ft^3/s,Provisional,2026-07-01T20:46:41Z,,272a1fc51e7a4da584101aad9cdd2601,06752260,USGS,Lincoln
USGS-06752280,00060,00003,2026-05-28,318,ft^3/s,Provisional,2026-09-25T18:26:11Z,,af36731baeac4ee5a7a5b5d47e298ee3,06752280,USGS,Boxelder
USGS-06752260,00060,00003,2026-05-29,420,ft^3/s,Provisional,2026-07-01T20:46:41Z,,272a1fc51e7a4da584101aad9cdd2601,06752260,USGS,Lincoln
USGS-06752280,00060,00003,2026-05-29,399,ft^3/s,Provisional,2026-09-25T18:26:11Z,,af36731baeac4ee5a7a5b5d47e298ee3,06752280,USGS,Boxelder
USGS-06752260,00060,00003,2026-05-30,313,ft^3/s,Provisional,2026-07-01T20:46:41Z,,272a1fc51e7a4da584101aad9cdd2601,06752260,USGS,Lincoln
USGS-06752280,00060,00003,2026-05-30,323,ft^3/s,Provisional,2026-09-25T18:26:11Z,,af36731baeac4ee5a7a5b5d47e298ee3,06752280,USGS,Boxelder
USGS-06752260,00060,00003,2026-05-31,250,ft^3/s,Provisional,2026-07-01T20:46:41Z,,272a1fc51e7a4da584101aad9cdd2601,06752260,USGS,Lincoln
USGS-06752280,00060,00003,2026-05-31,266,ft^3/s,Provisional,2026-09-25T18:26:11Z,,af36731baeac4ee5a7a5b5d47e298ee3,06752280,USGS,Boxelder
USGS-06752260,00060,00003,2026-06-01,183,ft^3/s,Provisional,2026-07-01T20:46:41Z,,272a1fc51e7a4da584101aad9cdd2601,06752260,USGS,Lincoln
USGS-06752280,00060,00003,2026-06-01,207,ft^3/s,Provisional,2026-09-25T18:26:11Z,,af36731baeac4ee5a7a5b5d47e298ee3,06752280,USGS,Boxelder
USGS-06752260,00060,00003,2026-06-02,287,ft^3/s,Provisional,2026-07-01T20:46:41Z,,272a1fc51e7a4da584101aad9cdd2601,06752260,USGS,Lincoln
USGS-06752280,00060,00003,2026-06-02,272,ft^3/s,Provisional,2026-09-25T18:26:11Z,,af36731baeac4ee5a7a5b5d47e298ee3,06752280,USGS,Boxelder
USGS-06752260,00060,00003,2026-06-03,352,ft^3/s,Provisional,2026-07-01T20:46:41Z,,272a1fc51e7a4da584101aad9cdd2601,06752260,USGS,Lincoln
USGS-06752280,00060,00003,2026-06-03,353,ft^3/s,Provisional,2026-09-25T18:26:11Z,,af36731baeac4ee5a7a5b5d47e298ee3,06752280,USGS,Boxelder
USGS-06752260,00060,00003,2026-06-04,281,ft^3/s,Provisional,2026-07-01T20:46:41Z,,272a1fc51e7a4da584101aad9cdd2601,06752260,USGS,Lincoln
USGS-06752280,00060,00003,2026-06-04,291,ft^3/s,Provisional,2026-09-25T18:26:11Z,,af36731baeac4ee5a7a5b5d47e298ee3,06752280,USGS,Boxelder
USGS-06752260,00060,00003,2026-06-05,301,ft^3/s,Provisional,2026-07-01T20:46:41Z,,272a1fc51e7a4da584101aad9cdd2601,06752260,USGS,Lincoln
USGS-06752280,00060,00003,2026-06-05,301,ft^3/s,Provisional,2026-09-25T18:26:11Z,,af36731baeac4ee5a7a5b5d47e298ee3,06752280,USGS,Boxelder
USGS-06752260,00060,00003,2026-06-06,315,ft^3/s,Provisional,2026-07-01T20:46:41Z,,272a1fc51e7a4da584101aad9cdd2601,06752260,USGS,Lincoln
USGS-06752280,00060,00003,2026-06-06,313,ft^3/s,Provisional,2026-09-25T18:26:11Z,,af36731baeac4ee5a7a5b5d47e298ee3,06752280,USGS,Boxelder
USGS-06752260,00060,00003,2026-06-07,299,ft^3/s,Provisional,2026-07-01T20:46:41Z,,272a1fc51e7a4da584101aad9cdd2601,06752260,USGS,Lincoln
USGS-06752280,00060,00003,2026-06-07,306,ft^3/s,Provisional,2026-09-25T18:26:11Z,,af36731baeac4ee5a7a5b5d47e298ee3,06752280,USGS,Boxelder
USGS-06752260,00060,00003,2026-06-08,246,ft^3/s,Provisional,2026-07-01T20:46:41Z,,272a1fc51e7a4da584101aad9cdd2601,06752260,USGS,Lincoln
USGS-06752280,00060,00003,2026-06-08,258,ft^3/s,Provisional,2026-09-25T18:26:11Z,,af36731baeac4ee5a7a5b5d47e298ee3,06752280,USGS,Boxelder
USGS-06752260,00060,00003,2026-06-09,219,ft^3/s,Provisional,2026-07-01T20:46:41Z,,272a1fc51e7a4da584101aad9cdd2601,06752260,USGS,Lincoln
USGS-06752280,00060,00003,2026-06-09,238,ft^3/s,Provisional,2026-09-25T18:26:11Z,,af36731baeac4ee5a7a5b5d47e298ee3,06752280,USGS,Boxelder
USGS-06752260,00060,00003,2026-06-10,190,ft^3/s,Provisional,2026-07-01T20:46:41Z,,272a1fc51e7a4da584101aad9cdd2601,06752260,USGS,Lincoln
USGS-06752280,00060,00003,2026-06-10,210,ft^3/s,Provisional,2026-09-25T18:26:11Z,,af36731baeac4ee5a7a5b5d47e298ee3,06752280,USGS,Boxelder
USGS-06752260,00060,00003,2026-06-11,153,ft^3/s,Provisional,2026-07-01T20:46:41Z,,272a1fc51e7a4da584101aad9cdd2601,06752260,USGS,Lincoln
USGS-06752280,00060,00003,2026-06-11,175,ft^3/s,Provisional,2026-09-25T18:26:11Z,,af36731baeac4ee5a7a5b5d47e298ee3,06752280,USGS,Boxelder
USGS-06752260,00060,00003,2026-06-12,74.3,ft^3/s,Provisional,2026-07-01T20:46:41Z,,272a1fc51e7a4da584101aad9cdd2601,06752260,USGS,Lincoln
USGS-06752280,00060,00003,2026-06-12,95.7,ft^3/s,Provisional,2026-09-25T18:26:11Z,,af36731baeac4ee5a7a5b5d47e298ee3,06752280,USGS,Boxelder
USGS-06752260,00060,00003,2026-06-13,121,ft^3/s,Provisional,2026-07-01T20:46:41Z,,272a1fc51e7a4da584101aad9cdd2601,06752260,USGS,Lincoln
USGS-06752280,00060,00003,2026-06-13,120,ft^3/s,Provisional,2026-09-25T18:26:11Z,,af36731baeac4ee5a7a5b5d47e298ee3,06752280,USGS,Boxelder
USGS-06752260,00060,00003,2026-06-14,159,ft^3/s,Provisional,2026-07-01T20:46:41Z,,272a1fc51e7a4da584101aad9cdd2601,06752260,USGS,Lincoln
USGS-06752280,00060,00003,2026-06-14,182,ft^3/s,Provisional,2026-09-25T18:26:11Z,,af36731baeac4ee5a7a5b5d47e298ee3,06752280,USGS,Boxelder
USGS-06752260,00060,00003,2026-06-15,105,ft^3/s,Provisional,2026-07-10T20:14:14Z,,272a1fc51e7a4da584101aad9cdd2601,06752260,USGS,Lincoln
USGS-06752280,00060,00003,2026-06-15,126,ft^3/s,Provisional,2026-09-25T18:26:11Z,,af36731baeac4ee5a7a5b5d47e298ee3,06752280,USGS,Boxelder
USGS-06752260,00060,00003,2026-06-16,94.5,ft^3/s,Provisional,2026-07-10T20:14:14Z,,272a1fc51e7a4da584101aad9cdd2601,06752260,USGS,Lincoln
USGS-06752280,00060,00003,2026-06-16,110,ft^3/s,Provisional,2026-09-25T18:26:11Z,,af36731baeac4ee5a7a5b5d47e298ee3,06752280,USGS,Boxelder
USGS-06752260,00060,00003,2026-06-17,70,ft^3/s,Provisional,2026-07-10T20:14:14Z,,272a1fc51e7a4da584101aad9cdd2601,06752260,USGS,Lincoln
USGS-06752280,00060,00003,2026-06-17,87.5,ft^3/s,Provisional,2026-09-25T18:26:11Z,,af36731baeac4ee5a7a5b5d47e298ee3,06752280,USGS,Boxelder
USGS-06752260,00060,00003,2026-06-18,43.1,ft^3/s,Provisional,2026-07-10T20:14:14Z,,272a1fc51e7a4da584101aad9cdd2601,06752260,USGS,Lincoln
USGS-06752280,00060,00003,2026-06-18,49.6,ft^3/s,Provisional,2026-09-25T18:26:11Z,,af36731baeac4ee5a7a5b5d47e298ee3,06752280,USGS,Boxelder
USGS-06752260,00060,00003,2026-06-19,78.5,ft^3/s,Provisional,2026-07-10T20:14:14Z,,272a1fc51e7a4da584101aad9cdd2601,06752260,USGS,Lincoln
USGS-06752280,00060,00003,2026-06-19,77.7,ft^3/s,Provisional,2026-09-25T18:26:11Z,,af36731baeac4ee5a7a5b5d47e298ee3,06752280,USGS,Boxelder
USGS-06752260,00060,00003,2026-06-20,91.7,ft^3/s,Provisional,2026-07-10T20:14:14Z,,272a1fc51e7a4da584101aad9cdd2601,06752260,USGS,Lincoln
USGS-06752280,00060,00003,2026-06-20,104,ft^3/s,Provisional,2026-09-25T18:26:11Z,,af36731baeac4ee5a7a5b5d47e298ee3,06752280,USGS,Boxelder
USGS-06752260,00060,00003,2026-06-21,57.2,ft^3/s,Provisional,2026-07-10T20:14:14Z,,272a1fc51e7a4da584101aad9cdd2601,06752260,USGS,Lincoln
USGS-06752280,00060,00003,2026-06-21,69.1,ft^3/s,Provisional,2026-09-25T18:26:11Z,,af36731baeac4ee5a7a5b5d47e298ee3,06752280,USGS,Boxelder
USGS-06752260,00060,00003,2026-06-22,64.2,ft^3/s,Provisional,2026-07-10T20:14:14Z,,272a1fc51e7a4da584101aad9cdd2601,06752260,USGS,Lincoln
USGS-06752280,00060,00003,2026-06-22,60.6,ft^3/s,Provisional,2026-09-25T18:26:11Z,,af36731baeac4ee5a7a5b5d47e298ee3,06752280,USGS,Boxelder
USGS-06752260,00060,00003,2026-06-23,34.5,ft^3/s,Provisional,2026-07-10T20:14:14Z,,272a1fc51e7a4da584101aad9cdd2601,06752260,USGS,Lincoln
USGS-06752280,00060,00003,2026-06-23,45.4,ft^3/s,Provisional,2026-09-25T18:26:11Z,,af36731baeac4ee5a7a5b5d47e298ee3,06752280,USGS,Boxelder
USGS-06752260,00060,00003,2026-06-24,6.08,ft^3/s,Provisional,2026-07-10T20:14:14Z,,272a1fc51e7a4da584101aad9cdd2601,06752260,USGS,Lincoln
USGS-06752280,00060,00003,2026-06-24,6.85,ft^3/s,Provisional,2026-09-25T18:26:11Z,,af36731baeac4ee5a7a5b5d47e298ee3,06752280,USGS,Boxelder
USGS-06752260,00060,00003,2026-06-25,6.12,ft^3/s,Provisional,2026-07-10T20:14:14Z,,272a1fc51e7a4da584101aad9cdd2601,06752260,USGS,Lincoln
USGS-06752280,00060,00003,2026-06-25,4.94,ft^3/s,Provisional,2026-09-25T18:26:11Z,,af36731baeac4ee5a7a5b5d47e298ee3,06752280,USGS,Boxelder
USGS-06752260,00060,00003,2026-06-26,4.6,ft^3/s,Provisional,2026-07-10T20:14:14Z,,272a1fc51e7a4da584101aad9cdd2601,06752260,USGS,Lincoln
USGS-06752280,00060,00003,2026-06-26,8.52,ft^3/s,Provisional,2026-09-25T18:26:11Z,,af36731baeac4ee5a7a5b5d47e298ee3,06752280,USGS,Boxelder
USGS-06752260,00060,00003,2026-06-27,79.9,ft^3/s,Provisional,2026-07-10T20:14:14Z,,272a1fc51e7a4da584101aad9cdd2601,06752260,USGS,Lincoln
USGS-06752280,00060,00003,2026-06-27,60.5,ft^3/s,Provisional,2026-09-25T18:26:11Z,,af36731baeac4ee5a7a5b5d47e298ee3,06752280,USGS,Boxelder
USGS-06752260,00060,00003,2026-06-28,51,ft^3/s,Provisional,2026-07-10T20:14:14Z,,272a1fc51e7a4da584101aad9cdd2601,06752260,USGS,Lincoln
USGS-06752280,00060,00003,2026-06-28,56.8,ft^3/s,Provisional,2026-09-25T18:26:11Z,,af36731baeac4ee5a7a5b5d47e298ee3,06752280,USGS,Boxelder
USGS-06752260,00060,00003,2026-06-29,49.7,ft^3/s,Provisional,2026-07-10T20:14:14Z,,272a1fc51e7a4da584101aad9cdd2601,06752260,USGS,Lincoln
USGS-06752280,00060,00003,2026-06-29,42.5,ft^3/s,Provisional,2026-09-25T18:26:11Z,,af36731baeac4ee5a7a5b5d47e298ee3,06752280,USGS,Boxelder
USGS-06752260,00060,00003,2026-06-30,31.7,ft^3/s,Provisional,2026-07-10T20:14:14Z,,272a1fc51e7a4da584101aad9cdd2601,06752260,USGS,Lincoln
USGS-06752280,00060,00003,2026-06-30,31.6,ft^3/s,Provisional,2026-09-25T18:26:11Z,,af36731baeac4ee5a7a5b5d47e298ee3,06752280,USGS,Boxelder
USGS-06752260,00060,00003,2026-07-01,12.9,ft^3/s,Provisional,2026-07-10T20:14:14Z,,272a1fc51e7a4da584101aad9cdd2601,06752260,USGS,Lincoln
USGS-06752280,00060,00003,2026-07-01,11.4,ft^3/s,Provisional,2026-09-25T18:26:11Z,,af36731baeac4ee5a7a5b5d47e298ee3,06752280,USGS,Boxelder
USGS-06752260,00060,00003,2026-07-02,57.4,ft^3/s,Provisional,2026-07-10T20:14:14Z,,272a1fc51e7a4da584101aad9cdd2601,06752260,USGS,Lincoln
USGS-06752280,00060,00003,2026-07-02,45.4,ft^3/s,Provisional,2026-09-25T18:26:11Z,,af36731baeac4ee5a7a5b5d47e298ee3,06752280,USGS,Boxelder
USGS-06752260,00060,00003,2026-07-03,29.1,ft^3/s,Provisional,2026-07-10T20:14:14Z,,272a1fc51e7a4da584101aad9cdd2601,06752260,USGS,Lincoln
USGS-06752280,00060,00003,2026-07-03,24.6,ft^3/s,Provisional,2026-09-25T18:26:11Z,,af36731baeac4ee5a7a5b5d47e298ee3,06752280,USGS,Boxelder
USGS-06752260,00060,00003,2026-07-04,13.2,ft^3/s,Provisional,2026-07-10T20:14:14Z,,272a1fc51e7a4da584101aad9cdd2601,06752260,USGS,Lincoln
USGS-06752280,00060,00003,2026-07-04,12.8,ft^3/s,Provisional,2026-09-25T18:26:11Z,,af36731baeac4ee5a7a5b5d47e298ee3,06752280,USGS,Boxelder
USGS-06752260,00060,00003,2026-07-05,3.54,ft^3/s,Provisional,2026-07-10T20:14:14Z,,272a1fc51e7a4da584101aad9cdd2601,06752260,USGS,Lincoln
USGS-06752280,00060,00003,2026-07-05,3.28,ft^3/s,Provisional,2026-09-25T18:26:11Z,,af36731baeac4ee5a7a5b5d47e298ee3,06752280,USGS,Boxelder
USGS-06752260,00060,00003,2026-07-06,30.5,ft^3/s,Provisional,2026-07-10T20:14:14Z,,272a1fc51e7a4da584101aad9cdd2601,06752260,USGS,Lincoln
USGS-06752280,00060,00003,2026-07-06,11.3,ft^3/s,Provisional,2026-09-25T18:26:11Z,,af36731baeac4ee5a7a5b5d47e298ee3,06752280,USGS,Boxelder
USGS-06752260,00060,00003,2026-07-07,48.4,ft^3/s,Provisional,2026-07-10T20:14:14Z,,272a1fc51e7a4da584101aad9cdd2601,06752260,USGS,Lincoln
USGS-06752280,00060,00003,2026-07-07,35.1,ft^3/s,Provisional,2026-09-25T18:26:11Z,,af36731baeac4ee5a7a5b5d47e298ee3,06752280,USGS,Boxelder
USGS-06752260,00060,00003,2026-07-08,32.5,ft^3/s,Provisional,2026-07-10T20:14:14Z,,272a1fc51e7a4da584101aad9cdd2601,06752260,USGS,Lincoln
USGS-06752280,00060,00003,2026-07-08,17,ft^3/s,Provisional,2026-09-25T18:26:11Z,,af36731baeac4ee5a7a5b5d47e298ee3,06752280,USGS,Boxelder
USGS-06752260,00060,00003,2026-07-09,27.4,ft^3/s,Provisional,2026-07-10T20:14:14Z,,272a1fc51e7a4da584101aad9cdd2601,06752260,USGS,Lincoln
USGS-06752280,00060,00003,2026-07-09,7.58,ft^3/s,Provisional,2026-09-25T18:26:11Z,,af36731baeac4ee5a7a5b5d47e298ee3,06752280,USGS,Boxelder
USGS-06752260,00060,00003,2026-07-10,51.2,ft^3/s,Provisional,2026-07-11T09:05:39Z,,272a1fc51e7a4da584101aad9cdd2601,06752260,USGS,Lincoln
USGS-06752280,00060,00003,2026-07-10,31.5,ft^3/s,Provisional,2026-09-25T18:26:11Z,,af36731baeac4ee5a7a5b5d47e298ee3,06752280,USGS,Boxelder
USGS-06752260,00060,00003,2026-07-11,41,ft^3/s,Provisional,2026-07-12T09:05:13Z,,272a1fc51e7a4da584101aad9cdd2601,06752260,USGS,Lincoln
USGS-06752280,00060,00003,2026-07-11,18,ft^3/s,Provisional,2026-09-25T18:26:11Z,,af36731baeac4ee5a7a5b5d47e298ee3,06752280,USGS,Boxelder
USGS-06752260,00060,00003,2026-07-12,37.3,ft^3/s,Provisional,2026-07-13T09:05:28Z,,272a1fc51e7a4da584101aad9cdd2601,06752260,USGS,Lincoln
USGS-06752280,00060,00003,2026-07-12,19.3,ft^3/s,Provisional,2026-09-25T18:26:11Z,,af36731baeac4ee5a7a5b5d47e298ee3,06752280,USGS,Boxelder
USGS-06752260,00060,00003,2026-07-13,21.6,ft^3/s,Provisional,2026-07-14T09:05:26Z,,272a1fc51e7a4da584101aad9cdd2601,06752260,USGS,Lincoln
USGS-06752280,00060,00003,2026-07-13,6.35,ft^3/s,Provisional,2026-09-25T18:26:11Z,,af36731baeac4ee5a7a5b5d47e298ee3,06752280,USGS,Boxelder
USGS-06752260,00060,00003,2026-07-14,37.8,ft^3/s,Provisional,2026-07-15T09:05:16Z,,272a1fc51e7a4da584101aad9cdd2601,06752260,USGS,Lincoln
USGS-06752280,00060,00003,2026-07-14,20,ft^3/s,Provisional,2026-09-25T18:26:11Z,,af36731baeac4ee5a7a5b5d47e298ee3,06752280,USGS,Boxelder
USGS-06752260,00060,00003,2026-07-15,36.6,ft^3/s,Provisional,2026-07-16T09:05:25Z,,272a1fc51e7a4da584101aad9cdd2601,06752260,USGS,Lincoln
USGS-06752280,00060,00003,2026-07-15,31.9,ft^3/s,Provisional,2026-09-25T18:26:11Z,,af36731baeac4ee5a7a5b5d47e298ee3,06752280,USGS,Boxelder
USGS-06752260,00060,00003,2026-07-16,57.6,ft^3/s,Provisional,2026-07-17T09:05:36Z,,272a1fc51e7a4da584101aad9cdd2601,06752260,USGS,Lincoln
USGS-06752280,00060,00003,2026-07-16,58.6,ft^3/s,Provisional,2026-09-25T18:26:11Z,,af36731baeac4ee5a7a5b5d47e298ee3,06752280,USGS,Boxelder
USGS-06752260,00060,00003,2026-07-17,60.4,ft^3/s,Provisional,2026-07-18T09:05:30Z,,272a1fc51e7a4da584101aad9cdd2601,06752260,USGS,Lincoln
USGS-06752280,00060,00003,2026-07-17,66.2,ft^3/s,Provisional,2026-09-25T18:26:11Z,,af36731baeac4ee5a7a5b5d47e298ee3,06752280,USGS,Boxelder
USGS-06752260,00060,00003,2026-07-18,49.7,ft^3/s,Provisional,2026-07-19T09:05:15Z,,272a1fc51e7a4da584101aad9cdd2601,06752260,USGS,Lincoln
USGS-06752280,00060,00003,2026-07-18,51.5,ft^3/s,Provisional,2026-09-25T18:26:11Z,,af36731baeac4ee5a7a5b5d47e298ee3,06752280,USGS,Boxelder
USGS-06752260,00060,00003,2026-07-19,28.7,ft^3/s,Provisional,2026-07-20T09:05:32Z,,272a1fc51e7a4da584101aad9cdd2601,06752260,USGS,Lincoln
USGS-06752280,00060,00003,2026-07-19,37,ft^3/s,Provisional,2026-09-25T18:26:11Z,,af36731baeac4ee5a7a5b5d47e298ee3,06752280,USGS,Boxelder
USGS-06752260,00060,00003,2026-07-20,55.7,ft^3/s,Provisional,2026-07-21T09:05:36Z,,272a1fc51e7a4da584101aad9cdd2601,06752260,USGS,Lincoln
USGS-06752280,00060,00003,2026-07-20,43.2,ft^3/s,Provisional,2026-09-25T18:26:11Z,,af36731baeac4ee5a7a5b5d47e298ee3,06752280,USGS,Boxelder
USGS-06752260,00060,00003,2026-07-21,69.5,ft^3/s,Provisional,2026-07-22T09:05:09Z,,272a1fc51e7a4da584101aad9cdd2601,06752260,USGS,Lincoln
USGS-06752280,00060,00003,2026-07-21,73.9,ft^3/s,Provisional,2026-09-25T18:26:11Z,,af36731baeac4ee5a7a5b5d47e298ee3,06752280,USGS,Boxelder
USGS-06752260,00060,00003,2026-07-22,85,ft^3/s,Provisional,2026-07-23T09:05:43Z,,272a1fc51e7a4da584101aad9cdd2601,06752260,USGS,Lincoln
USGS-06752280,00060,00003,2026-07-22,73.8,ft^3/s,Provisional,2026-09-25T18:26:11Z,,af36731baeac4ee5a7a5b5d47e298ee3,06752280,USGS,Boxelder
USGS-06752260,00060,00003,2026-07-23,103,ft^3/s,Provisional,2026-07-24T09:05:37Z,,272a1fc51e7a4da584101aad9cdd2601,06752260,USGS,Lincoln
USGS-06752280,00060,00003,2026-07-23,91.4,ft^3/s,Provisional,2026-09-25T18:26:11Z,,af36731baeac4ee5a7a5b5d47e298ee3,06752280,USGS,Boxelder
USGS-06752260,00060,00003,2026-07-24,87.1,ft^3/s,Provisional,2026-07-25T09:05:14Z,,272a1fc51e7a4da584101aad9cdd2601,06752260,USGS,Lincoln
USGS-06752280,00060,00003,2026-07-24,70.1,ft^3/s,Provisional,2026-09-25T18:26:11Z,,af36731baeac4ee5a7a5b5d47e298ee3,06752280,USGS,Boxelder
USGS-06752260,00060,00003,2026-07-25,69.9,ft^3/s,Provisional,2026-07-26T09:05:29Z,,272a1fc51e7a4da584101aad9cdd2601,06752260,USGS,Lincoln
USGS-06752280,00060,00003,2026-07-25,59.6,ft^3/s,Provisional,2026-09-25T18:26:11Z,,af36731baeac4ee5a7a5b5d47e298ee3,06752280,USGS,Boxelder
USGS-06752260,00060,00003,2026-07-26,56.4,ft^3/s,Provisional,2026-07-27T09:05:44Z,,272a1fc51e7a4da584101aad9cdd2601,06752260,USGS,Lincoln
USGS-06752280,00060,00003,2026-07-26,38.3,ft^3/s,Provisional,2026-09-25T18:26:11Z,,af36731baeac4ee5a7a5b5d47e298ee3,06752280,USGS,Boxelder
USGS-06752260,00060,00003,2026-07-27,54.6,ft^3/s,Provisional,2026-07-28T09:05:27Z,,272a1fc51e7a4da584101aad9cdd2601,06752260,USGS,Lincoln
USGS-06752280,00060,00003,2026-07-27,31.4,ft^3/s,Provisional,2026-09-25T18:26:11Z,,af36731baeac4ee5a7a5b5d47e298ee3,06752280,USGS,Boxelder
USGS-06752260,00060,00003,2026-07-28,53.5,ft^3/s,Provisional,2026-07-29T09:05:43Z,,272a1fc51e7a4da584101aad9cdd2601,06752260,USGS,Lincoln
USGS-06752280,00060,00003,2026-07-28,34.8,ft^3/s,Provisional,2026-09-25T18:26:11Z,,af36731baeac4ee5a7a5b5d47e298ee3,06752280,USGS,Boxelder
USGS-06752260,00060,00003,2026-07-29,45.5,ft^3/s,Provisional,2026-07-30T09:05:38Z,,272a1fc51e7a4da584101aad9cdd2601,06752260,USGS,Lincoln
USGS-06752280,00060,00003,2026-07-29,23.9,ft^3/s,Provisional,2026-09-25T18:26:11Z,,af36731baeac4ee5a7a5b5d47e298ee3,06752280,USGS,Boxelder
USGS-06752260,00060,00003,2026-07-30,42.7,ft^3/s,Provisional,2026-07-31T09:05:06Z,,272a1fc51e7a4da584101aad9cdd2601,06752260,USGS,Lincoln
USGS-06752280,00060,00003,2026-07-30,21.8,ft^3/s,Provisional,2026-09-25T18:26:11Z,,af36731baeac4ee5a7a5b5d47e298ee3,06752280,USGS,Boxelder
USGS-06752260,00060,00003,2026-07-31,31.7,ft^3/s,Provisional,2026-08-01T09:05:22Z,,272a1fc51e7a4da584101aad9cdd2601,06752260,USGS,Lincoln
USGS-06752280,00060,00003,2026-07-31,19,ft^3/s,Provisional,2026-09-25T18:26:11Z,,af36731baeac4ee5a7a5b5d47e298ee3,06752280,USGS,Boxelder
USGS-06752260,00060,00003,2026-08-01,47.7,ft^3/s,Provisional,2026-08-02T09:05:42Z,,272a1fc51e7a4da584101aad9cdd2601,06752260,USGS,Lincoln
USGS-06752280,00060,00003,2026-08-01,22.1,ft^3/s,Provisional,2026-09-25T18:26:11Z,,af36731baeac4ee5a7a5b5d47e298ee3,06752280,USGS,Boxelder
USGS-06752260,00060,00003,2026-08-02,28.9,ft^3/s,Provisional,2026-08-03T09:05:17Z,,272a1fc51e7a4da584101aad9cdd2601,06752260,USGS,Lincoln
USGS-06752280,00060,00003,2026-08-02,15.5,ft^3/s,Provisional,2026-09-25T18:26:11Z,,af36731baeac4ee5a7a5b5d47e298ee3,06752280,USGS,Boxelder
USGS-06752260,00060,00003,2026-08-03,15.3,ft^3/s,Provisional,2026-08-04T09:05:07Z,,272a1fc51e7a4da584101aad9cdd2601,06752260,USGS,Lincoln
USGS-06752280,00060,00003,2026-08-03,4.09,ft^3/s,Provisional,2026-09-25T18:26:11Z,,af36731baeac4ee5a7a5b5d47e298ee3,06752280,USGS,Boxelder
USGS-06752260,00060,00003,2026-08-04,23.9,ft^3/s,Provisional,2026-08-05T09:05:26Z,,272a1fc51e7a4da584101aad9cdd2601,06752260,USGS,Lincoln
USGS-06752280,00060,00003,2026-08-04,2.97,ft^3/s,Provisional,2026-09-25T18:26:11Z,,af36731baeac4ee5a7a5b5d47e298ee3,06752280,USGS,Boxelder
USGS-06752260,00060,00003,2026-08-05,32.3,ft^3/s,Provisional,2026-08-06T09:05:22Z,,272a1fc51e7a4da584101aad9cdd2601,06752260,USGS,Lincoln
USGS-06752280,00060,00003,2026-08-05,14.6,ft^3/s,Provisional,2026-09-25T18:26:11Z,,af36731baeac4ee5a7a5b5d47e298ee3,06752280,USGS,Boxelder
USGS-06752260,00060,00003,2026-08-06,34.9,ft^3/s,Provisional,2026-08-07T09:05:17Z,,272a1fc51e7a4da584101aad9cdd2601,06752260,USGS,Lincoln
USGS-06752280,00060,00003,2026-08-06,18.5,ft^3/s,Provisional,2026-09-25T18:26:11Z,,af36731baeac4ee5a7a5b5d47e298ee3,06752280,USGS,Boxelder
USGS-06752260,00060,00003,2026-08-07,52.1,ft^3/s,Provisional,2026-08-08T09:05:36Z,,272a1fc51e7a4da584101aad9cdd2601,06752260,USGS,Lincoln
USGS-06752280,00060,00003,2026-08-07,38.6,ft^3/s,Provisional,2026-09-25T18:26:11Z,,af36731baeac4ee5a7a5b5d47e298ee3,06752280,USGS,Boxelder
USGS-06752260,00060,00003,2026-08-08,31.4,ft^3/s,Provisional,2026-08-09T09:05:02Z,,272a1fc51e7a4da584101aad9cdd2601,06752260,USGS,Lincoln
USGS-06752280,00060,00003,2026-08-08,15.2,ft^3/s,Provisional,2026-09-25T18:26:11Z,,af36731baeac4ee5a7a5b5d47e298ee3,06752280,USGS,Boxelder
USGS-06752260,00060,00003,2026-08-09,18.5,ft^3/s,Provisional,2026-08-10T09:05:09Z,,272a1fc51e7a4da584101aad9cdd2601,06752260,USGS,Lincoln
USGS-06752280,00060,00003,2026-08-09,10.7,ft^3/s,Provisional,2026-09-25T18:26:11Z,,af36731baeac4ee5a7a5b5d47e298ee3,06752280,USGS,Boxelder
USGS-06752260,00060,00003,2026-08-10,6.16,ft^3/s,Provisional,2026-08-11T09:05:15Z,,272a1fc51e7a4da584101aad9cdd2601,06752260,USGS,Lincoln
USGS-06752280,00060,00003,2026-08-10,3.52,ft^3/s,Provisional,2026-09-25T18:26:11Z,,af36731baeac4ee5a7a5b5d47e298ee3,06752280,USGS,Boxelder
USGS-06752260,00060,00003,2026-08-11,28.3,ft^3/s,Provisional,2026-08-12T09:04:59Z,,272a1fc51e7a4da584101aad9cdd2601,06752260,USGS,Lincoln
USGS-06752280,00060,00003,2026-08-11,22.5,ft^3/s,Provisional,2026-09-25T18:26:11Z,,af36731baeac4ee5a7a5b5d47e298ee3,06752280,USGS,Boxelder
USGS-06752260,00060,00003,2026-08-12,31.2,ft^3/s,Provisional,2026-08-13T09:05:11Z,,272a1fc51e7a4da584101aad9cdd2601,06752260,USGS,Lincoln
USGS-06752280,00060,00003,2026-08-12,27.4,ft^3/s,Provisional,2026-09-25T18:26:11Z,,af36731baeac4ee5a7a5b5d47e298ee3,06752280,USGS,Boxelder
USGS-06752260,00060,00003,2026-08-13,67.3,ft^3/s,Provisional,2026-08-14T09:05:33Z,,272a1fc51e7a4da584101aad9cdd2601,06752260,USGS,Lincoln
USGS-06752280,00060,00003,2026-08-13,75.9,ft^3/s,Provisional,2026-09-25T18:26:11Z,,af36731baeac4ee5a7a5b5d47e298ee3,06752280,USGS,Boxelder
USGS-06752260,00060,00003,2026-08-14,60.8,ft^3/s,Provisional,2026-08-15T09:05:26Z,,272a1fc51e7a4da584101aad9cdd2601,06752260,USGS,Lincoln
USGS-06752280,00060,00003,2026-08-14,82.6,ft^3/s,Provisional,2026-09-25T18:26:11Z,,af36731baeac4ee5a7a5b5d47e298ee3,06752280,USGS,Boxelder
USGS-06752260,00060,00003,2026-08-15,36.5,ft^3/s,Provisional,2026-08-16T09:05:22Z,,272a1fc51e7a4da584101aad9cdd2601,06752260,USGS,Lincoln
USGS-06752280,00060,00003,2026-08-15,31.3,ft^3/s,Provisional,2026-09-25T18:26:11Z,,af36731baeac4ee5a7a5b5d47e298ee3,06752280,USGS,Boxelder
USGS-06752260,00060,00003,2026-08-16,28.8,ft^3/s,Provisional,2026-08-17T09:05:14Z,,272a1fc51e7a4da584101aad9cdd2601,06752260,USGS,Lincoln
USGS-06752280,00060,00003,2026-08-16,20.9,ft^3/s,Provisional,2026-09-25T18:26:11Z,,af36731baeac4ee5a7a5b5d47e298ee3,06752280,USGS,Boxelder
USGS-06752260,00060,00003,2026-08-17,12.3,ft^3/s,Provisional,2026-08-18T09:05:12Z,,272a1fc51e7a4da584101aad9cdd2601,06752260,USGS,Lincoln
USGS-06752280,00060,00003,2026-08-17,11.7,ft^3/s,Provisional,2026-09-25T18:26:11Z,,af36731baeac4ee5a7a5b5d47e298ee3,06752280,USGS,Boxelder
USGS-06752260,00060,00003,2026-08-18,6.51,ft^3/s,Provisional,2026-08-19T09:05:07Z,,272a1fc51e7a4da584101aad9cdd2601,06752260,USGS,Lincoln
USGS-06752280,00060,00003,2026-08-18,7.89,ft^3/s,Provisional,2026-09-25T18:26:11Z,,af36731baeac4ee5a7a5b5d47e298ee3,06752280,USGS,Boxelder
USGS-06752260,00060,00003,2026-08-19,10.5,ft^3/s,Provisional,2026-08-20T09:05:18Z,,272a1fc51e7a4da584101aad9cdd2601,06752260,USGS,Lincoln
USGS-06752280,00060,00003,2026-08-19,8.3,ft^3/s,Provisional,2026-09-25T18:26:11Z,,af36731baeac4ee5a7a5b5d47e298ee3,06752280,USGS,Boxelder
USGS-06752260,00060,00003,2026-08-20,38.4,ft^3/s,Provisional,2026-08-21T09:05:40Z,,272a1fc51e7a4da584101aad9cdd2601,06752260,USGS,Lincoln
USGS-06752280,00060,00003,2026-08-20,37,ft^3/s,Provisional,2026-09-25T18:26:11Z,,af36731baeac4ee5a7a5b5d47e298ee3,06752280,USGS,Boxelder
USGS-06752260,00060,00003,2026-08-21,28.6,ft^3/s,Provisional,2026-08-22T09:05:32Z,,272a1fc51e7a4da584101aad9cdd2601,06752260,USGS,Lincoln
USGS-06752280,00060,00003,2026-08-21,29.9,ft^3/s,Provisional,2026-08-22T09:07:57Z,,af36731baeac4ee5a7a5b5d47e298ee3,06752280,USGS,Boxelder
USGS-06752260,00060,00003,2026-08-22,20.6,ft^3/s,Provisional,2026-08-24T21:23:14Z,,272a1fc51e7a4da584101aad9cdd2601,06752260,USGS,Lincoln
USGS-06752280,00060,00003,2026-08-22,17.5,ft^3/s,Provisional,2026-08-23T09:08:14Z,,af36731baeac4ee5a7a5b5d47e298ee3,06752280,USGS,Boxelder
USGS-06752260,00060,00003,2026-08-23,11.7,ft^3/s,Provisional,2026-08-24T09:05:28Z,,272a1fc51e7a4da584101aad9cdd2601,06752260,USGS,Lincoln
USGS-06752280,00060,00003,2026-08-23,13.7,ft^3/s,Provisional,2026-08-24T09:08:00Z,,af36731baeac4ee5a7a5b5d47e298ee3,06752280,USGS,Boxelder
USGS-06752260,00060,00003,2026-08-24,10.3,ft^3/s,Provisional,2026-08-25T09:05:09Z,,272a1fc51e7a4da584101aad9cdd2601,06752260,USGS,Lincoln
USGS-06752280,00060,00003,2026-08-24,8.01,ft^3/s,Provisional,2026-08-25T09:07:45Z,,af36731baeac4ee5a7a5b5d47e298ee3,06752280,USGS,Boxelder
USGS-06752260,00060,00003,2026-08-25,20.9,ft^3/s,Provisional,2026-08-26T09:05:37Z,,272a1fc51e7a4da584101aad9cdd2601,06752260,USGS,Lincoln
USGS-06752280,00060,00003,2026-08-25,19,ft^3/s,Provisional,2026-08-26T09:08:51Z,,af36731baeac4ee5a7a5b5d47e298ee3,06752280,USGS,Boxelder
USGS-06752260,00060,00003,2026-08-26,30.4,ft^3/s,Provisional,2026-08-27T09:05:02Z,,272a1fc51e7a4da584101aad9cdd2601,06752260,USGS,Lincoln
USGS-06752280,00060,00003,2026-08-26,13.1,ft^3/s,Provisional,2026-08-27T09:08:12Z,,af36731baeac4ee5a7a5b5d47e298ee3,06752280,USGS,Boxelder
USGS-06752260,00060,00003,2026-08-27,18.3,ft^3/s,Provisional,2026-08-28T09:05:24Z,,272a1fc51e7a4da584101aad9cdd2601,06752260,USGS,Lincoln
USGS-06752280,00060,00003,2026-08-27,6.59,ft^3/s,Provisional,2026-08-28T09:08:01Z,,af36731baeac4ee5a7a5b5d47e298ee3,06752280,USGS,Boxelder
USGS-06752260,00060,00003,2026-08-28,17.5,ft^3/s,Provisional,2026-08-29T09:05:11Z,,272a1fc51e7a4da584101aad9cdd2601,06752260,USGS,Lincoln
USGS-06752280,00060,00003,2026-08-28,6.61,ft^3/s,Provisional,2026-08-29T09:07:38Z,,af36731baeac4ee5a7a5b5d47e298ee3,06752280,USGS,Boxelder
USGS-06752260,00060,00003,2026-08-29,23.1,ft^3/s,Provisional,2026-08-30T09:05:25Z,,272a1fc51e7a4da584101aad9cdd2601,06752260,USGS,Lincoln
USGS-06752280,00060,00003,2026-08-29,19.4,ft^3/s,Provisional,2026-08-30T09:08:34Z,,af36731baeac4ee5a7a5b5d47e298ee3,06752280,USGS,Boxelder
USGS-06752260,00060,00003,2026-08-30,23.1,ft^3/s,Provisional,2026-08-31T09:05:13Z,,272a1fc51e7a4da584101aad9cdd2601,06752260,USGS,Lincoln
USGS-06752280,00060,00003,2026-08-30,21.2,ft^3/s,Provisional,2026-08-31T09:08:12Z,,af36731baeac4ee5a7a5b5d47e298ee3,06752280,USGS,Boxelder
USGS-06752260,00060,00003,2026-08-31,25.2,ft^3/s,Provisional,2026-09-01T09:05:10Z,,272a1fc51e7a4da584101aad9cdd2601,06752260,USGS,Lincoln
USGS-06752280,00060,00003,2026-08-31,23.1,ft^3/s,Provisional,2026-09-01T09:07:46Z,,af36731baeac4ee5a7a5b5d47e298ee3,06752280,USGS,Boxelder
USGS-06752260,00060,00003,2026-09-01,22.4,ft^3/s,Provisional,2026-09-02T09:05:35Z,,272a1fc51e7a4da584101aad9cdd2601,06752260,USGS,Lincoln
USGS-06752280,00060,00003,2026-09-01,19.6,ft^3/s,Provisional,2026-09-02T09:07:44Z,,af36731baeac4ee5a7a5b5d47e298ee3,06752280,USGS,Boxelder
USGS-06752260,00060,00003,2026-09-02,26.1,ft^3/s,Provisional,2026-09-03T09:05:10Z,,272a1fc51e7a4da584101aad9cdd2601,06752260,USGS,Lincoln
USGS-06752280,00060,00003,2026-09-02,23.6,ft^3/s,Provisional,2026-09-03T09:07:49Z,,af36731baeac4ee5a7a5b5d47e298ee3,06752280,USGS,Boxelder
USGS-06752260,00060,00003,2026-09-03,24.4,ft^3/s,Provisional,2026-09-04T09:05:37Z,,272a1fc51e7a4da584101aad9cdd2601,06752260,USGS,Lincoln
USGS-06752280,00060,00003,2026-09-03,19.1,ft^3/s,Provisional,2026-09-04T09:08:04Z,,af36731baeac4ee5a7a5b5d47e298ee3,06752280,USGS,Boxelder
USGS-06752260,00060,00003,2026-09-04,17.7,ft^3/s,Provisional,2026-09-05T09:05:18Z,,272a1fc51e7a4da584101aad9cdd2601,06752260,USGS,Lincoln
USGS-06752280,00060,00003,2026-09-04,11,ft^3/s,Provisional,2026-09-05T09:07:41Z,,af36731baeac4ee5a7a5b5d47e298ee3,06752280,USGS,Boxelder
USGS-06752260,00060,00003,2026-09-05,13.7,ft^3/s,Provisional,2026-09-06T09:05:11Z,,272a1fc51e7a4da584101aad9cdd2601,06752260,USGS,Lincoln
USGS-06752280,00060,00003,2026-09-05,11.7,ft^3/s,Provisional,2026-09-06T09:07:30Z,,af36731baeac4ee5a7a5b5d47e298ee3,06752280,USGS,Boxelder
USGS-06752260,00060,00003,2026-09-06,9.46,ft^3/s,Provisional,2026-09-07T09:05:28Z,,272a1fc51e7a4da584101aad9cdd2601,06752260,USGS,Lincoln
USGS-06752280,00060,00003,2026-09-06,8.29,ft^3/s,Provisional,2026-09-07T09:07:42Z,,af36731baeac4ee5a7a5b5d47e298ee3,06752280,USGS,Boxelder
USGS-06752260,00060,00003,2026-09-07,10.6,ft^3/s,Provisional,2026-09-08T09:05:05Z,,272a1fc51e7a4da584101aad9cdd2601,06752260,USGS,Lincoln
USGS-06752280,00060,00003,2026-09-07,8.33,ft^3/s,Provisional,2026-09-08T09:07:35Z,,af36731baeac4ee5a7a5b5d47e298ee3,06752280,USGS,Boxelder
USGS-06752260,00060,00003,2026-09-08,10.9,ft^3/s,Provisional,2026-09-09T09:05:04Z,,272a1fc51e7a4da584101aad9cdd2601,06752260,USGS,Lincoln
USGS-06752280,00060,00003,2026-09-08,8.57,ft^3/s,Provisional,2026-09-09T09:07:35Z,,af36731baeac4ee5a7a5b5d47e298ee3,06752280,USGS,Boxelder
USGS-06752260,00060,00003,2026-09-09,9.51,ft^3/s,Provisional,2026-09-10T09:05:00Z,,272a1fc51e7a4da584101aad9cdd2601,06752260,USGS,Lincoln
USGS-06752280,00060,00003,2026-09-09,8.04,ft^3/s,Provisional,2026-09-10T09:07:35Z,,af36731baeac4ee5a7a5b5d47e298ee3,06752280,USGS,Boxelder
USGS-06752260,00060,00003,2026-09-10,8.52,ft^3/s,Provisional,2026-09-11T09:05:37Z,,272a1fc51e7a4da584101aad9cdd2601,06752260,USGS,Lincoln
USGS-06752280,00060,00003,2026-09-10,7.24,ft^3/s,Provisional,2026-09-11T09:07:51Z,,af36731baeac4ee5a7a5b5d47e298ee3,06752280,USGS,Boxelder
USGS-06752260,00060,00003,2026-09-11,15.7,ft^3/s,Provisional,2026-09-12T09:05:30Z,,272a1fc51e7a4da584101aad9cdd2601,06752260,USGS,Lincoln
USGS-06752280,00060,00003,2026-09-11,10.9,ft^3/s,Provisional,2026-09-12T09:07:58Z,,af36731baeac4ee5a7a5b5d47e298ee3,06752280,USGS,Boxelder
USGS-06752260,00060,00003,2026-09-12,17.9,ft^3/s,Provisional,2026-09-13T09:05:42Z,,272a1fc51e7a4da584101aad9cdd2601,06752260,USGS,Lincoln
USGS-06752280,00060,00003,2026-09-12,14,ft^3/s,Provisional,2026-09-13T09:07:49Z,,af36731baeac4ee5a7a5b5d47e298ee3,06752280,USGS,Boxelder
USGS-06752260,00060,00003,2026-09-13,15.3,ft^3/s,Provisional,2026-09-14T09:05:26Z,,272a1fc51e7a4da584101aad9cdd2601,06752260,USGS,Lincoln
USGS-06752280,00060,00003,2026-09-13,14.2,ft^3/s,Provisional,2026-09-14T09:08:29Z,,af36731baeac4ee5a7a5b5d47e298ee3,06752280,USGS,Boxelder
USGS-06752260,00060,00003,2026-09-14,12.1,ft^3/s,Provisional,2026-09-15T09:05:20Z,,272a1fc51e7a4da584101aad9cdd2601,06752260,USGS,Lincoln
USGS-06752280,00060,00003,2026-09-14,10.1,ft^3/s,Provisional,2026-09-15T09:07:43Z,,af36731baeac4ee5a7a5b5d47e298ee3,06752280,USGS,Boxelder
USGS-06752260,00060,00003,2026-09-15,15.3,ft^3/s,Provisional,2026-09-16T09:05:24Z,,272a1fc51e7a4da584101aad9cdd2601,06752260,USGS,Lincoln
USGS-06752280,00060,00003,2026-09-15,11.1,ft^3/s,Provisional,2026-09-16T09:08:24Z,,af36731baeac4ee5a7a5b5d47e298ee3,06752280,USGS,Boxelder
USGS-06752260,00060,00003,2026-09-16,103,ft^3/s,Provisional,2026-09-17T09:05:09Z,,272a1fc51e7a4da584101aad9cdd2601,06752260,USGS,Lincoln
USGS-06752280,00060,00003,2026-09-16,83.3,ft^3/s,Provisional,2026-09-17T09:07:41Z,,af36731baeac4ee5a7a5b5d47e298ee3,06752280,USGS,Boxelder
USGS-06752260,00060,00003,2026-09-17,189,ft^3/s,Provisional,2026-09-18T09:05:20Z,,272a1fc51e7a4da584101aad9cdd2601,06752260,USGS,Lincoln
USGS-06752280,00060,00003,2026-09-17,199,ft^3/s,Provisional,2026-09-18T09:07:41Z,,af36731baeac4ee5a7a5b5d47e298ee3,06752280,USGS,Boxelder
USGS-06752260,00060,00003,2026-09-18,111,ft^3/s,Provisional,2026-09-19T09:05:10Z,,272a1fc51e7a4da584101aad9cdd2601,06752260,USGS,Lincoln
USGS-06752280,00060,00003,2026-09-18,125,ft^3/s,Provisional,2026-09-19T09:07:42Z,,af36731baeac4ee5a7a5b5d47e298ee3,06752280,USGS,Boxelder
USGS-06752260,00060,00003,2026-09-19,37.3,ft^3/s,Provisional,2026-09-20T09:05:17Z,,272a1fc51e7a4da584101aad9cdd2601,06752260,USGS,Lincoln
USGS-06752280,00060,00003,2026-09-19,24.4,ft^3/s,Provisional,2026-09-20T09:07:43Z,,af36731baeac4ee5a7a5b5d47e298ee3,06752280,USGS,Boxelder
USGS-06752260,00060,00003,2026-09-20,24.6,ft^3/s,Provisional,2026-09-21T09:05:16Z,,272a1fc51e7a4da584101aad9cdd2601,06752260,USGS,Lincoln
USGS-06752280,00060,00003,2026-09-20,9.58,ft^3/s,Provisional,2026-09-21T09:07:47Z,,af36731baeac4ee5a7a5b5d47e298ee3,06752280,USGS,Boxelder
USGS-06752260,00060,00003,2026-09-21,20.3,ft^3/s,Provisional,2026-09-22T09:05:37Z,,272a1fc51e7a4da584101aad9cdd2601,06752260,USGS,Lincoln
USGS-06752280,00060,00003,2026-09-21,3.39,ft^3/s,Provisional,2026-09-22T09:08:01Z,,af36731baeac4ee5a7a5b5d47e298ee3,06752280,USGS,Boxelder
USGS-06752260,00060,00003,2026-09-22,16.7,ft^3/s,Provisional,2026-09-23T09:06:00Z,,272a1fc51e7a4da584101aad9cdd2601,06752260,USGS,Lincoln
USGS-06752280,00060,00003,2026-09-22,2.41,ft^3/s,Provisional,2026-09-23T09:08:46Z,,af36731baeac4ee5a7a5b5d47e298ee3,06752280,USGS,Boxelder
USGS-06752260,00060,00003,2026-09-23,13.9,ft^3/s,Provisional,2026-09-24T09:06:08Z,,272a1fc51e7a4da584101aad9cdd2601,06752260,USGS,Lincoln
USGS-06752280,00060,00003,2026-09-23,2.08,ft^3/s,Provisional,2026-09-24T09:09:58Z,,af36731baeac4ee5a7a5b5d47e298ee3,06752280,USGS,Boxelder
USGS-06752260,00060,00003,2026-09-24,11.2,ft^3/s,Provisional,2026-09-25T09:05:13Z,,272a1fc51e7a4da584101aad9cdd2601,06752260,USGS,Lincoln
USGS-06752280,00060,00003,2026-09-24,7.27,ft^3/s,Provisional,2026-09-25T09:07:39Z,,af36731baeac4ee5a7a5b5d47e298ee3,06752280,USGS,Boxelder
USGS-06752260,00060,00003,2026-09-25,11.7,ft^3/s,Provisional,2026-09-26T09:05:30Z,,272a1fc51e7a4da584101aad9cdd2601,06752260,USGS,Lincoln
USGS-06752280,00060,00003,2026-09-25,9.38,ft^3/s,Provisional,2026-09-26T09:07:59Z,,af36731baeac4ee5a7a5b5d47e298ee3,06752280,USGS,Boxelder
USGS-06752260,00060,00003,2026-09-26,11.5,ft^3/s,Provisional,2026-09-27T09:05:13Z,,272a1fc51e7a4da584101aad9cdd2601,06752260,USGS,Lincoln
USGS-06752280,00060,00003,2026-09-26,10.2,ft^3/s,Provisional,2026-09-27T09:07:42Z,,af36731baeac4ee5a7a5b5d47e298ee3,06752280,USGS,Boxelder
USGS-06752260,00060,00003,2026-09-27,11.2,ft^3/s,Provisional,2026-09-28T09:05:26Z,,272a1fc51e7a4da584101aad9cdd2601,06752260,USGS,Lincoln
USGS-06752280,00060,00003,2026-09-27,8.76,ft^3/s,Provisional,2026-09-28T09:08:04Z,,af36731baeac4ee5a7a5b5d47e298ee3,06752280,USGS,Boxelder
USGS-06752260,00060,00003,2026-09-28,10.2,ft^3/s,Provisional,2026-09-29T09:05:16Z,,272a1fc51e7a4da584101aad9cdd2601,06752260,USGS,Lincoln
USGS-06752280,00060,00003,2026-09-28,8.99,ft^3/s,Provisional,2026-09-29T09:07:54Z,,af36731baeac4ee5a7a5b5d47e298ee3,06752280,USGS,Boxelder
USGS-06752260,00060,00003,2026-09-29,10.4,ft^3/s,Provisional,2026-09-30T09:05:32Z,,272a1fc51e7a4da584101aad9cdd2601,06752260,USGS,Lincoln
USGS-06752280,00060,00003,2026-09-29,8.38,ft^3/s,Provisional,2026-09-30T09:09:07Z,,af36731baeac4ee5a7a5b5d47e298ee3,06752280,USGS,Boxelder
USGS-06752260,00060,00003,2026-09-30,11.9,ft^3/s,Provisional,2026-10-01T09:05:04Z,,272a1fc51e7a4da584101aad9cdd2601,06752260,USGS,Lincoln
USGS-06752280,00060,00003,2026-09-30,8.91,ft^3/s,Provisional,2026-10-01T09:07:44Z,,af36731baeac4ee5a7a5b5d47e298ee3,06752280,USGS,Boxelder
