abbrev,measDate,value,measUnit
CLAFTCCO,2020-10-01,42,cfs
CLAFTCCO,2020-10-02,36,cfs
CLAFTCCO,2020-10-03,34,cfs
CLAFTCCO,2020-10-04,32,cfs
CLAFTCCO,2020-10-05,35,cfs
CLAFTCCO,2020-10-06,30,cfs
CLAFTCCO,2020-10-07,30,cfs
CLAFTCCO,2020-10-08,34,cfs
CLAFTCCO,2020-10-09,34,cfs
CLAFTCCO,2020-10-10,27,cfs
CLAFTCCO,2020-10-11,21,cfs
CLAFTCCO,2020-10-12,29,cfs
CLAFTCCO,2020-10-13,26,cfs
CLAFTCCO,2020-10-14,43,cfs
CLAFTCCO,2020-10-15,39,cfs
CLAFTCCO,2020-10-16,44,cfs
CLAFTCCO,2020-10-17,39,cfs
CLAFTCCO,2020-10-18,45,cfs
CLAFTCCO,2020-10-19,46,cfs
CLAFTCCO,2020-10-20,39,cfs
CLAFTCCO,2020-10-21,36,cfs
CLAFTCCO,2020-10-22,46,cfs
CLAFTCCO,2020-10-23,65,cfs
CLAFTCCO,2020-10-24,72,cfs
CLAFTCCO,2020-10-25,60,cfs
CLAFTCCO,2020-10-26,65,cfs
CLAFTCCO,2020-10-27,70,cfs
CLAFTCCO,2020-10-28,69,cfs
CLAFTCCO,2020-10-29,89,cfs
CLAFTCCO,2020-10-30,82,cfs
CLAFTCCO,2020-10-31,74,cfs
CLAFTCCO,2020-11-01,56,cfs
CLAFTCCO,2020-11-02,52,cfs
CLAFTCCO,2020-11-03,44,cfs
CLAFTCCO,2020-11-04,55,cfs
CLAFTCCO,2020-11-05,72,cfs
CLAFTCCO,2020-11-06,86,cfs
CLAFTCCO,2020-11-07,78,cfs
CLAFTCCO,2020-11-08,72,cfs
CLAFTCCO,2020-11-09,65,cfs
CLAFTCCO,2020-11-10,50,cfs
CLAFTCCO,2020-11-11,35,cfs
CLAFTCCO,2020-11-12,30,cfs
CLAFTCCO,2020-11-13,30,cfs
CLAFTCCO,2020-11-14,30,cfs
CLAFTCCO,2020-11-15,40,cfs
CLAFTCCO,2020-11-16,31,cfs
CLAFTCCO,2020-11-17,45,cfs
CLAFTCCO,2020-11-18,51,cfs
CLAFTCCO,2020-11-19,45,cfs
CLAFTCCO,2020-11-20,42,cfs
CLAFTCCO,2020-11-21,38,cfs
CLAFTCCO,2020-11-22,23,cfs
CLAFTCCO,2020-11-23,12,cfs
CLAFTCCO,2020-11-24,60,cfs
CLAFTCCO,2020-11-25,44,cfs
CLAFTCCO,2020-11-26,30,cfs
CLAFTCCO,2020-11-27,39,cfs
CLAFTCCO,2020-11-28,28,cfs
CLAFTCCO,2020-11-29,25,cfs
CLAFTCCO,2020-11-30,34,cfs
CLAFTCCO,2020-12-01,26,cfs
CLAFTCCO,2020-12-02,25,cfs
CLAFTCCO,2020-12-03,25,cfs
CLAFTCCO,2020-12-04,35,cfs
CLAFTCCO,2020-12-05,30,cfs
CLAFTCCO,2020-12-06,35,cfs
CLAFTCCO,2020-12-07,40,cfs
CLAFTCCO,2020-12-08,40,cfs
CLAFTCCO,2020-12-09,45,cfs
CLAFTCCO,2020-12-10,40,cfs
CLAFTCCO,2020-12-11,35,cfs
CLAFTCCO,2020-12-12,30,cfs
CLAFTCCO,2020-12-13,30,cfs
CLAFTCCO,2020-12-14,35,cfs
CLAFTCCO,2020-12-15,40,cfs
CLAFTCCO,2020-12-16,45,cfs
CLAFTCCO,2020-12-17,45,cfs
CLAFTCCO,2020-12-18,50,cfs
CLAFTCCO,2020-12-19,50,cfs
CLAFTCCO,2020-12-20,60,cfs
CLAFTCCO,2020-12-21,65,cfs
CLAFTCCO,2020-12-22,70,cfs
CLAFTCCO,2020-12-23,60,cfs
CLAFTCCO,2020-12-24,65,cfs
CLAFTCCO,2020-12-25,60,cfs
CLAFTCCO,2020-12-26,65,cfs
CLAFTCCO,2020-12-27,60,cfs
CLAFTCCO,2020-12-28,55,cfs
CLAFTCCO,2020-12-29,50,cfs
CLAFTCCO,2020-12-30,45,cfs
CLAFTCCO,2020-12-31,50,cfs
CLAFTCCO,2021-01-01,50,cfs
CLAFTCCO,2021-01-02,50,cfs
CLAFTCCO,2021-01-03,55,cfs
CLAFTCCO,2021-01-04,50,cfs
CLAFTCCO,2021-01-05,55,cfs
CLAFTCCO,2021-01-06,50,cfs
CLAFTCCO,2021-01-07,45,cfs
CLAFTCCO,2021-01-08,45,cfs
CLAFTCCO,2021-01-09,40,cfs
CLAFTCCO,2021-01-10,35,cfs
CLAFTCCO,2021-01-11,40,cfs
CLAFTCCO,2021-01-12,40,cfs
CLAFTCCO,2021-01-13,50,cfs
CLAFTCCO,2021-01-14,45,cfs
CLAFTCCO,2021-01-15,50,cfs
CLAFTCCO,2021-01-16,50,cfs
CLAFTCCO,2021-01-17,50,cfs
CLAFTCCO,2021-01-18,45,cfs
CLAFTCCO,2021-01-19,40,cfs
CLAFTCCO,2021-01-20,55,cfs
CLAFTCCO,2021-01-21,55,cfs
CLAFTCCO,2021-01-22,50,cfs
CLAFTCCO,2021-01-23,50,cfs
CLAFTCCO,2021-01-24,45,cfs
CLAFTCCO,2021-01-25,50,cfs
CLAFTCCO,2021-01-26,40,cfs
CLAFTCCO,2021-01-27,35,cfs
CLAFTCCO,2021-01-28,40,cfs
CLAFTCCO,2021-01-29,45,cfs
CLAFTCCO,2021-01-30,45,cfs
CLAFTCCO,2021-01-31,40,cfs
CLAFTCCO,2021-02-01,45,cfs
CLAFTCCO,2021-02-02,50,cfs
CLAFTCCO,2021-02-03,55,cfs
CLAFTCCO,2021-02-04,45,cfs
CLAFTCCO,2021-02-05,45,cfs
CLAFTCCO,2021-02-06,40,cfs
CLAFTCCO,2021-02-07,45,cfs
CLAFTCCO,2021-02-08,35,cfs
CLAFTCCO,2021-02-09,35,cfs
CLAFTCCO,2021-02-10,35,cfs
CLAFTCCO,2021-02-11,30,cfs
CLAFTCCO,2021-02-12,25,cfs
CLAFTCCO,2021-02-13,25,cfs
CLAFTCCO,2021-02-14,20,cfs
CLAFTCCO,2021-02-15,25,cfs
CLAFTCCO,2021-02-16,30,cfs
CLAFTCCO,2021-02-17,30,cfs
CLAFTCCO,2021-02-18,30,cfs
CLAFTCCO,2021-02-19,35,cfs
CLAFTCCO,2021-02-20,35,cfs
CLAFTCCO,2021-02-21,40,cfs
CLAFTCCO,2021-02-22,40,cfs
CLAFTCCO,2021-02-23,35,cfs
CLAFTCCO,2021-02-24,30,cfs
CLAFTCCO,2021-02-25,35,cfs
CLAFTCCO,2021-02-26,40,cfs
CLAFTCCO,2021-02-27,40,cfs
CLAFTCCO,2021-02-28,45,cfs
CLAFTCCO,2021-03-01,45,cfs
CLAFTCCO,2021-03-02,50,cfs
CLAFTCCO,2021-03-03,55,cfs
CLAFTCCO,2021-03-04,45,cfs
CLAFTCCO,2021-03-05,50,cfs
CLAFTCCO,2021-03-06,50,cfs
CLAFTCCO,2021-03-07,55,cfs
CLAFTCCO,2021-03-08,50,cfs
CLAFTCCO,2021-03-09,56,cfs
CLAFTCCO,2021-03-10,60,cfs
CLAFTCCO,2021-03-11,47,cfs
CLAFTCCO,2021-03-12,48,cfs
CLAFTCCO,2021-03-13,52,cfs
CLAFTCCO,2021-03-14,68,cfs
CLAFTCCO,2021-03-15,70,cfs
CLAFTCCO,2021-03-16,75,cfs
CLAFTCCO,2021-03-17,75,cfs
CLAFTCCO,2021-03-18,79,cfs
CLAFTCCO,2021-03-19,69,cfs
CLAFTCCO,2021-03-20,76,cfs
CLAFTCCO,2021-03-21,92,cfs
CLAFTCCO,2021-03-22,85,cfs
CLAFTCCO,2021-03-23,95,cfs
CLAFTCCO,2021-03-24,100,cfs
CLAFTCCO,2021-03-25,92,cfs
CLAFTCCO,2021-03-26,86,cfs
CLAFTCCO,2021-03-27,80,cfs
CLAFTCCO,2021-03-28,86,cfs
CLAFTCCO,2021-03-29,110,cfs
CLAFTCCO,2021-03-30,157,cfs
CLAFTCCO,2021-03-31,161,cfs
CLAFTCCO,2021-04-01,97,cfs
CLAFTCCO,2021-04-02,51,cfs
CLAFTCCO,2021-04-03,68,cfs
CLAFTCCO,2021-04-04,97,cfs
CLAFTCCO,2021-04-05,118,cfs
CLAFTCCO,2021-04-06,158,cfs
CLAFTCCO,2021-04-07,130,cfs
CLAFTCCO,2021-04-08,133,cfs
CLAFTCCO,2021-04-09,93,cfs
CLAFTCCO,2021-04-10,67,cfs
CLAFTCCO,2021-04-11,81,cfs
CLAFTCCO,2021-04-12,68,cfs
CLAFTCCO,2021-04-13,67,cfs
CLAFTCCO,2021-04-14,65,cfs
CLAFTCCO,2021-04-15,67,cfs
CLAFTCCO,2021-04-16,79,cfs
CLAFTCCO,2021-04-17,79,cfs
CLAFTCCO,2021-04-18,76,cfs
CLAFTCCO,2021-04-19,83,cfs
CLAFTCCO,2021-04-20,82,cfs
CLAFTCCO,2021-04-21,86,cfs
CLAFTCCO,2021-04-22,162,cfs
CLAFTCCO,2021-04-23,238,cfs
CLAFTCCO,2021-04-24,233,cfs
CLAFTCCO,2021-04-25,260,cfs
CLAFTCCO,2021-04-26,338,cfs
CLAFTCCO,2021-04-27,268,cfs
CLAFTCCO,2021-04-28,414,cfs
CLAFTCCO,2021-04-29,567,cfs
CLAFTCCO,2021-04-30,761,cfs
CLAFTCCO,2021-05-01,1080,cfs
CLAFTCCO,2021-05-02,1220,cfs
CLAFTCCO,2021-05-03,1420,cfs
CLAFTCCO,2021-05-04,1450,cfs
CLAFTCCO,2021-05-05,1450,cfs
CLAFTCCO,2021-05-06,1350,cfs
CLAFTCCO,2021-05-07,1370,cfs
CLAFTCCO,2021-05-08,1490,cfs
CLAFTCCO,2021-05-09,1590,cfs
CLAFTCCO,2021-05-10,1370,cfs
CLAFTCCO,2021-05-11,1240,cfs
CLAFTCCO,2021-05-12,1130,cfs
CLAFTCCO,2021-05-13,1140,cfs
CLAFTCCO,2021-05-14,1040,cfs
CLAFTCCO,2021-05-15,1160,cfs
CLAFTCCO,2021-05-16,1260,cfs
CLAFTCCO,2021-05-17,1380,cfs
CLAFTCCO,2021-05-18,1440,cfs
CLAFTCCO,2021-05-19,1820,cfs
CLAFTCCO,2021-05-20,1650,cfs
CLAFTCCO,2021-05-21,1850,cfs
CLAFTCCO,2021-05-22,1780,cfs
CLAFTCCO,2021-05-23,2660,cfs
CLAFTCCO,2021-05-24,2180,cfs
CLAFTCCO,2021-05-25,1920,cfs
CLAFTCCO,2021-05-26,1870,cfs
CLAFTCCO,2021-05-27,1700,cfs
CLAFTCCO,2021-05-28,1730,cfs
CLAFTCCO,2021-05-29,1680,cfs
CLAFTCCO,2021-05-30,1630,cfs
CLAFTCCO,2021-05-31,1530,cfs
CLAFTCCO,2021-06-01,1560,cfs
CLAFTCCO,2021-06-02,1510,cfs
CLAFTCCO,2021-06-03,1550,cfs
CLAFTCCO,2021-06-04,1760,cfs
CLAFTCCO,2021-06-05,2020,cfs
CLAFTCCO,2021-06-06,2170,cfs
CLAFTCCO,2021-06-07,2350,cfs
CLAFTCCO,2021-06-08,2390,cfs
CLAFTCCO,2021-06-09,2240,cfs
CLAFTCCO,2021-06-10,2030,cfs
CLAFTCCO,2021-06-11,1870,cfs
CLAFTCCO,2021-06-12,1610,cfs
CLAFTCCO,2021-06-13,1510,cfs
CLAFTCCO,2021-06-14,1500,cfs
CLAFTCCO,2021-06-15,1580,cfs
CLAFTCCO,2021-06-16,1680,cfs
CLAFTCCO,2021-06-17,1470,cfs
CLAFTCCO,2021-06-18,1360,cfs
CLAFTCCO,2021-06-19,1240,cfs
CLAFTCCO,2021-06-20,1250,cfs
CLAFTCCO,2021-06-21,1130,cfs
CLAFTCCO,2021-06-22,1040,cfs
CLAFTCCO,2021-06-23,949,cfs
CLAFTCCO,2021-06-24,876,cfs
CLAFTCCO,2021-06-25,939,cfs
CLAFTCCO,2021-06-26,1010,cfs
CLAFTCCO,2021-06-27,928,cfs
CLAFTCCO,2021-06-28,856,cfs
CLAFTCCO,2021-06-29,763,cfs
CLAFTCCO,2021-06-30,701,cfs
CLAFTCCO,2021-07-01,847,cfs
CLAFTCCO,2021-07-02,797,cfs
CLAFTCCO,2021-07-03,812,cfs
CLAFTCCO,2021-07-04,764,cfs
CLAFTCCO,2021-07-05,772,cfs
CLAFTCCO,2021-07-06,892,cfs
CLAFTCCO,2021-07-07,758,cfs
CLAFTCCO,2021-07-08,629,cfs
CLAFTCCO,2021-07-09,556,cfs
CLAFTCCO,2021-07-10,520,cfs
CLAFTCCO,2021-07-11,473,cfs
CLAFTCCO,2021-07-12,436,cfs
CLAFTCCO,2021-07-13,422,cfs
CLAFTCCO,2021-07-14,393,cfs
CLAFTCCO,2021-07-15,372,cfs
CLAFTCCO,2021-07-16,322,cfs
CLAFTCCO,2021-07-17,288,cfs
CLAFTCCO,2021-07-18,279,cfs
CLAFTCCO,2021-07-19,265,cfs
CLAFTCCO,2021-07-20,242,cfs
CLAFTCCO,2021-07-21,599,cfs
CLAFTCCO,2021-07-22,376,cfs
CLAFTCCO,2021-07-23,306,cfs
CLAFTCCO,2021-07-24,291,cfs
CLAFTCCO,2021-07-25,303,cfs
CLAFTCCO,2021-07-26,309,cfs
CLAFTCCO,2021-07-27,284,cfs
CLAFTCCO,2021-07-28,267,cfs
CLAFTCCO,2021-07-29,275,cfs
CLAFTCCO,2021-07-30,254,cfs
CLAFTCCO,2021-07-31,406,cfs
CLAFTCCO,2021-08-01,502,cfs
CLAFTCCO,2021-08-02,403,cfs
CLAFTCCO,2021-08-03,556,cfs
CLAFTCCO,2021-08-04,833,cfs
CLAFTCCO,2021-08-05,577,cfs
CLAFTCCO,2021-08-06,458,cfs
CLAFTCCO,2021-08-07,602,cfs
CLAFTCCO,2021-08-08,590,cfs
CLAFTCCO,2021-08-09,532,cfs
CLAFTCCO,2021-08-10,502,cfs
CLAFTCCO,2021-08-11,410,cfs
CLAFTCCO,2021-08-12,361,cfs
CLAFTCCO,2021-08-13,314,cfs
CLAFTCCO,2021-08-14,299,cfs
CLAFTCCO,2021-08-15,332,cfs
CLAFTCCO,2021-08-16,345,cfs
CLAFTCCO,2021-08-17,346,cfs
CLAFTCCO,2021-08-18,330,cfs
CLAFTCCO,2021-08-19,318,cfs
CLAFTCCO,2021-08-20,290,cfs
CLAFTCCO,2021-08-21,291,cfs
CLAFTCCO,2021-08-22,354,cfs
CLAFTCCO,2021-08-23,319,cfs
CLAFTCCO,2021-08-24,292,cfs
CLAFTCCO,2021-08-25,277,cfs
CLAFTCCO,2021-08-26,226,cfs
CLAFTCCO,2021-08-27,210,cfs
CLAFTCCO,2021-08-28,204,cfs
CLAFTCCO,2021-08-29,216,cfs
CLAFTCCO,2021-08-30,214,cfs
CLAFTCCO,2021-08-31,199,cfs
CLAFTCCO,2021-09-01,172,cfs
CLAFTCCO,2021-09-02,178,cfs
CLAFTCCO,2021-09-03,194,cfs
CLAFTCCO,2021-09-04,207,cfs
CLAFTCCO,2021-09-05,187,cfs
CLAFTCCO,2021-09-06,173,cfs
CLAFTCCO,2021-09-07,164,cfs
CLAFTCCO,2021-09-08,157,cfs
CLAFTCCO,2021-09-09,137,cfs
CLAFTCCO,2021-09-10,129,cfs
CLAFTCCO,2021-09-11,114,cfs
CLAFTCCO,2021-09-12,116,cfs
CLAFTCCO,2021-09-13,119,cfs
CLAFTCCO,2021-09-14,115,cfs
CLAFTCCO,2021-09-15,112,cfs
CLAFTCCO,2021-09-16,104,cfs
CLAFTCCO,2021-09-17,96,cfs
CLAFTCCO,2021-09-18,95,cfs
CLAFTCCO,2021-09-19,68,cfs
CLAFTCCO,2021-09-20,81,cfs
CLAFTCCO,2021-09-21,90,cfs
CLAFTCCO,2021-09-22,83,cfs
CLAFTCCO,2021-09-23,78,cfs
CLAFTCCO,2021-09-24,77,cfs
CLAFTCCO,2021-09-25,72,cfs
CLAFTCCO,2021-09-26,69,cfs
CLAFTCCO,2021-09-27,63,cfs
CLAFTCCO,2021-09-28,62,cfs
CLAFTCCO,2021-09-29,66,cfs
CLAFTCCO,2021-09-30,89,cfs
CLAFTCCO,2021-10-01,84,cfs
CLAFTCCO,2021-10-02,72,cfs
CLAFTCCO,2021-10-03,65,cfs
CLAFTCCO,2021-10-04,58,cfs
CLAFTCCO,2021-10-05,56,cfs
CLAFTCCO,2021-10-06,56,cfs
CLAFTCCO,2021-10-07,69,cfs
CLAFTCCO,2021-10-08,69,cfs
CLAFTCCO,2021-10-09,64,cfs
CLAFTCCO,2021-10-10,80,cfs
CLAFTCCO,2021-10-11,85,cfs
CLAFTCCO,2021-10-12,90,cfs
CLAFTCCO,2021-10-13,104,cfs
CLAFTCCO,2021-10-14,101,cfs
CLAFTCCO,2021-10-15,102,cfs
CLAFTCCO,2021-10-16,82,cfs
CLAFTCCO,2021-10-17,81,cfs
CLAFTCCO,2021-10-18,85,cfs
CLAFTCCO,2021-10-19,89,cfs
CLAFTCCO,2021-10-20,88,cfs
CLAFTCCO,2021-10-21,76,cfs
CLAFTCCO,2021-10-22,75,cfs
CLAFTCCO,2021-10-23,75,cfs
CLAFTCCO,2021-10-24,76,cfs
CLAFTCCO,2021-10-25,76,cfs
CLAFTCCO,2021-10-26,79,cfs
CLAFTCCO,2021-10-27,88,cfs
CLAFTCCO,2021-10-28,88,cfs
CLAFTCCO,2021-10-29,86,cfs
CLAFTCCO,2021-10-30,92,cfs
CLAFTCCO,2021-10-31,97,cfs
CLAFTCCO,2021-11-01,103,cfs
CLAFTCCO,2021-11-02,93,cfs
CLAFTCCO,2021-11-03,93,cfs
CLAFTCCO,2021-11-04,97,cfs
CLAFTCCO,2021-11-05,87,cfs
CLAFTCCO,2021-11-06,85,cfs
CLAFTCCO,2021-11-07,81,cfs
CLAFTCCO,2021-11-08,83,cfs
CLAFTCCO,2021-11-09,80,cfs
CLAFTCCO,2021-11-10,78,cfs
CLAFTCCO,2021-11-11,72,cfs
CLAFTCCO,2021-11-12,54,cfs
CLAFTCCO,2021-11-13,61,cfs
CLAFTCCO,2021-11-14,78,cfs
CLAFTCCO,2021-11-15,74,cfs
CLAFTCCO,2021-11-16,72,cfs
CLAFTCCO,2021-11-17,70,cfs
CLAFTCCO,2021-11-18,57,cfs
CLAFTCCO,2021-11-19,48,cfs
CLAFTCCO,2021-11-20,81,cfs
CLAFTCCO,2021-11-21,71,cfs
CLAFTCCO,2021-11-22,59,cfs
CLAFTCCO,2021-11-23,68,cfs
CLAFTCCO,2021-11-24,67,cfs
CLAFTCCO,2021-11-25,58,cfs
CLAFTCCO,2021-11-26,43,cfs
CLAFTCCO,2021-11-27,77,cfs
CLAFTCCO,2021-11-28,71,cfs
CLAFTCCO,2021-11-29,71,cfs
CLAFTCCO,2021-11-30,62,cfs
CLAFTCCO,2021-12-01,60,cfs
CLAFTCCO,2021-12-02,59,cfs
CLAFTCCO,2021-12-03,60,cfs
CLAFTCCO,2021-12-04,60,cfs
CLAFTCCO,2021-12-05,64,cfs
CLAFTCCO,2021-12-06,55,cfs
CLAFTCCO,2021-12-07,50,cfs
CLAFTCCO,2021-12-08,60,cfs
CLAFTCCO,2021-12-09,60,cfs
CLAFTCCO,2021-12-10,55,cfs
CLAFTCCO,2021-12-11,45,cfs
CLAFTCCO,2021-12-12,24,cfs
CLAFTCCO,2021-12-13,40,cfs
CLAFTCCO,2021-12-14,66,cfs
CLAFTCCO,2021-12-15,73,cfs
CLAFTCCO,2021-12-16,40,cfs
CLAFTCCO,2021-12-17,35,cfs
CLAFTCCO,2021-12-18,35,cfs
CLAFTCCO,2021-12-19,45,cfs
CLAFTCCO,2021-12-20,65,cfs
CLAFTCCO,2021-12-21,69,cfs
CLAFTCCO,2021-12-22,59,cfs
CLAFTCCO,2021-12-23,54,cfs
CLAFTCCO,2021-12-24,45,cfs
CLAFTCCO,2021-12-25,35,cfs
CLAFTCCO,2021-12-26,45,cfs
CLAFTCCO,2021-12-27,45,cfs
CLAFTCCO,2021-12-28,40,cfs
CLAFTCCO,2021-12-29,35,cfs
CLAFTCCO,2021-12-30,40,cfs
CLAFTCCO,2021-12-31,40,cfs
CLAFTCCO,2022-01-01,35,cfs
CLAFTCCO,2022-01-02,40,cfs
CLAFTCCO,2022-01-03,40,cfs
CLAFTCCO,2022-01-04,45,cfs
CLAFTCCO,2022-01-05,40,cfs
CLAFTCCO,2022-01-06,35,cfs
CLAFTCCO,2022-01-07,45,cfs
CLAFTCCO,2022-01-08,55,cfs
CLAFTCCO,2022-01-09,50,cfs
CLAFTCCO,2022-01-10,60,cfs
CLAFTCCO,2022-01-11,65,cfs
CLAFTCCO,2022-01-12,65,cfs
CLAFTCCO,2022-01-13,65,cfs
CLAFTCCO,2022-01-14,60,cfs
CLAFTCCO,2022-01-15,60,cfs
CLAFTCCO,2022-01-16,55,cfs
CLAFTCCO,2022-01-17,55,cfs
CLAFTCCO,2022-01-18,55,cfs
CLAFTCCO,2022-01-19,50,cfs
CLAFTCCO,2022-01-20,40,cfs
CLAFTCCO,2022-01-21,50,cfs
CLAFTCCO,2022-01-22,50,cfs
CLAFTCCO,2022-01-23,55,cfs
CLAFTCCO,2022-01-24,60,cfs
CLAFTCCO,2022-01-25,50,cfs
CLAFTCCO,2022-01-26,45,cfs
CLAFTCCO,2022-01-27,50,cfs
CLAFTCCO,2022-01-28,55,cfs
CLAFTCCO,2022-01-29,60,cfs
CLAFTCCO,2022-01-30,60,cfs
CLAFTCCO,2022-01-31,60,cfs
CLAFTCCO,2022-02-01,55,cfs
CLAFTCCO,2022-02-02,45,cfs
CLAFTCCO,2022-02-03,40,cfs
CLAFTCCO,2022-02-04,45,cfs
CLAFTCCO,2022-02-05,55,cfs
CLAFTCCO,2022-02-06,50,cfs
CLAFTCCO,2022-02-07,55,cfs
CLAFTCCO,2022-02-08,65,cfs
CLAFTCCO,2022-02-09,60,cfs
CLAFTCCO,2022-02-10,65,cfs
CLAFTCCO,2022-02-11,60,cfs
CLAFTCCO,2022-02-12,50,cfs
CLAFTCCO,2022-02-13,65,cfs
CLAFTCCO,2022-02-14,70,cfs
CLAFTCCO,2022-02-15,70,cfs
CLAFTCCO,2022-02-16,65,cfs
CLAFTCCO,2022-02-17,55,cfs
CLAFTCCO,2022-02-18,60,cfs
CLAFTCCO,2022-02-19,65,cfs
CLAFTCCO,2022-02-20,70,cfs
CLAFTCCO,2022-02-21,55,cfs
CLAFTCCO,2022-02-22,45,cfs
CLAFTCCO,2022-02-23,35,cfs
CLAFTCCO,2022-02-24,40,cfs
CLAFTCCO,2022-02-25,45,cfs
CLAFTCCO,2022-02-26,50,cfs
CLAFTCCO,2022-02-27,60,cfs
CLAFTCCO,2022-02-28,70,cfs
CLAFTCCO,2022-03-01,75,cfs
CLAFTCCO,2022-03-02,75,cfs
CLAFTCCO,2022-03-03,75,cfs
CLAFTCCO,2022-03-04,77,cfs
CLAFTCCO,2022-03-05,82,cfs
CLAFTCCO,2022-03-06,70,cfs
CLAFTCCO,2022-03-07,55,cfs
CLAFTCCO,2022-03-08,55,cfs
CLAFTCCO,2022-03-09,50,cfs
CLAFTCCO,2022-03-10,45,cfs
CLAFTCCO,2022-03-11,55,cfs
CLAFTCCO,2022-03-12,70,cfs
CLAFTCCO,2022-03-13,74,cfs
CLAFTCCO,2022-03-14,63,cfs
CLAFTCCO,2022-03-15,64,cfs
CLAFTCCO,2022-03-16,67,cfs
CLAFTCCO,2022-03-17,65,cfs
CLAFTCCO,2022-03-18,51,cfs
CLAFTCCO,2022-03-19,54,cfs
CLAFTCCO,2022-03-20,62,cfs
CLAFTCCO,2022-03-21,60,cfs
CLAFTCCO,2022-03-22,57,cfs
CLAFTCCO,2022-03-23,54,cfs
CLAFTCCO,2022-03-24,64,cfs
CLAFTCCO,2022-03-25,71,cfs
CLAFTCCO,2022-03-26,78,cfs
CLAFTCCO,2022-03-27,95,cfs
CLAFTCCO,2022-03-28,116,cfs
CLAFTCCO,2022-03-29,122,cfs
CLAFTCCO,2022-03-30,125,cfs
CLAFTCCO,2022-03-31,108,cfs
CLAFTCCO,2022-04-01,106,cfs
CLAFTCCO,2022-04-02,102,cfs
CLAFTCCO,2022-04-03,104,cfs
CLAFTCCO,2022-04-04,108,cfs
CLAFTCCO,2022-04-05,113,cfs
CLAFTCCO,2022-04-06,111,cfs
CLAFTCCO,2022-04-07,98,cfs
CLAFTCCO,2022-04-08,121,cfs
CLAFTCCO,2022-04-09,132,cfs
CLAFTCCO,2022-04-10,153,cfs
CLAFTCCO,2022-04-11,138,cfs
CLAFTCCO,2022-04-12,155,cfs
CLAFTCCO,2022-04-13,117,cfs
CLAFTCCO,2022-04-14,101,cfs
CLAFTCCO,2022-04-15,119,cfs
CLAFTCCO,2022-04-16,115,cfs
CLAFTCCO,2022-04-17,110,cfs
CLAFTCCO,2022-04-18,107,cfs
CLAFTCCO,2022-04-19,114,cfs
CLAFTCCO,2022-04-20,152,cfs
CLAFTCCO,2022-04-21,193,cfs
CLAFTCCO,2022-04-22,215,cfs
CLAFTCCO,2022-04-23,251,cfs
CLAFTCCO,2022-04-24,198,cfs
CLAFTCCO,2022-04-25,201,cfs
CLAFTCCO,2022-04-26,217,cfs
CLAFTCCO,2022-04-27,261,cfs
CLAFTCCO,2022-04-28,344,cfs
CLAFTCCO,2022-04-29,301,cfs
CLAFTCCO,2022-04-30,292,cfs
CLAFTCCO,2022-05-01,286,cfs
CLAFTCCO,2022-05-02,290,cfs
CLAFTCCO,2022-05-03,208,cfs
CLAFTCCO,2022-05-04,254,cfs
CLAFTCCO,2022-05-05,214,cfs
CLAFTCCO,2022-05-06,224,cfs
CLAFTCCO,2022-05-07,454,cfs
CLAFTCCO,2022-05-08,734,cfs
CLAFTCCO,2022-05-09,672,cfs
CLAFTCCO,2022-05-10,613,cfs
CLAFTCCO,2022-05-11,1110,cfs
CLAFTCCO,2022-05-12,1430,cfs
CLAFTCCO,2022-05-13,1170,cfs
CLAFTCCO,2022-05-14,1300,cfs
CLAFTCCO,2022-05-15,1540,cfs
CLAFTCCO,2022-05-16,1890,cfs
CLAFTCCO,2022-05-17,1740,cfs
CLAFTCCO,2022-05-18,1860,cfs
CLAFTCCO,2022-05-19,2130,cfs
CLAFTCCO,2022-05-20,1940,cfs
CLAFTCCO,2022-05-21,1390,cfs
CLAFTCCO,2022-05-22,1170,cfs
CLAFTCCO,2022-05-23,1120,cfs
CLAFTCCO,2022-05-24,1050,cfs
CLAFTCCO,2022-05-25,970,cfs
CLAFTCCO,2022-05-26,1060,cfs
CLAFTCCO,2022-05-27,1170,cfs
CLAFTCCO,2022-05-28,1230,cfs
CLAFTCCO,2022-05-29,1340,cfs
CLAFTCCO,2022-05-30,1220,cfs
CLAFTCCO,2022-05-31,1050,cfs
CLAFTCCO,2022-06-01,1050,cfs
CLAFTCCO,2022-06-02,1090,cfs
CLAFTCCO,2022-06-03,1170,cfs
CLAFTCCO,2022-06-04,1130,cfs
CLAFTCCO,2022-06-05,1300,cfs
CLAFTCCO,2022-06-06,1580,cfs
CLAFTCCO,2022-06-07,1840,cfs
CLAFTCCO,2022-06-08,1800,cfs
CLAFTCCO,2022-06-09,1800,cfs
CLAFTCCO,2022-06-10,2160,cfs
CLAFTCCO,2022-06-11,2290,cfs
CLAFTCCO,2022-06-12,2630,cfs
CLAFTCCO,2022-06-13,2320,cfs
CLAFTCCO,2022-06-14,2090,cfs
CLAFTCCO,2022-06-15,1600,cfs
CLAFTCCO,2022-06-16,1310,cfs
CLAFTCCO,2022-06-17,1410,cfs
CLAFTCCO,2022-06-18,1760,cfs
CLAFTCCO,2022-06-19,1620,cfs
CLAFTCCO,2022-06-20,1450,cfs
CLAFTCCO,2022-06-21,1300,cfs
CLAFTCCO,2022-06-22,1330,cfs
CLAFTCCO,2022-06-23,1290,cfs
CLAFTCCO,2022-06-24,1150,cfs
CLAFTCCO,2022-06-25,1160,cfs
CLAFTCCO,2022-06-26,1050,cfs
CLAFTCCO,2022-06-27,1070,cfs
CLAFTCCO,2022-06-28,983,cfs
CLAFTCCO,2022-06-29,932,cfs
CLAFTCCO,2022-06-30,923,cfs
CLAFTCCO,2022-07-01,935,cfs
CLAFTCCO,2022-07-02,881,cfs
CLAFTCCO,2022-07-03,824,cfs
CLAFTCCO,2022-07-04,895,cfs
CLAFTCCO,2022-07-05,874,cfs
CLAFTCCO,2022-07-06,947,cfs
CLAFTCCO,2022-07-07,814,cfs
CLAFTCCO,2022-07-08,738,cfs
CLAFTCCO,2022-07-09,660,cfs
CLAFTCCO,2022-07-10,615,cfs
CLAFTCCO,2022-07-11,573,cfs
CLAFTCCO,2022-07-12,517,cfs
CLAFTCCO,2022-07-13,488,cfs
CLAFTCCO,2022-07-14,468,cfs
CLAFTCCO,2022-07-15,465,cfs
CLAFTCCO,2022-07-16,640,cfs
CLAFTCCO,2022-07-17,527,cfs
CLAFTCCO,2022-07-18,457,cfs
CLAFTCCO,2022-07-19,401,cfs
CLAFTCCO,2022-07-20,393,cfs
CLAFTCCO,2022-07-21,371,cfs
CLAFTCCO,2022-07-22,334,cfs
CLAFTCCO,2022-07-23,336,cfs
CLAFTCCO,2022-07-24,376,cfs
CLAFTCCO,2022-07-25,375,cfs
CLAFTCCO,2022-07-26,354,cfs
CLAFTCCO,2022-07-27,328,cfs
CLAFTCCO,2022-07-28,358,cfs
CLAFTCCO,2022-07-29,384,cfs
CLAFTCCO,2022-07-30,304,cfs
CLAFTCCO,2022-07-31,292,cfs
CLAFTCCO,2022-08-01,291,cfs
CLAFTCCO,2022-08-02,274,cfs
CLAFTCCO,2022-08-03,261,cfs
CLAFTCCO,2022-08-04,256,cfs
CLAFTCCO,2022-08-05,231,cfs
CLAFTCCO,2022-08-06,293,cfs
CLAFTCCO,2022-08-07,275,cfs
CLAFTCCO,2022-08-08,246,cfs
CLAFTCCO,2022-08-09,220,cfs
CLAFTCCO,2022-08-10,216,cfs
CLAFTCCO,2022-08-11,217,cfs
CLAFTCCO,2022-08-12,224,cfs
CLAFTCCO,2022-08-13,229,cfs
CLAFTCCO,2022-08-14,290,cfs
CLAFTCCO,2022-08-15,301,cfs
CLAFTCCO,2022-08-16,430,cfs
CLAFTCCO,2022-08-17,369,cfs
CLAFTCCO,2022-08-18,371,cfs
CLAFTCCO,2022-08-19,330,cfs
CLAFTCCO,2022-08-20,319,cfs
CLAFTCCO,2022-08-21,316,cfs
CLAFTCCO,2022-08-22,360,cfs
CLAFTCCO,2022-08-23,290,cfs
CLAFTCCO,2022-08-24,285,cfs
CLAFTCCO,2022-08-25,261,cfs
CLAFTCCO,2022-08-26,238,cfs
CLAFTCCO,2022-08-27,256,cfs
CLAFTCCO,2022-08-28,247,cfs
CLAFTCCO,2022-08-29,233,cfs
CLAFTCCO,2022-08-30,222,cfs
CLAFTCCO,2022-08-31,194,cfs
CLAFTCCO,2022-09-01,178,cfs
CLAFTCCO,2022-09-02,152,cfs
CLAFTCCO,2022-09-03,151,cfs
CLAFTCCO,2022-09-04,165,cfs
CLAFTCCO,2022-09-05,148,cfs
CLAFTCCO,2022-09-06,143,cfs
CLAFTCCO,2022-09-07,135,cfs
CLAFTCCO,2022-09-08,124,cfs
CLAFTCCO,2022-09-09,122,cfs
CLAFTCCO,2022-09-10,126,cfs
CLAFTCCO,2022-09-11,93,cfs
CLAFTCCO,2022-09-12,77,cfs
CLAFTCCO,2022-09-13,53,cfs
CLAFTCCO,2022-09-14,43,cfs
CLAFTCCO,2022-09-15,70,cfs
CLAFTCCO,2022-09-16,85,cfs
CLAFTCCO,2022-09-17,89,cfs
CLAFTCCO,2022-09-18,93,cfs
CLAFTCCO,2022-09-19,77,cfs
CLAFTCCO,2022-09-20,85,cfs
CLAFTCCO,2022-09-21,85,cfs
CLAFTCCO,2022-09-22,117,cfs
CLAFTCCO,2022-09-23,107,cfs
CLAFTCCO,2022-09-24,86,cfs
CLAFTCCO,2022-09-25,69,cfs
CLAFTCCO,2022-09-26,66,cfs
CLAFTCCO,2022-09-27,53,cfs
CLAFTCCO,2022-09-28,55,cfs
CLAFTCCO,2022-09-29,64,cfs
CLAFTCCO,2022-09-30,51,cfs
CLAFTCCO,2022-10-01,67,cfs
CLAFTCCO,2022-10-02,67,cfs
CLAFTCCO,2022-10-03,62,cfs
CLAFTCCO,2022-10-04,65,cfs
CLAFTCCO,2022-10-05,62,cfs
CLAFTCCO,2022-10-06,42,cfs
CLAFTCCO,2022-10-07,41,cfs
CLAFTCCO,2022-10-08,50,cfs
CLAFTCCO,2022-10-09,56,cfs
CLAFTCCO,2022-10-10,58,cfs
CLAFTCCO,2022-10-11,51,cfs
CLAFTCCO,2022-10-12,53,cfs
CLAFTCCO,2022-10-13,53,cfs
CLAFTCCO,2022-10-14,52,cfs
CLAFTCCO,2022-10-15,44,cfs
CLAFTCCO,2022-10-16,49,cfs
CLAFTCCO,2022-10-17,50,cfs
CLAFTCCO,2022-10-18,54,cfs
CLAFTCCO,2022-10-19,53,cfs
CLAFTCCO,2022-10-20,54,cfs
CLAFTCCO,2022-10-21,51,cfs
CLAFTCCO,2022-10-22,48,cfs
CLAFTCCO,2022-10-23,49,cfs
CLAFTCCO,2022-10-24,51,cfs
CLAFTCCO,2022-10-25,52,cfs
CLAFTCCO,2022-10-26,74,cfs
CLAFTCCO,2022-10-27,89,cfs
CLAFTCCO,2022-10-28,92,cfs
CLAFTCCO,2022-10-29,81,cfs
CLAFTCCO,2022-10-30,65,cfs
CLAFTCCO,2022-10-31,61,cfs
CLAFTCCO,2022-11-01,47,cfs
CLAFTCCO,2022-11-02,51,cfs
CLAFTCCO,2022-11-03,46,cfs
CLAFTCCO,2022-11-04,47,cfs
CLAFTCCO,2022-11-05,34,cfs
CLAFTCCO,2022-11-06,52,cfs
CLAFTCCO,2022-11-07,50,cfs
CLAFTCCO,2022-11-08,55,cfs
CLAFTCCO,2022-11-09,55,cfs
CLAFTCCO,2022-11-10,49,cfs
CLAFTCCO,2022-11-11,43,cfs
CLAFTCCO,2022-11-12,19,cfs
CLAFTCCO,2022-11-13,35,cfs
CLAFTCCO,2022-11-14,55,cfs
CLAFTCCO,2022-11-15,68,cfs
CLAFTCCO,2022-11-16,65,cfs
CLAFTCCO,2022-11-17,62,cfs
CLAFTCCO,2022-11-18,59,cfs
CLAFTCCO,2022-11-19,55,cfs
CLAFTCCO,2022-11-20,52,cfs
CLAFTCCO,2022-11-21,49,cfs
CLAFTCCO,2022-11-22,46,cfs
CLAFTCCO,2022-11-23,43,cfs
CLAFTCCO,2022-11-24,50,cfs
CLAFTCCO,2022-11-25,57,cfs
CLAFTCCO,2022-11-26,65,cfs
CLAFTCCO,2022-11-27,72,cfs
CLAFTCCO,2022-11-28,79,cfs
CLAFTCCO,2022-11-29,77,cfs
CLAFTCCO,2022-11-30,76,cfs
CLAFTCCO,2022-12-01,74,cfs
CLAFTCCO,2022-12-02,72,cfs
CLAFTCCO,2022-12-03,71,cfs
CLAFTCCO,2022-12-04,69,cfs
CLAFTCCO,2022-12-05,67,cfs
CLAFTCCO,2022-12-06,66,cfs
CLAFTCCO,2022-12-07,65,cfs
CLAFTCCO,2022-12-08,65,cfs
CLAFTCCO,2022-12-09,65,cfs
CLAFTCCO,2022-12-10,64,cfs
CLAFTCCO,2022-12-11,64,cfs
CLAFTCCO,2022-12-12,64,cfs
CLAFTCCO,2022-12-13,63,cfs
CLAFTCCO,2022-12-14,62,cfs
CLAFTCCO,2022-12-15,61,cfs
CLAFTCCO,2022-12-16,60,cfs
CLAFTCCO,2022-12-17,59,cfs
CLAFTCCO,2022-12-18,57,cfs
CLAFTCCO,2022-12-19,56,cfs
CLAFTCCO,2022-12-20,55,cfs
CLAFTCCO,2022-12-21,53,cfs
CLAFTCCO,2022-12-22,51,cfs
CLAFTCCO,2022-12-23,49,cfs
CLAFTCCO,2022-12-24,47,cfs
CLAFTCCO,2022-12-25,45,cfs
CLAFTCCO,2022-12-26,43,cfs
CLAFTCCO,2022-12-27,41,cfs
CLAFTCCO,2022-12-28,42,cfs
CLAFTCCO,2022-12-29,43,cfs
CLAFTCCO,2022-12-30,43,cfs
CLAFTCCO,2022-12-31,45,cfs
CLAFTCCO,2023-01-01,46,cfs
CLAFTCCO,2023-01-02,47,cfs
CLAFTCCO,2023-01-03,47,cfs
CLAFTCCO,2023-01-04,49,cfs
CLAFTCCO,2023-01-05,50,cfs
CLAFTCCO,2023-01-06,52,cfs
CLAFTCCO,2023-01-07,54,cfs
CLAFTCCO,2023-01-08,56,cfs
CLAFTCCO,2023-01-09,57,cfs
CLAFTCCO,2023-01-10,59,cfs
CLAFTCCO,2023-01-11,59,cfs
CLAFTCCO,2023-01-12,60,cfs
CLAFTCCO,2023-01-13,60,cfs
CLAFTCCO,2023-01-14,61,cfs
CLAFTCCO,2023-01-15,61,cfs
CLAFTCCO,2023-01-16,61,cfs
CLAFTCCO,2023-01-17,62,cfs
CLAFTCCO,2023-01-18,61,cfs
CLAFTCCO,2023-01-19,61,cfs
CLAFTCCO,2023-01-20,61,cfs
CLAFTCCO,2023-01-21,61,cfs
CLAFTCCO,2023-01-22,61,cfs
CLAFTCCO,2023-01-23,61,cfs
CLAFTCCO,2023-01-24,61,cfs
CLAFTCCO,2023-01-25,61,cfs
CLAFTCCO,2023-01-26,60,cfs
CLAFTCCO,2023-01-27,60,cfs
CLAFTCCO,2023-01-28,59,cfs
CLAFTCCO,2023-01-29,59,cfs
CLAFTCCO,2023-01-30,58,cfs
CLAFTCCO,2023-01-31,57,cfs
CLAFTCCO,2023-02-01,56,cfs
CLAFTCCO,2023-02-02,55,cfs
CLAFTCCO,2023-02-03,54,cfs
CLAFTCCO,2023-02-04,54,cfs
CLAFTCCO,2023-02-05,54,cfs
CLAFTCCO,2023-02-06,55,cfs
CLAFTCCO,2023-02-07,55,cfs
CLAFTCCO,2023-02-08,55,cfs
CLAFTCCO,2023-02-09,56,cfs
CLAFTCCO,2023-02-10,58,cfs
CLAFTCCO,2023-02-11,59,cfs
CLAFTCCO,2023-02-12,60,cfs
CLAFTCCO,2023-02-13,61,cfs
CLAFTCCO,2023-02-14,63,cfs
CLAFTCCO,2023-02-15,64,cfs
CLAFTCCO,2023-02-16,65,cfs
CLAFTCCO,2023-02-17,66,cfs
CLAFTCCO,2023-02-18,68,cfs
CLAFTCCO,2023-02-19,69,cfs
CLAFTCCO,2023-02-20,70,cfs
CLAFTCCO,2023-02-21,71,cfs
CLAFTCCO,2023-02-22,70,cfs
CLAFTCCO,2023-02-23,69,cfs
CLAFTCCO,2023-02-24,68,cfs
CLAFTCCO,2023-02-25,67,cfs
CLAFTCCO,2023-02-26,66,cfs
CLAFTCCO,2023-02-27,65,cfs
CLAFTCCO,2023-02-28,64,cfs
CLAFTCCO,2023-03-01,63,cfs
CLAFTCCO,2023-03-02,62,cfs
CLAFTCCO,2023-03-03,61,cfs
CLAFTCCO,2023-03-04,60,cfs
CLAFTCCO,2023-03-05,60,cfs
CLAFTCCO,2023-03-06,59,cfs
CLAFTCCO,2023-03-07,58,cfs
CLAFTCCO,2023-03-08,57,cfs
CLAFTCCO,2023-03-09,57,cfs
CLAFTCCO,2023-03-10,56,cfs
CLAFTCCO,2023-03-11,55,cfs
CLAFTCCO,2023-03-12,54,cfs
CLAFTCCO,2023-03-13,54,cfs
CLAFTCCO,2023-03-14,53,cfs
CLAFTCCO,2023-03-15,61,cfs
CLAFTCCO,2023-03-16,65,cfs
CLAFTCCO,2023-03-17,41,cfs
CLAFTCCO,2023-03-18,31,cfs
CLAFTCCO,2023-03-19,36,cfs
CLAFTCCO,2023-03-20,56,cfs
CLAFTCCO,2023-03-21,47,cfs
CLAFTCCO,2023-03-22,48,cfs
CLAFTCCO,2023-03-23,46,cfs
CLAFTCCO,2023-03-24,53,cfs
CLAFTCCO,2023-03-25,54,cfs
CLAFTCCO,2023-03-26,43,cfs
CLAFTCCO,2023-03-27,45,cfs
CLAFTCCO,2023-03-28,35,cfs
CLAFTCCO,2023-03-29,43,cfs
CLAFTCCO,2023-03-30,51,cfs
CLAFTCCO,2023-03-31,44,cfs
CLAFTCCO,2023-04-01,44,cfs
CLAFTCCO,2023-04-02,48,cfs
CLAFTCCO,2023-04-03,48,cfs
CLAFTCCO,2023-04-04,49,cfs
CLAFTCCO,2023-04-05,40,cfs
CLAFTCCO,2023-04-06,42,cfs
CLAFTCCO,2023-04-07,48,cfs
CLAFTCCO,2023-04-08,51,cfs
CLAFTCCO,2023-04-09,53,cfs
CLAFTCCO,2023-04-10,56,cfs
CLAFTCCO,2023-04-11,88,cfs
CLAFTCCO,2023-04-12,121,cfs
CLAFTCCO,2023-04-13,181,cfs
CLAFTCCO,2023-04-14,221,cfs
CLAFTCCO,2023-04-15,208,cfs
CLAFTCCO,2023-04-16,178,cfs
CLAFTCCO,2023-04-17,184,cfs
CLAFTCCO,2023-04-18,144,cfs
CLAFTCCO,2023-04-19,165,cfs
CLAFTCCO,2023-04-20,166,cfs
CLAFTCCO,2023-04-21,135,cfs
CLAFTCCO,2023-04-22,81,cfs
CLAFTCCO,2023-04-23,75,cfs
CLAFTCCO,2023-04-24,120,cfs
CLAFTCCO,2023-04-25,120,cfs
CLAFTCCO,2023-04-26,140,cfs
CLAFTCCO,2023-04-27,151,cfs
CLAFTCCO,2023-04-28,185,cfs
CLAFTCCO,2023-04-29,190,cfs
CLAFTCCO,2023-04-30,216,cfs
CLAFTCCO,2023-05-01,282,cfs
CLAFTCCO,2023-05-02,282,cfs
CLAFTCCO,2023-05-03,320,cfs
CLAFTCCO,2023-05-04,813,cfs
CLAFTCCO,2023-05-05,887,cfs
CLAFTCCO,2023-05-06,824,cfs
CLAFTCCO,2023-05-07,775,cfs
CLAFTCCO,2023-05-08,803,cfs
CLAFTCCO,2023-05-09,836,cfs
CLAFTCCO,2023-05-10,793,cfs
CLAFTCCO,2023-05-11,710,cfs
CLAFTCCO,2023-05-12,696,cfs
CLAFTCCO,2023-05-13,555,cfs
CLAFTCCO,2023-05-14,696,cfs
CLAFTCCO,2023-05-15,1040,cfs
CLAFTCCO,2023-05-16,1140,cfs
CLAFTCCO,2023-05-17,1470,cfs
CLAFTCCO,2023-05-18,1450,cfs
CLAFTCCO,2023-05-19,1550,cfs
CLAFTCCO,2023-05-20,1350,cfs
CLAFTCCO,2023-05-21,1420,cfs
CLAFTCCO,2023-05-22,1450,cfs
CLAFTCCO,2023-05-23,1380,cfs
CLAFTCCO,2023-05-24,1370,cfs
CLAFTCCO,2023-05-25,1420,cfs
CLAFTCCO,2023-05-26,1560,cfs
CLAFTCCO,2023-05-27,1510,cfs
CLAFTCCO,2023-05-28,1490,cfs
CLAFTCCO,2023-05-29,1350,cfs
CLAFTCCO,2023-05-30,1230,cfs
CLAFTCCO,2023-05-31,1210,cfs
CLAFTCCO,2023-06-01,1120,cfs
CLAFTCCO,2023-06-02,1180,cfs
CLAFTCCO,2023-06-03,1200,cfs
CLAFTCCO,2023-06-04,1530,cfs
CLAFTCCO,2023-06-05,2020,cfs
CLAFTCCO,2023-06-06,2050,cfs
CLAFTCCO,2023-06-07,1830,cfs
CLAFTCCO,2023-06-08,1990,cfs
CLAFTCCO,2023-06-09,1920,cfs
CLAFTCCO,2023-06-10,1770,cfs
CLAFTCCO,2023-06-11,1660,cfs
CLAFTCCO,2023-06-12,1850,cfs
CLAFTCCO,2023-06-13,2000,cfs
CLAFTCCO,2023-06-14,2190,cfs
CLAFTCCO,2023-06-15,2130,cfs
CLAFTCCO,2023-06-16,2250,cfs
CLAFTCCO,2023-06-17,2520,cfs
CLAFTCCO,2023-06-18,2400,cfs
CLAFTCCO,2023-06-19,2180,cfs
CLAFTCCO,2023-06-20,2090,cfs
CLAFTCCO,2023-06-21,1980,cfs
CLAFTCCO,2023-06-22,1990,cfs
CLAFTCCO,2023-06-23,1990,cfs
CLAFTCCO,2023-06-24,1850,cfs
CLAFTCCO,2023-06-25,1640,cfs
CLAFTCCO,2023-06-26,1440,cfs
CLAFTCCO,2023-06-27,1290,cfs
CLAFTCCO,2023-06-28,1210,cfs
CLAFTCCO,2023-06-29,1090,cfs
CLAFTCCO,2023-06-30,1160,cfs
CLAFTCCO,2023-07-01,1390,cfs
CLAFTCCO,2023-07-02,1300,cfs
CLAFTCCO,2023-07-03,1240,cfs
CLAFTCCO,2023-07-04,1220,cfs
CLAFTCCO,2023-07-05,1280,cfs
CLAFTCCO,2023-07-06,1260,cfs
CLAFTCCO,2023-07-07,1170,cfs
CLAFTCCO,2023-07-08,1130,cfs
CLAFTCCO,2023-07-09,1070,cfs
CLAFTCCO,2023-07-10,959,cfs
CLAFTCCO,2023-07-11,857,cfs
CLAFTCCO,2023-07-12,775,cfs
CLAFTCCO,2023-07-13,739,cfs
CLAFTCCO,2023-07-14,787,cfs
CLAFTCCO,2023-07-15,786,cfs
CLAFTCCO,2023-07-16,660,cfs
CLAFTCCO,2023-07-17,638,cfs
CLAFTCCO,2023-07-18,593,cfs
CLAFTCCO,2023-07-19,570,cfs
CLAFTCCO,2023-07-20,596,cfs
CLAFTCCO,2023-07-21,664,cfs
CLAFTCCO,2023-07-22,592,cfs
CLAFTCCO,2023-07-23,541,cfs
CLAFTCCO,2023-07-24,545,cfs
CLAFTCCO,2023-07-25,515,cfs
CLAFTCCO,2023-07-26,465,cfs
CLAFTCCO,2023-07-27,438,cfs
CLAFTCCO,2023-07-28,413,cfs
CLAFTCCO,2023-07-29,408,cfs
CLAFTCCO,2023-07-30,392,cfs
CLAFTCCO,2023-07-31,433,cfs
CLAFTCCO,2023-08-01,593,cfs
CLAFTCCO,2023-08-02,546,cfs
CLAFTCCO,2023-08-03,629,cfs
CLAFTCCO,2023-08-04,615,cfs
CLAFTCCO,2023-08-05,506,cfs
CLAFTCCO,2023-08-06,465,cfs
CLAFTCCO,2023-08-07,476,cfs
CLAFTCCO,2023-08-08,425,cfs
CLAFTCCO,2023-08-09,390,cfs
CLAFTCCO,2023-08-10,360,cfs
CLAFTCCO,2023-08-11,335,cfs
CLAFTCCO,2023-08-12,311,cfs
CLAFTCCO,2023-08-13,305,cfs
CLAFTCCO,2023-08-14,300,cfs
CLAFTCCO,2023-08-15,286,cfs
CLAFTCCO,2023-08-16,269,cfs
CLAFTCCO,2023-08-17,258,cfs
CLAFTCCO,2023-08-18,249,cfs
CLAFTCCO,2023-08-19,237,cfs
CLAFTCCO,2023-08-20,238,cfs
CLAFTCCO,2023-08-21,224,cfs
CLAFTCCO,2023-08-22,206,cfs
CLAFTCCO,2023-08-23,183,cfs
CLAFTCCO,2023-08-24,192,cfs
CLAFTCCO,2023-08-25,255,cfs
CLAFTCCO,2023-08-26,279,cfs
CLAFTCCO,2023-08-27,242,cfs
CLAFTCCO,2023-08-28,242,cfs
CLAFTCCO,2023-08-29,248,cfs
CLAFTCCO,2023-08-30,212,cfs
CLAFTCCO,2023-08-31,162,cfs
CLAFTCCO,2023-09-01,113,cfs
CLAFTCCO,2023-09-02,97,cfs
CLAFTCCO,2023-09-03,85,cfs
CLAFTCCO,2023-09-04,179,cfs
CLAFTCCO,2023-09-05,172,cfs
CLAFTCCO,2023-09-06,115,cfs
CLAFTCCO,2023-09-07,113,cfs
CLAFTCCO,2023-09-08,95,cfs
CLAFTCCO,2023-09-09,76,cfs
CLAFTCCO,2023-09-10,71,cfs
CLAFTCCO,2023-09-11,56,cfs
CLAFTCCO,2023-09-12,56,cfs
CLAFTCCO,2023-09-13,37,cfs
CLAFTCCO,2023-09-14,49,cfs
CLAFTCCO,2023-09-15,96,cfs
CLAFTCCO,2023-09-16,65,cfs
CLAFTCCO,2023-09-17,31,cfs
CLAFTCCO,2023-09-18,31,cfs
CLAFTCCO,2023-09-19,23,cfs
CLAFTCCO,2023-09-20,32,cfs
CLAFTCCO,2023-09-21,34,cfs
CLAFTCCO,2023-09-22,23,cfs
CLAFTCCO,2023-09-23,42,cfs
CLAFTCCO,2023-09-24,44,cfs
CLAFTCCO,2023-09-25,42,cfs
CLAFTCCO,2023-09-26,34,cfs
CLAFTCCO,2023-09-27,34,cfs
CLAFTCCO,2023-09-28,33,cfs
CLAFTCCO,2023-09-29,20,cfs
CLAFTCCO,2023-09-30,30,cfs
CLAFTCCO,2023-10-01,33,cfs
CLAFTCCO,2023-10-02,26,cfs
CLAFTCCO,2023-10-03,31,cfs
CLAFTCCO,2023-10-04,40,cfs
CLAFTCCO,2023-10-05,30,cfs
CLAFTCCO,2023-10-06,17,cfs
CLAFTCCO,2023-10-07,29,cfs
CLAFTCCO,2023-10-08,44,cfs
CLAFTCCO,2023-10-09,55,cfs
CLAFTCCO,2023-10-10,69,cfs
CLAFTCCO,2023-10-11,56,cfs
CLAFTCCO,2023-10-12,67,cfs
CLAFTCCO,2023-10-13,77,cfs
CLAFTCCO,2023-10-14,84,cfs
CLAFTCCO,2023-10-15,85,cfs
CLAFTCCO,2023-10-16,83,cfs
CLAFTCCO,2023-10-17,82,cfs
CLAFTCCO,2023-10-18,80,cfs
CLAFTCCO,2023-10-19,79,cfs
CLAFTCCO,2023-10-20,74,cfs
CLAFTCCO,2023-10-21,73,cfs
CLAFTCCO,2023-10-22,75,cfs
CLAFTCCO,2023-10-23,76,cfs
CLAFTCCO,2023-10-24,76,cfs
CLAFTCCO,2023-10-25,77,cfs
CLAFTCCO,2023-10-26,73,cfs
CLAFTCCO,2023-10-27,77,cfs
CLAFTCCO,2023-10-28,87,cfs
CLAFTCCO,2023-10-29,97,cfs
CLAFTCCO,2023-10-30,71,cfs
CLAFTCCO,2023-10-31,51,cfs
CLAFTCCO,2023-11-01,72,cfs
CLAFTCCO,2023-11-02,72,cfs
CLAFTCCO,2023-11-03,68,cfs
CLAFTCCO,2023-11-04,66,cfs
CLAFTCCO,2023-11-05,66,cfs
CLAFTCCO,2023-11-06,71,cfs
CLAFTCCO,2023-11-07,65,cfs
CLAFTCCO,2023-11-08,67,cfs
CLAFTCCO,2023-11-09,62,cfs
CLAFTCCO,2023-11-10,43,cfs
CLAFTCCO,2023-11-11,43,cfs
CLAFTCCO,2023-11-12,57,cfs
CLAFTCCO,2023-11-13,54,cfs
CLAFTCCO,2023-11-14,62,cfs
CLAFTCCO,2023-11-15,59,cfs
CLAFTCCO,2023-11-16,58,cfs
CLAFTCCO,2023-11-17,59,cfs
CLAFTCCO,2023-11-18,59,cfs
CLAFTCCO,2023-11-19,60,cfs
CLAFTCCO,2023-11-20,62,cfs
CLAFTCCO,2023-11-21,58,cfs
CLAFTCCO,2023-11-22,48,cfs
CLAFTCCO,2023-11-23,45,cfs
CLAFTCCO,2023-11-24,45,cfs
CLAFTCCO,2023-11-25,40,cfs
CLAFTCCO,2023-11-26,40,cfs
CLAFTCCO,2023-11-27,45,cfs
CLAFTCCO,2023-11-28,50,cfs
CLAFTCCO,2023-11-29,55,cfs
CLAFTCCO,2023-11-30,55,cfs
CLAFTCCO,2023-12-01,55,cfs
CLAFTCCO,2023-12-02,60,cfs
CLAFTCCO,2023-12-03,65,cfs
CLAFTCCO,2023-12-04,70,cfs
CLAFTCCO,2023-12-05,75,cfs
CLAFTCCO,2023-12-06,75,cfs
CLAFTCCO,2023-12-07,75,cfs
CLAFTCCO,2023-12-08,70,cfs
CLAFTCCO,2023-12-09,65,cfs
CLAFTCCO,2023-12-10,60,cfs
CLAFTCCO,2023-12-11,55,cfs
CLAFTCCO,2023-12-12,50,cfs
CLAFTCCO,2023-12-13,50,cfs
CLAFTCCO,2023-12-14,55,cfs
CLAFTCCO,2023-12-15,55,cfs
CLAFTCCO,2023-12-16,60,cfs
CLAFTCCO,2023-12-17,65,cfs
CLAFTCCO,2023-12-18,60,cfs
CLAFTCCO,2023-12-19,55,cfs
CLAFTCCO,2023-12-20,50,cfs
CLAFTCCO,2023-12-21,60,cfs
CLAFTCCO,2023-12-22,65,cfs
CLAFTCCO,2023-12-23,70,cfs
CLAFTCCO,2023-12-24,60,cfs
CLAFTCCO,2023-12-25,55,cfs
CLAFTCCO,2023-12-26,65,cfs
CLAFTCCO,2023-12-27,70,cfs
CLAFTCCO,2023-12-28,60,cfs
CLAFTCCO,2023-12-29,60,cfs
CLAFTCCO,2023-12-30,60,cfs
CLAFTCCO,2023-12-31,55,cfs
CLAFTCCO,2024-01-01,60,cfs
CLAFTCCO,2024-01-02,55,cfs
CLAFTCCO,2024-01-03,55,cfs
CLAFTCCO,2024-01-04,50,cfs
CLAFTCCO,2024-01-05,45,cfs
CLAFTCCO,2024-01-06,45,cfs
CLAFTCCO,2024-01-07,45,cfs
CLAFTCCO,2024-01-08,40,cfs
CLAFTCCO,2024-01-09,50,cfs
CLAFTCCO,2024-01-10,45,cfs
CLAFTCCO,2024-01-11,40,cfs
CLAFTCCO,2024-01-12,45,cfs
CLAFTCCO,2024-01-13,40,cfs
CLAFTCCO,2024-01-14,35,cfs
CLAFTCCO,2024-01-15,30,cfs
CLAFTCCO,2024-01-16,35,cfs
CLAFTCCO,2024-01-17,40,cfs
CLAFTCCO,2024-01-18,45,cfs
CLAFTCCO,2024-01-19,40,cfs
CLAFTCCO,2024-01-20,45,cfs
CLAFTCCO,2024-01-21,45,cfs
CLAFTCCO,2024-01-22,50,cfs
CLAFTCCO,2024-01-23,50,cfs
CLAFTCCO,2024-01-24,55,cfs
CLAFTCCO,2024-01-25,55,cfs
CLAFTCCO,2024-01-26,60,cfs
CLAFTCCO,2024-01-27,60,cfs
CLAFTCCO,2024-01-28,65,cfs
CLAFTCCO,2024-01-29,65,cfs
CLAFTCCO,2024-01-30,65,cfs
CLAFTCCO,2024-01-31,65,cfs
CLAFTCCO,2024-02-01,65,cfs
CLAFTCCO,2024-02-02,70,cfs
CLAFTCCO,2024-02-03,100,cfs
CLAFTCCO,2024-02-04,85,cfs
CLAFTCCO,2024-02-05,75,cfs
CLAFTCCO,2024-02-06,70,cfs
CLAFTCCO,2024-02-07,65,cfs
CLAFTCCO,2024-02-08,60,cfs
CLAFTCCO,2024-02-09,60,cfs
CLAFTCCO,2024-02-10,55,cfs
CLAFTCCO,2024-02-11,50,cfs
CLAFTCCO,2024-02-12,55,cfs
CLAFTCCO,2024-02-13,60,cfs
CLAFTCCO,2024-02-14,65,cfs
CLAFTCCO,2024-02-15,70,cfs
CLAFTCCO,2024-02-16,65,cfs
CLAFTCCO,2024-02-17,55,cfs
CLAFTCCO,2024-02-18,60,cfs
CLAFTCCO,2024-02-19,65,cfs
CLAFTCCO,2024-02-20,70,cfs
CLAFTCCO,2024-02-21,75,cfs
CLAFTCCO,2024-02-22,70,cfs
CLAFTCCO,2024-02-23,65,cfs
CLAFTCCO,2024-02-24,60,cfs
CLAFTCCO,2024-02-25,65,cfs
CLAFTCCO,2024-02-26,70,cfs
CLAFTCCO,2024-02-27,59,cfs
CLAFTCCO,2024-02-28,46,cfs
CLAFTCCO,2024-02-29,54,cfs
CLAFTCCO,2024-03-01,60,cfs
CLAFTCCO,2024-03-02,59,cfs
CLAFTCCO,2024-03-03,61,cfs
CLAFTCCO,2024-03-04,46,cfs
CLAFTCCO,2024-03-05,57,cfs
CLAFTCCO,2024-03-06,53,cfs
CLAFTCCO,2024-03-07,55,cfs
CLAFTCCO,2024-03-08,55,cfs
CLAFTCCO,2024-03-09,47,cfs
CLAFTCCO,2024-03-10,54,cfs
CLAFTCCO,2024-03-11,61,cfs
CLAFTCCO,2024-03-12,63,cfs
CLAFTCCO,2024-03-13,62,cfs
CLAFTCCO,2024-03-14,78,cfs
CLAFTCCO,2024-03-15,80,cfs
CLAFTCCO,2024-03-16,71,cfs
CLAFTCCO,2024-03-17,79,cfs
CLAFTCCO,2024-03-18,70,cfs
CLAFTCCO,2024-03-19,73,cfs
CLAFTCCO,2024-03-20,89,cfs
CLAFTCCO,2024-03-21,66,cfs
CLAFTCCO,2024-03-22,54,cfs
CLAFTCCO,2024-03-23,59,cfs
CLAFTCCO,2024-03-24,59,cfs
CLAFTCCO,2024-03-25,57,cfs
CLAFTCCO,2024-03-26,43,cfs
CLAFTCCO,2024-03-27,48,cfs
CLAFTCCO,2024-03-28,52,cfs
CLAFTCCO,2024-03-29,55,cfs
CLAFTCCO,2024-03-30,51,cfs
CLAFTCCO,2024-03-31,52,cfs
CLAFTCCO,2024-04-01,59,cfs
CLAFTCCO,2024-04-02,52,cfs
CLAFTCCO,2024-04-03,47,cfs
CLAFTCCO,2024-04-04,58,cfs
CLAFTCCO,2024-04-05,71,cfs
CLAFTCCO,2024-04-06,107,cfs
CLAFTCCO,2024-04-07,89,cfs
CLAFTCCO,2024-04-08,93,cfs
CLAFTCCO,2024-04-09,75,cfs
CLAFTCCO,2024-04-10,47,cfs
CLAFTCCO,2024-04-11,47,cfs
CLAFTCCO,2024-04-12,47,cfs
CLAFTCCO,2024-04-13,58,cfs
CLAFTCCO,2024-04-14,76,cfs
CLAFTCCO,2024-04-15,202,cfs
CLAFTCCO,2024-04-16,228,cfs
CLAFTCCO,2024-04-17,181,cfs
CLAFTCCO,2024-04-18,196,cfs
CLAFTCCO,2024-04-19,168,cfs
CLAFTCCO,2024-04-20,154,cfs
CLAFTCCO,2024-04-21,125,cfs
CLAFTCCO,2024-04-22,125,cfs
CLAFTCCO,2024-04-23,193,cfs
CLAFTCCO,2024-04-24,258,cfs
CLAFTCCO,2024-04-25,380,cfs
CLAFTCCO,2024-04-26,500,cfs
CLAFTCCO,2024-04-27,582,cfs
CLAFTCCO,2024-04-28,487,cfs
CLAFTCCO,2024-04-29,443,cfs
CLAFTCCO,2024-04-30,518,cfs
CLAFTCCO,2024-05-01,491,cfs
CLAFTCCO,2024-05-02,531,cfs
CLAFTCCO,2024-05-03,509,cfs
CLAFTCCO,2024-05-04,470,cfs
CLAFTCCO,2024-05-05,505,cfs
CLAFTCCO,2024-05-06,541,cfs
CLAFTCCO,2024-05-07,487,cfs
CLAFTCCO,2024-05-08,423,cfs
CLAFTCCO,2024-05-09,397,cfs
CLAFTCCO,2024-05-10,351,cfs
CLAFTCCO,2024-05-11,368,cfs
CLAFTCCO,2024-05-12,428,cfs
CLAFTCCO,2024-05-13,494,cfs
CLAFTCCO,2024-05-14,682,cfs
CLAFTCCO,2024-05-15,886,cfs
CLAFTCCO,2024-05-16,785,cfs
CLAFTCCO,2024-05-17,1090,cfs
CLAFTCCO,2024-05-18,1380,cfs
CLAFTCCO,2024-05-19,1480,cfs
CLAFTCCO,2024-05-20,1400,cfs
CLAFTCCO,2024-05-21,1500,cfs
CLAFTCCO,2024-05-22,1080,cfs
CLAFTCCO,2024-05-23,972,cfs
CLAFTCCO,2024-05-24,1010,cfs
CLAFTCCO,2024-05-25,1060,cfs
CLAFTCCO,2024-05-26,1090,cfs
CLAFTCCO,2024-05-27,962,cfs
CLAFTCCO,2024-05-28,1110,cfs
CLAFTCCO,2024-05-29,1200,cfs
CLAFTCCO,2024-05-30,1010,cfs
CLAFTCCO,2024-05-31,1190,cfs
CLAFTCCO,2024-06-01,1270,cfs
CLAFTCCO,2024-06-02,1260,cfs
CLAFTCCO,2024-06-03,1220,cfs
CLAFTCCO,2024-06-04,1350,cfs
CLAFTCCO,2024-06-05,1570,cfs
CLAFTCCO,2024-06-06,2090,cfs
CLAFTCCO,2024-06-07,2050,cfs
CLAFTCCO,2024-06-08,2150,cfs
CLAFTCCO,2024-06-09,2060,cfs
CLAFTCCO,2024-06-10,2030,cfs
CLAFTCCO,2024-06-11,1860,cfs
CLAFTCCO,2024-06-12,1720,cfs
CLAFTCCO,2024-06-13,1680,cfs
CLAFTCCO,2024-06-14,1620,cfs
CLAFTCCO,2024-06-15,1410,cfs
CLAFTCCO,2024-06-16,1330,cfs
CLAFTCCO,2024-06-17,1470,cfs
CLAFTCCO,2024-06-18,1450,cfs
CLAFTCCO,2024-06-19,1230,cfs
CLAFTCCO,2024-06-20,1230,cfs
CLAFTCCO,2024-06-21,1270,cfs
CLAFTCCO,2024-06-22,1270,cfs
CLAFTCCO,2024-06-23,1190,cfs
CLAFTCCO,2024-06-24,1120,cfs
CLAFTCCO,2024-06-25,1050,cfs
CLAFTCCO,2024-06-26,992,cfs
CLAFTCCO,2024-06-27,997,cfs
CLAFTCCO,2024-06-28,977,cfs
CLAFTCCO,2024-06-29,938,cfs
CLAFTCCO,2024-06-30,862,cfs
CLAFTCCO,2024-07-01,803,cfs
CLAFTCCO,2024-07-02,822,cfs
CLAFTCCO,2024-07-03,728,cfs
CLAFTCCO,2024-07-04,596,cfs
CLAFTCCO,2024-07-05,524,cfs
CLAFTCCO,2024-07-06,497,cfs
CLAFTCCO,2024-07-07,442,cfs
CLAFTCCO,2024-07-08,444,cfs
CLAFTCCO,2024-07-09,416,cfs
CLAFTCCO,2024-07-10,377,cfs
CLAFTCCO,2024-07-11,336,cfs
CLAFTCCO,2024-07-12,308,cfs
CLAFTCCO,2024-07-13,276,cfs
CLAFTCCO,2024-07-14,252,cfs
CLAFTCCO,2024-07-15,258,cfs
CLAFTCCO,2024-07-16,273,cfs
CLAFTCCO,2024-07-17,339,cfs
CLAFTCCO,2024-07-18,361,cfs
CLAFTCCO,2024-07-19,274,cfs
CLAFTCCO,2024-07-20,250,cfs
CLAFTCCO,2024-07-21,237,cfs
CLAFTCCO,2024-07-22,284,cfs
CLAFTCCO,2024-07-23,258,cfs
CLAFTCCO,2024-07-24,212,cfs
CLAFTCCO,2024-07-25,194,cfs
CLAFTCCO,2024-07-26,168,cfs
CLAFTCCO,2024-07-27,176,cfs
CLAFTCCO,2024-07-28,163,cfs
CLAFTCCO,2024-07-29,140,cfs
CLAFTCCO,2024-07-30,130,cfs
CLAFTCCO,2024-07-31,102,cfs
CLAFTCCO,2024-08-01,106,cfs
CLAFTCCO,2024-08-02,99,cfs
CLAFTCCO,2024-08-03,118,cfs
CLAFTCCO,2024-08-04,157,cfs
CLAFTCCO,2024-08-05,173,cfs
CLAFTCCO,2024-08-06,172,cfs
CLAFTCCO,2024-08-07,166,cfs
CLAFTCCO,2024-08-08,188,cfs
CLAFTCCO,2024-08-09,186,cfs
CLAFTCCO,2024-08-10,309,cfs
CLAFTCCO,2024-08-11,334,cfs
CLAFTCCO,2024-08-12,288,cfs
CLAFTCCO,2024-08-13,273,cfs
CLAFTCCO,2024-08-14,272,cfs
CLAFTCCO,2024-08-15,269,cfs
CLAFTCCO,2024-08-16,249,cfs
CLAFTCCO,2024-08-17,245,cfs
CLAFTCCO,2024-08-18,266,cfs
CLAFTCCO,2024-08-19,261,cfs
CLAFTCCO,2024-08-20,246,cfs
CLAFTCCO,2024-08-21,219,cfs
CLAFTCCO,2024-08-22,235,cfs
CLAFTCCO,2024-08-23,248,cfs
CLAFTCCO,2024-08-24,267,cfs
CLAFTCCO,2024-08-25,288,cfs
CLAFTCCO,2024-08-26,302,cfs
CLAFTCCO,2024-08-27,298,cfs
CLAFTCCO,2024-08-28,247,cfs
CLAFTCCO,2024-08-29,200,cfs
CLAFTCCO,2024-08-30,142,cfs
CLAFTCCO,2024-08-31,124,cfs
CLAFTCCO,2024-09-01,117,cfs
CLAFTCCO,2024-09-02,162,cfs
CLAFTCCO,2024-09-03,185,cfs
CLAFTCCO,2024-09-04,168,cfs
CLAFTCCO,2024-09-05,213,cfs
CLAFTCCO,2024-09-06,234,cfs
CLAFTCCO,2024-09-07,217,cfs
CLAFTCCO,2024-09-08,113,cfs
CLAFTCCO,2024-09-09,49,cfs
CLAFTCCO,2024-09-10,53,cfs
CLAFTCCO,2024-09-11,49,cfs
CLAFTCCO,2024-09-12,48,cfs
CLAFTCCO,2024-09-13,34,cfs
CLAFTCCO,2024-09-14,39,cfs
CLAFTCCO,2024-09-15,45,cfs
CLAFTCCO,2024-09-16,39,cfs
CLAFTCCO,2024-09-17,41,cfs
CLAFTCCO,2024-09-18,37,cfs
CLAFTCCO,2024-09-19,43,cfs
CLAFTCCO,2024-09-20,39,cfs
CLAFTCCO,2024-09-21,42,cfs
CLAFTCCO,2024-09-22,51,cfs
CLAFTCCO,2024-09-23,61,cfs
CLAFTCCO,2024-09-24,60,cfs
CLAFTCCO,2024-09-25,45,cfs
CLAFTCCO,2024-09-26,43,cfs
CLAFTCCO,2024-09-27,35,cfs
CLAFTCCO,2024-09-28,37,cfs
CLAFTCCO,2024-09-29,21,cfs
CLAFTCCO,2024-09-30,18,cfs
CLAFTCCO,2024-10-01,26,cfs
CLAFTCCO,2024-10-02,21,cfs
CLAFTCCO,2024-10-03,21,cfs
CLAFTCCO,2024-10-04,23,cfs
CLAFTCCO,2024-10-05,23,cfs
CLAFTCCO,2024-10-06,24,cfs
CLAFTCCO,2024-10-07,24,cfs
CLAFTCCO,2024-10-08,22,cfs
CLAFTCCO,2024-10-09,23,cfs
CLAFTCCO,2024-10-10,22,cfs
CLAFTCCO,2024-10-11,22,cfs
CLAFTCCO,2024-10-12,25,cfs
CLAFTCCO,2024-10-13,29,cfs
CLAFTCCO,2024-10-14,25,cfs
CLAFTCCO,2024-10-15,28,cfs
CLAFTCCO,2024-10-16,66,cfs
CLAFTCCO,2024-10-17,70,cfs
CLAFTCCO,2024-10-18,72,cfs
CLAFTCCO,2024-10-19,73,cfs
CLAFTCCO,2024-10-20,43,cfs
CLAFTCCO,2024-10-21,30,cfs
CLAFTCCO,2024-10-22,34,cfs
CLAFTCCO,2024-10-23,36,cfs
CLAFTCCO,2024-10-24,36,cfs
CLAFTCCO,2024-10-25,35,cfs
CLAFTCCO,2024-10-26,46,cfs
CLAFTCCO,2024-10-27,42,cfs
CLAFTCCO,2024-10-28,37,cfs
CLAFTCCO,2024-10-29,36,cfs
CLAFTCCO,2024-10-30,41,cfs
CLAFTCCO,2024-10-31,50,cfs
CLAFTCCO,2024-11-01,41,cfs
CLAFTCCO,2024-11-02,48,cfs
CLAFTCCO,2024-11-03,52,cfs
CLAFTCCO,2024-11-04,56,cfs
CLAFTCCO,2024-11-05,55,cfs
CLAFTCCO,2024-11-06,48,cfs
CLAFTCCO,2024-11-07,47,cfs
CLAFTCCO,2024-11-08,54,cfs
CLAFTCCO,2024-11-09,65,cfs
CLAFTCCO,2024-11-10,60,cfs
CLAFTCCO,2024-11-11,54,cfs
CLAFTCCO,2024-11-12,53,cfs
CLAFTCCO,2024-11-13,55,cfs
CLAFTCCO,2024-11-14,49,cfs
CLAFTCCO,2024-11-15,45,cfs
CLAFTCCO,2024-11-16,47,cfs
CLAFTCCO,2024-11-17,39,cfs
CLAFTCCO,2024-11-18,35,cfs
CLAFTCCO,2024-11-19,30,cfs
CLAFTCCO,2024-11-20,30,cfs
CLAFTCCO,2024-11-21,65,cfs
CLAFTCCO,2024-11-22,90,cfs
CLAFTCCO,2024-11-23,90,cfs
CLAFTCCO,2024-11-24,85,cfs
CLAFTCCO,2024-11-25,80,cfs
CLAFTCCO,2024-11-26,75,cfs
CLAFTCCO,2024-11-27,75,cfs
CLAFTCCO,2024-11-28,70,cfs
CLAFTCCO,2024-11-29,70,cfs
CLAFTCCO,2024-11-30,75,cfs
CLAFTCCO,2024-12-01,70,cfs
CLAFTCCO,2024-12-02,70,cfs
CLAFTCCO,2024-12-03,65,cfs
CLAFTCCO,2024-12-04,65,cfs
CLAFTCCO,2024-12-05,60,cfs
CLAFTCCO,2024-12-06,55,cfs
CLAFTCCO,2024-12-07,55,cfs
CLAFTCCO,2024-12-08,55,cfs
CLAFTCCO,2024-12-09,55,cfs
CLAFTCCO,2024-12-10,50,cfs
CLAFTCCO,2024-12-11,50,cfs
CLAFTCCO,2024-12-12,50,cfs
CLAFTCCO,2024-12-13,50,cfs
CLAFTCCO,2024-12-14,45,cfs
CLAFTCCO,2024-12-15,45,cfs
CLAFTCCO,2024-12-16,45,cfs
CLAFTCCO,2024-12-17,40,cfs
CLAFTCCO,2024-12-18,40,cfs
CLAFTCCO,2024-12-19,40,cfs
CLAFTCCO,2024-12-20,40,cfs
CLAFTCCO,2024-12-21,40,cfs
CLAFTCCO,2024-12-22,40,cfs
CLAFTCCO,2024-12-23,40,cfs
CLAFTCCO,2024-12-24,40,cfs
CLAFTCCO,2024-12-25,35,cfs
CLAFTCCO,2024-12-26,35,cfs
CLAFTCCO,2024-12-27,35,cfs
CLAFTCCO,2024-12-28,35,cfs
CLAFTCCO,2024-12-29,35,cfs
CLAFTCCO,2024-12-30,35,cfs
CLAFTCCO,2024-12-31,35,cfs
CLAFTCCO,2025-01-01,35,cfs
CLAFTCCO,2025-01-02,40,cfs
CLAFTCCO,2025-01-03,40,cfs
CLAFTCCO,2025-01-04,35,cfs
CLAFTCCO,2025-01-05,25,cfs
CLAFTCCO,2025-01-06,30,cfs
CLAFTCCO,2025-01-07,25,cfs
CLAFTCCO,2025-01-08,25,cfs
CLAFTCCO,2025-01-09,35,cfs
CLAFTCCO,2025-01-10,35,cfs
CLAFTCCO,2025-01-11,35,cfs
CLAFTCCO,2025-01-12,30,cfs
CLAFTCCO,2025-01-13,30,cfs
CLAFTCCO,2025-01-14,35,cfs
CLAFTCCO,2025-01-15,35,cfs
CLAFTCCO,2025-01-16,35,cfs
CLAFTCCO,2025-01-17,40,cfs
CLAFTCCO,2025-01-18,35,cfs
CLAFTCCO,2025-01-19,25,cfs
CLAFTCCO,2025-01-20,20,cfs
CLAFTCCO,2025-01-21,20,cfs
CLAFTCCO,2025-01-22,30,cfs
CLAFTCCO,2025-01-23,35,cfs
CLAFTCCO,2025-01-24,35,cfs
CLAFTCCO,2025-01-25,35,cfs
CLAFTCCO,2025-01-26,30,cfs
CLAFTCCO,2025-01-27,30,cfs
CLAFTCCO,2025-01-28,35,cfs
CLAFTCCO,2025-01-29,35,cfs
CLAFTCCO,2025-01-30,40,cfs
CLAFTCCO,2025-01-31,35,cfs
CLAFTCCO,2025-02-01,40,cfs
CLAFTCCO,2025-02-02,45,cfs
CLAFTCCO,2025-02-03,45,cfs
CLAFTCCO,2025-02-04,35,cfs
CLAFTCCO,2025-02-05,40,cfs
CLAFTCCO,2025-02-06,35,cfs
CLAFTCCO,2025-02-07,40,cfs
CLAFTCCO,2025-02-08,35,cfs
CLAFTCCO,2025-02-09,35,cfs
CLAFTCCO,2025-02-10,35,cfs
CLAFTCCO,2025-02-11,30,cfs
CLAFTCCO,2025-02-12,25,cfs
CLAFTCCO,2025-02-13,30,cfs
CLAFTCCO,2025-02-14,40,cfs
CLAFTCCO,2025-02-15,35,cfs
CLAFTCCO,2025-02-16,30,cfs
CLAFTCCO,2025-02-17,30,cfs
CLAFTCCO,2025-02-18,25,cfs
CLAFTCCO,2025-02-19,25,cfs
CLAFTCCO,2025-02-20,30,cfs
CLAFTCCO,2025-02-21,35,cfs
CLAFTCCO,2025-02-22,40,cfs
CLAFTCCO,2025-02-23,50,cfs
CLAFTCCO,2025-02-24,55,cfs
CLAFTCCO,2025-02-25,60,cfs
CLAFTCCO,2025-02-26,60,cfs
CLAFTCCO,2025-02-27,60,cfs
CLAFTCCO,2025-02-28,65,cfs
CLAFTCCO,2025-03-01,35,cfs
CLAFTCCO,2025-03-02,30,cfs
CLAFTCCO,2025-03-03,44,cfs
CLAFTCCO,2025-03-04,43,cfs
CLAFTCCO,2025-03-05,37,cfs
CLAFTCCO,2025-03-06,50,cfs
CLAFTCCO,2025-03-07,38,cfs
CLAFTCCO,2025-03-08,34,cfs
CLAFTCCO,2025-03-09,39,cfs
CLAFTCCO,2025-03-10,45,cfs
CLAFTCCO,2025-03-11,52,cfs
CLAFTCCO,2025-03-12,51,cfs
CLAFTCCO,2025-03-13,53,cfs
CLAFTCCO,2025-03-14,58,cfs
CLAFTCCO,2025-03-15,50,cfs
CLAFTCCO,2025-03-16,38,cfs
CLAFTCCO,2025-03-17,48,cfs
CLAFTCCO,2025-03-18,43,cfs
CLAFTCCO,2025-03-19,42,cfs
CLAFTCCO,2025-03-20,35,cfs
CLAFTCCO,2025-03-21,38,cfs
CLAFTCCO,2025-03-22,45,cfs
CLAFTCCO,2025-03-23,41,cfs
CLAFTCCO,2025-03-24,35,cfs
CLAFTCCO,2025-03-25,40,cfs
CLAFTCCO,2025-03-26,48,cfs
CLAFTCCO,2025-03-27,55,cfs
CLAFTCCO,2025-03-28,69,cfs
CLAFTCCO,2025-03-29,92,cfs
CLAFTCCO,2025-03-30,111,cfs
CLAFTCCO,2025-03-31,103,cfs
CLAFTCCO,2025-04-01,91,cfs
CLAFTCCO,2025-04-02,70,cfs
CLAFTCCO,2025-04-03,57,cfs
CLAFTCCO,2025-04-04,72,cfs
CLAFTCCO,2025-04-05,61,cfs
CLAFTCCO,2025-04-06,65,cfs
CLAFTCCO,2025-04-07,59,cfs
CLAFTCCO,2025-04-08,52,cfs
CLAFTCCO,2025-04-09,57,cfs
CLAFTCCO,2025-04-10,80,cfs
CLAFTCCO,2025-04-11,101,cfs
CLAFTCCO,2025-04-12,137,cfs
CLAFTCCO,2025-04-13,229,cfs
CLAFTCCO,2025-04-14,224,cfs
CLAFTCCO,2025-04-15,197,cfs
CLAFTCCO,2025-04-16,218,cfs
CLAFTCCO,2025-04-17,252,cfs
CLAFTCCO,2025-04-18,282,cfs
CLAFTCCO,2025-04-19,221,cfs
CLAFTCCO,2025-04-20,191,cfs
CLAFTCCO,2025-04-21,177,cfs
CLAFTCCO,2025-04-22,161,cfs
CLAFTCCO,2025-04-23,161,cfs
CLAFTCCO,2025-04-24,184,cfs
CLAFTCCO,2025-04-25,220,cfs
CLAFTCCO,2025-04-26,272,cfs
CLAFTCCO,2025-04-27,345,cfs
CLAFTCCO,2025-04-28,352,cfs
CLAFTCCO,2025-04-29,296,cfs
CLAFTCCO,2025-04-30,435,cfs
CLAFTCCO,2025-05-01,352,cfs
CLAFTCCO,2025-05-02,198,cfs
CLAFTCCO,2025-05-03,333,cfs
CLAFTCCO,2025-05-04,526,cfs
CLAFTCCO,2025-05-05,667,cfs
CLAFTCCO,2025-05-06,586,cfs
CLAFTCCO,2025-05-07,374,cfs
CLAFTCCO,2025-05-08,334,cfs
CLAFTCCO,2025-05-09,350,cfs
CLAFTCCO,2025-05-10,358,cfs
CLAFTCCO,2025-05-11,495,cfs
CLAFTCCO,2025-05-12,709,cfs
CLAFTCCO,2025-05-13,917,cfs
CLAFTCCO,2025-05-14,871,cfs
CLAFTCCO,2025-05-15,619,cfs
CLAFTCCO,2025-05-16,466,cfs
CLAFTCCO,2025-05-17,394,cfs
CLAFTCCO,2025-05-18,403,cfs
CLAFTCCO,2025-05-19,430,cfs
CLAFTCCO,2025-05-20,386,cfs
CLAFTCCO,2025-05-21,347,cfs
CLAFTCCO,2025-05-22,342,cfs
CLAFTCCO,2025-05-23,440,cfs
CLAFTCCO,2025-05-24,739,cfs
CLAFTCCO,2025-05-25,823,cfs
CLAFTCCO,2025-05-26,906,cfs
CLAFTCCO,2025-05-27,764,cfs
CLAFTCCO,2025-05-28,827,cfs
CLAFTCCO,2025-05-29,995,cfs
CLAFTCCO,2025-05-30,930,cfs
CLAFTCCO,2025-05-31,1100,cfs
CLAFTCCO,2025-06-01,1290,cfs
CLAFTCCO,2025-06-02,1250,cfs
CLAFTCCO,2025-06-03,1590,cfs
CLAFTCCO,2025-06-04,1450,cfs
CLAFTCCO,2025-06-05,1250,cfs
CLAFTCCO,2025-06-06,1160,cfs
CLAFTCCO,2025-06-07,1000,cfs
CLAFTCCO,2025-06-08,976,cfs
CLAFTCCO,2025-06-09,965,cfs
CLAFTCCO,2025-06-10,1110,cfs
CLAFTCCO,2025-06-11,1320,cfs
CLAFTCCO,2025-06-12,1400,cfs
CLAFTCCO,2025-06-13,1440,cfs
CLAFTCCO,2025-06-14,1450,cfs
CLAFTCCO,2025-06-15,1470,cfs
CLAFTCCO,2025-06-16,1300,cfs
CLAFTCCO,2025-06-17,1310,cfs
CLAFTCCO,2025-06-18,1220,cfs
CLAFTCCO,2025-06-19,1150,cfs
CLAFTCCO,2025-06-20,1130,cfs
CLAFTCCO,2025-06-21,1220,cfs
CLAFTCCO,2025-06-22,1200,cfs
CLAFTCCO,2025-06-23,1130,cfs
CLAFTCCO,2025-06-24,1090,cfs
CLAFTCCO,2025-06-25,1050,cfs
CLAFTCCO,2025-06-26,971,cfs
CLAFTCCO,2025-06-27,875,cfs
CLAFTCCO,2025-06-28,826,cfs
CLAFTCCO,2025-06-29,827,cfs
CLAFTCCO,2025-06-30,813,cfs
CLAFTCCO,2025-07-01,804,cfs
CLAFTCCO,2025-07-02,809,cfs
CLAFTCCO,2025-07-03,771,cfs
CLAFTCCO,2025-07-04,769,cfs
CLAFTCCO,2025-07-05,771,cfs
CLAFTCCO,2025-07-06,719,cfs
CLAFTCCO,2025-07-07,656,cfs
CLAFTCCO,2025-07-08,593,cfs
CLAFTCCO,2025-07-09,547,cfs
CLAFTCCO,2025-07-10,495,cfs
CLAFTCCO,2025-07-11,491,cfs
CLAFTCCO,2025-07-12,492,cfs
CLAFTCCO,2025-07-13,471,cfs
CLAFTCCO,2025-07-14,516,cfs
CLAFTCCO,2025-07-15,484,cfs
CLAFTCCO,2025-07-16,461,cfs
CLAFTCCO,2025-07-17,463,cfs
CLAFTCCO,2025-07-18,441,cfs
CLAFTCCO,2025-07-19,419,cfs
CLAFTCCO,2025-07-20,388,cfs
CLAFTCCO,2025-07-21,313,cfs
CLAFTCCO,2025-07-22,293,cfs
CLAFTCCO,2025-07-23,280,cfs
CLAFTCCO,2025-07-24,279,cfs
CLAFTCCO,2025-07-25,269,cfs
CLAFTCCO,2025-07-26,223,cfs
CLAFTCCO,2025-07-27,221,cfs
CLAFTCCO,2025-07-28,223,cfs
CLAFTCCO,2025-07-29,165,cfs
CLAFTCCO,2025-07-30,142,cfs
CLAFTCCO,2025-07-31,113,cfs
CLAFTCCO,2025-08-01,92,cfs
CLAFTCCO,2025-08-02,70,cfs
CLAFTCCO,2025-08-03,91,cfs
CLAFTCCO,2025-08-04,82,cfs
CLAFTCCO,2025-08-05,97,cfs
CLAFTCCO,2025-08-06,80,cfs
CLAFTCCO,2025-08-07,64,cfs
CLAFTCCO,2025-08-08,58,cfs
CLAFTCCO,2025-08-09,56,cfs
CLAFTCCO,2025-08-10,54,cfs
CLAFTCCO,2025-08-11,51,cfs
CLAFTCCO,2025-08-12,57,cfs
CLAFTCCO,2025-08-13,64,cfs
CLAFTCCO,2025-08-14,66,cfs
CLAFTCCO,2025-08-15,71,cfs
CLAFTCCO,2025-08-16,94,cfs
CLAFTCCO,2025-08-17,107,cfs
CLAFTCCO,2025-08-18,91,cfs
CLAFTCCO,2025-08-19,67,cfs
CLAFTCCO,2025-08-20,61,cfs
CLAFTCCO,2025-08-21,55,cfs
CLAFTCCO,2025-08-22,73,cfs
CLAFTCCO,2025-08-23,82,cfs
CLAFTCCO,2025-08-24,89,cfs
CLAFTCCO,2025-08-25,113,cfs
CLAFTCCO,2025-08-26,137,cfs
CLAFTCCO,2025-08-27,197,cfs
CLAFTCCO,2025-08-28,190,cfs
CLAFTCCO,2025-08-29,155,cfs
CLAFTCCO,2025-08-30,106,cfs
CLAFTCCO,2025-08-31,100,cfs
CLAFTCCO,2025-09-01,95,cfs
CLAFTCCO,2025-09-02,88,cfs
CLAFTCCO,2025-09-03,73,cfs
CLAFTCCO,2025-09-04,58,cfs
CLAFTCCO,2025-09-05,47,cfs
CLAFTCCO,2025-09-06,42,cfs
CLAFTCCO,2025-09-07,31,cfs
CLAFTCCO,2025-09-08,26,cfs
CLAFTCCO,2025-09-09,23,cfs
CLAFTCCO,2025-09-10,33,cfs
CLAFTCCO,2025-09-11,29,cfs
CLAFTCCO,2025-09-12,25,cfs
CLAFTCCO,2025-09-13,33,cfs
CLAFTCCO,2025-09-14,33,cfs
CLAFTCCO,2025-09-15,32,cfs
CLAFTCCO,2025-09-16,73,cfs
CLAFTCCO,2025-09-17,78,cfs
CLAFTCCO,2025-09-18,75,cfs
CLAFTCCO,2025-09-19,58,cfs
CLAFTCCO,2025-09-20,41,cfs
CLAFTCCO,2025-09-21,36,cfs
CLAFTCCO,2025-09-22,37,cfs
CLAFTCCO,2025-09-23,64,cfs
CLAFTCCO,2025-09-24,167,cfs
CLAFTCCO,2025-09-25,131,cfs
CLAFTCCO,2025-09-26,112,cfs
CLAFTCCO,2025-09-27,91,cfs
CLAFTCCO,2025-09-28,86,cfs
CLAFTCCO,2025-09-29,74,cfs
CLAFTCCO,2025-09-30,97,cfs
CLAFTCCO,2025-10-01,93,cfs
CLAFTCCO,2025-10-02,79,cfs
CLAFTCCO,2025-10-03,71,cfs
CLAFTCCO,2025-10-04,69,cfs
CLAFTCCO,2025-10-05,82,cfs
CLAFTCCO,2025-10-06,100,cfs
CLAFTCCO,2025-10-07,102,cfs
CLAFTCCO,2025-10-08,107,cfs
CLAFTCCO,2025-10-09,99,cfs
CLAFTCCO,2025-10-10,91,cfs
CLAFTCCO,2025-10-11,91,cfs
CLAFTCCO,2025-10-12,98,cfs
CLAFTCCO,2025-10-13,101,cfs
CLAFTCCO,2025-10-14,98,cfs
CLAFTCCO,2025-10-15,93,cfs
CLAFTCCO,2025-10-16,88,cfs
CLAFTCCO,2025-10-17,79,cfs
CLAFTCCO,2025-10-18,79,cfs
CLAFTCCO,2025-10-19,79,cfs
CLAFTCCO,2025-10-20,78,cfs
CLAFTCCO,2025-10-21,75,cfs
CLAFTCCO,2025-10-22,77,cfs
CLAFTCCO,2025-10-23,79,cfs
CLAFTCCO,2025-10-24,84,cfs
CLAFTCCO,2025-10-25,88,cfs
CLAFTCCO,2025-10-26,84,cfs
CLAFTCCO,2025-10-27,82,cfs
CLAFTCCO,2025-10-28,82,cfs
CLAFTCCO,2025-10-29,64,cfs
CLAFTCCO,2025-10-30,72,cfs
CLAFTCCO,2025-10-31,87,cfs
CLAFTCCO,2025-11-01,82,cfs
CLAFTCCO,2025-11-02,77,cfs
CLAFTCCO,2025-11-03,63,cfs
CLAFTCCO,2025-11-04,70,cfs
CLAFTCCO,2025-11-05,63,cfs
CLAFTCCO,2025-11-06,63,cfs
CLAFTCCO,2025-11-07,64,cfs
CLAFTCCO,2025-11-08,62,cfs
CLAFTCCO,2025-11-09,62,cfs
CLAFTCCO,2025-11-10,49,cfs
CLAFTCCO,2025-11-11,66,cfs
CLAFTCCO,2025-11-12,66,cfs
CLAFTCCO,2025-11-13,64,cfs
CLAFTCCO,2025-11-14,64,cfs
CLAFTCCO,2025-11-15,63,cfs
CLAFTCCO,2025-11-16,63,cfs
CLAFTCCO,2025-11-17,59,cfs
CLAFTCCO,2025-11-18,54,cfs
CLAFTCCO,2025-11-19,46,cfs
CLAFTCCO,2025-11-20,52,cfs
CLAFTCCO,2025-11-21,50,cfs
CLAFTCCO,2025-11-22,54,cfs
CLAFTCCO,2025-11-23,50,cfs
CLAFTCCO,2025-11-24,44,cfs
CLAFTCCO,2025-11-25,42,cfs
CLAFTCCO,2025-11-26,35,cfs
CLAFTCCO,2025-11-27,40,cfs
CLAFTCCO,2025-11-28,45,cfs
CLAFTCCO,2025-11-29,50,cfs
CLAFTCCO,2025-11-30,35,cfs
CLAFTCCO,2025-12-01,35,cfs
CLAFTCCO,2025-12-02,40,cfs
CLAFTCCO,2025-12-03,35,cfs
CLAFTCCO,2025-12-04,40,cfs
CLAFTCCO,2025-12-05,45,cfs
CLAFTCCO,2025-12-06,50,cfs
CLAFTCCO,2025-12-07,55,cfs
CLAFTCCO,2025-12-08,60,cfs
CLAFTCCO,2025-12-09,65,cfs
CLAFTCCO,2025-12-10,65,cfs
CLAFTCCO,2025-12-11,60,cfs
CLAFTCCO,2025-12-12,50,cfs
CLAFTCCO,2025-12-13,50,cfs
CLAFTCCO,2025-12-14,40,cfs
CLAFTCCO,2025-12-15,41,cfs
CLAFTCCO,2025-12-16,54,cfs
CLAFTCCO,2025-12-17,47,cfs
CLAFTCCO,2025-12-18,43,cfs
CLAFTCCO,2025-12-19,20,cfs
CLAFTCCO,2025-12-20,70,cfs
CLAFTCCO,2025-12-21,54,cfs
CLAFTCCO,2025-12-22,61,cfs
CLAFTCCO,2025-12-23,55,cfs
CLAFTCCO,2025-12-24,52,cfs
CLAFTCCO,2025-12-25,53,cfs
CLAFTCCO,2025-12-26,54,cfs
CLAFTCCO,2025-12-27,53,cfs
CLAFTCCO,2025-12-28,40,cfs
CLAFTCCO,2025-12-29,25,cfs
CLAFTCCO,2025-12-30,7.75,cfs
CLAFTCCO,2025-12-31,31,cfs
CLAFTCCO,2026-01-01,94,cfs
CLAFTCCO,2026-01-02,89,cfs
CLAFTCCO,2026-01-03,68,cfs
CLAFTCCO,2026-01-04,65,cfs
CLAFTCCO,2026-01-05,54,cfs
CLAFTCCO,2026-01-06,51,cfs
CLAFTCCO,2026-01-07,47,cfs
CLAFTCCO,2026-01-08,46,cfs
CLAFTCCO,2026-01-09,58,cfs
CLAFTCCO,2026-01-10,29,cfs
CLAFTCCO,2026-01-11,11,cfs
CLAFTCCO,2026-01-12,51,cfs
CLAFTCCO,2026-01-13,80,cfs
CLAFTCCO,2026-01-14,71.3,cfs
CLAFTCCO,2026-01-15,60.4,cfs
CLAFTCCO,2026-01-16,50.7,cfs
CLAFTCCO,2026-01-17,58.5,cfs
CLAFTCCO,2026-01-20,55.1,cfs
CLAFTCCO,2026-01-21,52.7,cfs
CLAFTCCO,2026-01-22,44.8,cfs
CLAFTCCO,2026-01-23,41.9,cfs
CLAFTCCO,2026-01-24,41.9,cfs
CLAFTCCO,2026-01-25,41.9,cfs
CLAFTCCO,2026-01-26,41.9,cfs
CLAFTCCO,2026-01-27,41.9,cfs
CLAFTCCO,2026-01-28,41.9,cfs
CLAFTCCO,2026-01-29,43.8,cfs
CLAFTCCO,2026-01-30,51.6,cfs
CLAFTCCO,2026-01-31,48,cfs
CLAFTCCO,2026-02-01,39.6,cfs
CLAFTCCO,2026-02-02,40.9,cfs
CLAFTCCO,2026-02-03,39.8,cfs
CLAFTCCO,2026-02-04,37.5,cfs
CLAFTCCO,2026-02-05,43.6,cfs
CLAFTCCO,2026-02-06,43.3,cfs
CLAFTCCO,2026-02-07,39.2,cfs
CLAFTCCO,2026-02-08,38.1,cfs
CLAFTCCO,2026-02-09,36.4,cfs
CLAFTCCO,2026-02-10,40.3,cfs
CLAFTCCO,2026-02-11,38.3,cfs
CLAFTCCO,2026-02-12,40.1,cfs
CLAFTCCO,2026-02-13,36.9,cfs
CLAFTCCO,2026-02-14,37.4,cfs
CLAFTCCO,2026-02-15,30.5,cfs
CLAFTCCO,2026-02-16,38.3,cfs
CLAFTCCO,2026-02-17,37.3,cfs
CLAFTCCO,2026-02-18,28.4,cfs
CLAFTCCO,2026-02-19,23.7,cfs
CLAFTCCO,2026-02-20,8.15,cfs
CLAFTCCO,2026-02-21,18.9,cfs
CLAFTCCO,2026-02-22,53.4,cfs
CLAFTCCO,2026-02-23,55.8,cfs
CLAFTCCO,2026-02-24,42.4,cfs
CLAFTCCO,2026-02-25,39.7,cfs
CLAFTCCO,2026-02-26,43.7,cfs
CLAFTCCO,2026-02-27,32.8,cfs
CLAFTCCO,2026-02-28,28.9,cfs
CLAFTCCO,2026-03-01,30.4,cfs
CLAFTCCO,2026-03-02,30.5,cfs
CLAFTCCO,2026-03-03,34.1,cfs
CLAFTCCO,2026-03-04,34.1,cfs
CLAFTCCO,2026-03-05,30.7,cfs
CLAFTCCO,2026-03-06,45.1,cfs
CLAFTCCO,2026-03-07,33.5,cfs
CLAFTCCO,2026-03-08,33.2,cfs
CLAFTCCO,2026-03-09,38.4,cfs
CLAFTCCO,2026-03-10,35.4,cfs
CLAFTCCO,2026-03-11,45.5,cfs
CLAFTCCO,2026-03-12,46,cfs
CLAFTCCO,2026-03-13,42.2,cfs
CLAFTCCO,2026-03-14,43.7,cfs
CLAFTCCO,2026-03-15,49.5,cfs
CLAFTCCO,2026-03-16,43.5,cfs
CLAFTCCO,2026-03-17,47.8,cfs
CLAFTCCO,2026-03-18,48,cfs
CLAFTCCO,2026-03-19,50.5,cfs
CLAFTCCO,2026-03-20,61.4,cfs
CLAFTCCO,2026-03-21,82.6,cfs
CLAFTCCO,2026-03-22,151,cfs
CLAFTCCO,2026-03-23,213,cfs
CLAFTCCO,2026-03-24,210,cfs
CLAFTCCO,2026-03-25,256,cfs
CLAFTCCO,2026-03-26,372,cfs
CLAFTCCO,2026-03-27,432,cfs
CLAFTCCO,2026-03-28,327,cfs
CLAFTCCO,2026-03-29,307,cfs
CLAFTCCO,2026-03-30,312,cfs
CLAFTCCO,2026-03-31,303,cfs
CLAFTCCO,2026-04-01,267,cfs
CLAFTCCO,2026-04-02,229,cfs
CLAFTCCO,2026-04-03,213,cfs
CLAFTCCO,2026-04-04,102,cfs
CLAFTCCO,2026-04-05,63.3,cfs
CLAFTCCO,2026-04-06,64.3,cfs
CLAFTCCO,2026-04-07,83.6,cfs
CLAFTCCO,2026-04-08,89.8,cfs
CLAFTCCO,2026-04-09,91.9,cfs
CLAFTCCO,2026-04-10,93.5,cfs
CLAFTCCO,2026-04-11,111,cfs
CLAFTCCO,2026-04-12,129,cfs
CLAFTCCO,2026-04-13,130,cfs
CLAFTCCO,2026-04-14,148,cfs
CLAFTCCO,2026-04-15,125,cfs
CLAFTCCO,2026-04-16,101,cfs
CLAFTCCO,2026-04-17,103,cfs
CLAFTCCO,2026-04-18,88.9,cfs
CLAFTCCO,2026-04-19,97.9,cfs
CLAFTCCO,2026-04-20,109,cfs
CLAFTCCO,2026-04-21,109,cfs
CLAFTCCO,2026-04-22,150,cfs
CLAFTCCO,2026-04-23,200,cfs
CLAFTCCO,2026-04-24,185,cfs
CLAFTCCO,2026-04-25,164,cfs
CLAFTCCO,2026-04-26,168,cfs
CLAFTCCO,2026-04-27,171,cfs
CLAFTCCO,2026-04-28,189,cfs
CLAFTCCO,2026-04-29,170,cfs
CLAFTCCO,2026-04-30,124,cfs
CLAFTCCO,2026-05-01,97.8,cfs
CLAFTCCO,2026-05-02,91.7,cfs
CLAFTCCO,2026-05-03,93.2,cfs
CLAFTCCO,2026-05-04,97.9,cfs
CLAFTCCO,2026-05-05,129,cfs
CLAFTCCO,2026-05-06,113,cfs
CLAFTCCO,2026-05-07,168,cfs
CLAFTCCO,2026-05-08,232,cfs
CLAFTCCO,2026-05-09,325,cfs
CLAFTCCO,2026-05-10,437,cfs
CLAFTCCO,2026-05-11,450,cfs
CLAFTCCO,2026-05-12,462,cfs
CLAFTCCO,2026-05-13,506,cfs
CLAFTCCO,2026-05-14,549,cfs
CLAFTCCO,2026-05-15,681,cfs
CLAFTCCO,2026-05-16,689,cfs
CLAFTCCO,2026-05-17,718,cfs
CLAFTCCO,2026-05-18,737,cfs
CLAFTCCO,2026-05-19,587,cfs
CLAFTCCO,2026-05-20,597,cfs
CLAFTCCO,2026-05-21,615,cfs
CLAFTCCO,2026-05-22,602,cfs
CLAFTCCO,2026-05-23,642,cfs
CLAFTCCO,2026-05-24,622,cfs
CLAFTCCO,2026-05-25,636,cfs
CLAFTCCO,2026-05-26,699,cfs
CLAFTCCO,2026-05-27,801,cfs
CLAFTCCO,2026-05-28,836,cfs
CLAFTCCO,2026-05-29,959,cfs
CLAFTCCO,2026-05-30,967,cfs
CLAFTCCO,2026-05-31,930,cfs
CLAFTCCO,2026-06-01,810,cfs
CLAFTCCO,2026-06-02,837,cfs
CLAFTCCO,2026-06-03,862,cfs
CLAFTCCO,2026-06-04,811,cfs
CLAFTCCO,2026-06-05,811,cfs
CLAFTCCO,2026-06-06,833,cfs
CLAFTCCO,2026-06-07,809,cfs
CLAFTCCO,2026-06-08,774,cfs
CLAFTCCO,2026-06-09,789,cfs
CLAFTCCO,2026-06-10,755,cfs
CLAFTCCO,2026-06-11,773,cfs
CLAFTCCO,2026-06-12,654,cfs
CLAFTCCO,2026-06-13,638,cfs
CLAFTCCO,2026-06-14,693,cfs
CLAFTCCO,2026-06-15,681,cfs
CLAFTCCO,2026-06-16,612,cfs
CLAFTCCO,2026-06-17,531,cfs
CLAFTCCO,2026-06-18,513,cfs
CLAFTCCO,2026-06-19,499,cfs
CLAFTCCO,2026-06-20,465,cfs
CLAFTCCO,2026-06-21,432,cfs
CLAFTCCO,2026-06-22,430,cfs
CLAFTCCO,2026-06-23,406,cfs
CLAFTCCO,2026-06-24,377,cfs
CLAFTCCO,2026-06-25,354,cfs
CLAFTCCO,2026-06-26,420,cfs
CLAFTCCO,2026-06-27,427,cfs
CLAFTCCO,2026-06-28,335,cfs
CLAFTCCO,2026-06-29,333,cfs
CLAFTCCO,2026-06-30,319,cfs
CLAFTCCO,2026-07-01,298,cfs
CLAFTCCO,2026-07-02,325,cfs
CLAFTCCO,2026-07-03,325,cfs
CLAFTCCO,2026-07-04,305,cfs
CLAFTCCO,2026-07-05,299,cfs
CLAFTCCO,2026-07-06,293,cfs
CLAFTCCO,2026-07-07,291,cfs
CLAFTCCO,2026-07-08,291,cfs
CLAFTCCO,2026-07-09,300,cfs
CLAFTCCO,2026-07-10,270,cfs
CLAFTCCO,2026-07-11,248,cfs
CLAFTCCO,2026-07-12,243,cfs
CLAFTCCO,2026-07-13,237,cfs
CLAFTCCO,2026-07-14,238,cfs
CLAFTCCO,2026-07-15,241,cfs
CLAFTCCO,2026-07-16,239,cfs
CLAFTCCO,2026-07-17,236,cfs
CLAFTCCO,2026-07-18,233,cfs
CLAFTCCO,2026-07-19,235,cfs
CLAFTCCO,2026-07-20,292,cfs
CLAFTCCO,2026-07-21,300,cfs
CLAFTCCO,2026-07-22,345,cfs
CLAFTCCO,2026-07-23,387,cfs
CLAFTCCO,2026-07-24,324,cfs
CLAFTCCO,2026-07-25,297,cfs
CLAFTCCO,2026-07-26,312,cfs
CLAFTCCO,2026-07-27,310,cfs
CLAFTCCO,2026-07-28,313,cfs
CLAFTCCO,2026-07-29,310,cfs
CLAFTCCO,2026-07-30,294,cfs
CLAFTCCO,2026-07-31,263,cfs
CLAFTCCO,2026-08-01,261,cfs
CLAFTCCO,2026-08-02,256,cfs
CLAFTCCO,2026-08-03,222,cfs
CLAFTCCO,2026-08-04,205,cfs
CLAFTCCO,2026-08-05,214,cfs
CLAFTCCO,2026-08-06,215,cfs
CLAFTCCO,2026-08-07,227,cfs
CLAFTCCO,2026-08-08,231,cfs
CLAFTCCO,2026-08-09,208,cfs
CLAFTCCO,2026-08-10,184,cfs
CLAFTCCO,2026-08-11,181,cfs
CLAFTCCO,2026-08-12,200,cfs
CLAFTCCO,2026-08-13,216,cfs
CLAFTCCO,2026-08-14,183,cfs
CLAFTCCO,2026-08-15,178,cfs
CLAFTCCO,2026-08-16,158,cfs
CLAFTCCO,2026-08-17,116,cfs
CLAFTCCO,2026-08-18,142,cfs
CLAFTCCO,2026-08-19,163,cfs
CLAFTCCO,2026-08-20,131,cfs
CLAFTCCO,2026-08-21,169,cfs
CLAFTCCO,2026-08-22,192,cfs
CLAFTCCO,2026-08-23,190,cfs
CLAFTCCO,2026-08-24,175,cfs
CLAFTCCO,2026-08-25,136,cfs
CLAFTCCO,2026-08-26,71.3,cfs
CLAFTCCO,2026-08-27,34.5,cfs
CLAFTCCO,2026-08-28,25,cfs
CLAFTCCO,2026-08-29,33.8,cfs
CLAFTCCO,2026-08-30,44.4,cfs
CLAFTCCO,2026-08-31,53.7,cfs
CLAFTCCO,2026-09-01,60.2,cfs
CLAFTCCO,2026-09-02,63.2,cfs
CLAFTCCO,2026-09-03,55.6,cfs
CLAFTCCO,2026-09-04,43.9,cfs
CLAFTCCO,2026-09-05,38.1,cfs
CLAFTCCO,2026-09-06,34.8,cfs
CLAFTCCO,2026-09-07,37,cfs
CLAFTCCO,2026-09-08,36.6,cfs
CLAFTCCO,2026-09-09,31.8,cfs
CLAFTCCO,2026-09-10,36.2,cfs
CLAFTCCO,2026-09-11,37.4,cfs
CLAFTCCO,2026-09-12,33.6,cfs
CLAFTCCO,2026-09-13,30.2,cfs
CLAFTCCO,2026-09-14,39.5,cfs
CLAFTCCO,2026-09-15,41,cfs
CLAFTCCO,2026-09-16,39.3,cfs
CLAFTCCO,2026-09-17,50.3,cfs
CLAFTCCO,2026-09-18,62.2,cfs
CLAFTCCO,2026-09-19,60,cfs
CLAFTCCO,2026-09-20,59,cfs
CLAFTCCO,2026-09-21,59.5,cfs
CLAFTCCO,2026-09-22,53.8,cfs
CLAFTCCO,2026-09-23,48.2,cfs
CLAFTCCO,2026-09-24,47.4,cfs
CLAFTCCO,2026-09-25,46.4,cfs
CLAFTCCO,2026-09-26,46.5,cfs
CLAFTCCO,2026-09-27,45.4,cfs
CLAFTCCO,2026-09-28,43.8,cfs
CLAFTCCO,2026-09-29,43.6,cfs
CLAFTCCO,2026-09-30,45.2,cfs
CLARIVCO,2020-10-01,33,cfs
CLARIVCO,2020-10-02,28,cfs
CLARIVCO,2020-10-03,43,cfs
CLARIVCO,2020-10-04,43,cfs
CLARIVCO,2020-10-05,42,cfs
CLARIVCO,2020-10-06,42,cfs
CLARIVCO,2020-10-07,41,cfs
CLARIVCO,2020-10-08,42,cfs
CLARIVCO,2020-10-09,44,cfs
CLARIVCO,2020-10-10,46,cfs
CLARIVCO,2020-10-11,47,cfs
CLARIVCO,2020-10-12,49,cfs
CLARIVCO,2020-10-13,50,cfs
CLARIVCO,2020-10-14,50,cfs
CLARIVCO,2020-10-15,52,cfs
CLARIVCO,2020-10-16,45,cfs
CLARIVCO,2020-10-17,43,cfs
CLARIVCO,2020-10-18,43,cfs
CLARIVCO,2020-10-19,42,cfs
CLARIVCO,2020-10-20,45,cfs
CLARIVCO,2020-10-21,48,cfs
CLARIVCO,2020-10-22,46,cfs
CLARIVCO,2020-10-23,59,cfs
CLARIVCO,2020-10-24,308,cfs
CLARIVCO,2020-10-25,404,cfs
CLARIVCO,2020-10-26,401,cfs
CLARIVCO,2020-10-27,394,cfs
CLARIVCO,2020-10-28,378,cfs
CLARIVCO,2020-10-29,334,cfs
CLARIVCO,2020-10-30,238,cfs
CLARIVCO,2020-10-31,79,cfs
CLARIVCO,2020-11-01,39.6,cfs
CLARIVCO,2020-11-11,17.3,cfs
CLARIVCO,2020-11-12,17,cfs
CLARIVCO,2020-11-13,17,cfs
CLARIVCO,2020-11-14,16,cfs
CLARIVCO,2020-11-15,17,cfs
CLARIVCO,2020-11-16,17,cfs
CLARIVCO,2020-11-17,16,cfs
CLARIVCO,2020-11-18,16,cfs
CLARIVCO,2020-11-19,16,cfs
CLARIVCO,2020-11-20,16,cfs
CLARIVCO,2020-11-21,16,cfs
CLARIVCO,2020-11-22,16,cfs
CLARIVCO,2020-11-23,14,cfs
CLARIVCO,2020-11-24,18,cfs
CLARIVCO,2020-11-25,20,cfs
CLARIVCO,2020-11-26,18,cfs
CLARIVCO,2020-11-27,18,cfs
CLARIVCO,2020-11-28,18,cfs
CLARIVCO,2020-11-29,17,cfs
CLARIVCO,2020-11-30,18,cfs
CLARIVCO,2020-12-01,17,cfs
CLARIVCO,2020-12-02,22,cfs
CLARIVCO,2020-12-03,32,cfs
CLARIVCO,2020-12-04,22,cfs
CLARIVCO,2020-12-05,17,cfs
CLARIVCO,2020-12-06,17,cfs
CLARIVCO,2020-12-07,17,cfs
CLARIVCO,2020-12-08,17,cfs
CLARIVCO,2020-12-09,18,cfs
CLARIVCO,2020-12-10,18,cfs
CLARIVCO,2020-12-11,20,cfs
CLARIVCO,2020-12-12,20,cfs
CLARIVCO,2020-12-13,30,cfs
CLARIVCO,2020-12-14,39,cfs
CLARIVCO,2020-12-15,33,cfs
CLARIVCO,2020-12-16,44,cfs
CLARIVCO,2020-12-17,37,cfs
CLARIVCO,2020-12-18,26,cfs
CLARIVCO,2020-12-19,26,cfs
CLARIVCO,2020-12-20,30,cfs
CLARIVCO,2020-12-21,24,cfs
CLARIVCO,2020-12-22,23,cfs
CLARIVCO,2020-12-23,30,cfs
CLARIVCO,2020-12-24,37,cfs
CLARIVCO,2020-12-25,33,cfs
CLARIVCO,2020-12-26,28,cfs
CLARIVCO,2020-12-27,17,cfs
CLARIVCO,2020-12-28,17,cfs
CLARIVCO,2020-12-29,19,cfs
CLARIVCO,2020-12-30,36,cfs
CLARIVCO,2020-12-31,35,cfs
CLARIVCO,2021-01-01,21,cfs
CLARIVCO,2021-01-02,31,cfs
CLARIVCO,2021-01-03,24,cfs
CLARIVCO,2021-01-04,21,cfs
CLARIVCO,2021-01-05,19,cfs
CLARIVCO,2021-01-06,21,cfs
CLARIVCO,2021-01-07,21,cfs
CLARIVCO,2021-01-08,22,cfs
CLARIVCO,2021-01-09,18,cfs
CLARIVCO,2021-01-10,17,cfs
CLARIVCO,2021-01-11,31,cfs
CLARIVCO,2021-01-12,35,cfs
CLARIVCO,2021-01-13,31,cfs
CLARIVCO,2021-01-14,29,cfs
CLARIVCO,2021-01-15,44,cfs
CLARIVCO,2021-01-16,33,cfs
CLARIVCO,2021-01-17,19,cfs
CLARIVCO,2021-01-18,18,cfs
CLARIVCO,2021-01-19,33,cfs
CLARIVCO,2021-01-20,38,cfs
CLARIVCO,2021-01-21,69,cfs
CLARIVCO,2021-01-22,106,cfs
CLARIVCO,2021-01-23,19,cfs
CLARIVCO,2021-01-24,18,cfs
CLARIVCO,2021-01-25,18,cfs
CLARIVCO,2021-01-26,18,cfs
CLARIVCO,2021-01-27,21,cfs
CLARIVCO,2021-01-28,22,cfs
CLARIVCO,2021-01-29,25,cfs
CLARIVCO,2021-01-30,20,cfs
CLARIVCO,2021-01-31,18,cfs
CLARIVCO,2021-02-01,18,cfs
CLARIVCO,2021-02-02,19,cfs
CLARIVCO,2021-02-03,20,cfs
CLARIVCO,2021-02-04,18,cfs
CLARIVCO,2021-02-05,21,cfs
CLARIVCO,2021-02-06,19,cfs
CLARIVCO,2021-02-07,18,cfs
CLARIVCO,2021-02-08,17,cfs
CLARIVCO,2021-02-09,17,cfs
CLARIVCO,2021-02-10,6.7,cfs
CLARIVCO,2021-02-11,2.4,cfs
CLARIVCO,2021-02-12,4.3,cfs
CLARIVCO,2021-02-13,6.5,cfs
CLARIVCO,2021-02-14,3.4,cfs
CLARIVCO,2021-02-15,3.2,cfs
CLARIVCO,2021-02-16,3,cfs
CLARIVCO,2021-02-17,2.5,cfs
CLARIVCO,2021-02-18,2.3,cfs
CLARIVCO,2021-02-19,2.2,cfs
CLARIVCO,2021-02-20,2.1,cfs
CLARIVCO,2021-02-21,2.1,cfs
CLARIVCO,2021-02-22,11,cfs
CLARIVCO,2021-02-23,20,cfs
CLARIVCO,2021-02-24,19,cfs
CLARIVCO,2021-02-25,20,cfs
CLARIVCO,2021-02-26,20,cfs
CLARIVCO,2021-02-27,20,cfs
CLARIVCO,2021-02-28,20,cfs
CLARIVCO,2021-03-01,20,cfs
CLARIVCO,2021-03-02,19,cfs
CLARIVCO,2021-03-03,18,cfs
CLARIVCO,2021-03-04,20,cfs
CLARIVCO,2021-03-05,23,cfs
CLARIVCO,2021-03-06,19,cfs
CLARIVCO,2021-03-07,17,cfs
CLARIVCO,2021-03-08,16,cfs
CLARIVCO,2021-03-09,16,cfs
CLARIVCO,2021-03-10,16,cfs
CLARIVCO,2021-03-11,17,cfs
CLARIVCO,2021-03-12,17,cfs
CLARIVCO,2021-03-13,17,cfs
CLARIVCO,2021-03-14,25,cfs
CLARIVCO,2021-03-15,25,cfs
CLARIVCO,2021-03-16,21,cfs
CLARIVCO,2021-03-17,34,cfs
CLARIVCO,2021-03-18,56,cfs
CLARIVCO,2021-03-19,48,cfs
CLARIVCO,2021-03-20,49,cfs
CLARIVCO,2021-03-21,54,cfs
CLARIVCO,2021-03-22,51,cfs
CLARIVCO,2021-03-23,50,cfs
CLARIVCO,2021-03-24,55,cfs
CLARIVCO,2021-03-25,55,cfs
CLARIVCO,2021-03-26,52,cfs
CLARIVCO,2021-03-27,56,cfs
CLARIVCO,2021-03-28,53,cfs
CLARIVCO,2021-03-29,54,cfs
CLARIVCO,2021-03-30,54,cfs
CLARIVCO,2021-03-31,44,cfs
CLARIVCO,2021-04-01,40,cfs
CLARIVCO,2021-04-02,53,cfs
CLARIVCO,2021-04-03,61,cfs
CLARIVCO,2021-04-04,58,cfs
CLARIVCO,2021-04-05,39,cfs
CLARIVCO,2021-04-06,45,cfs
CLARIVCO,2021-04-07,43,cfs
CLARIVCO,2021-04-08,43,cfs
CLARIVCO,2021-04-09,43,cfs
CLARIVCO,2021-04-10,45,cfs
CLARIVCO,2021-04-11,42,cfs
CLARIVCO,2021-04-12,40,cfs
CLARIVCO,2021-04-13,36,cfs
CLARIVCO,2021-04-14,35,cfs
CLARIVCO,2021-04-15,38,cfs
CLARIVCO,2021-04-16,37,cfs
CLARIVCO,2021-04-17,41,cfs
CLARIVCO,2021-04-18,32,cfs
CLARIVCO,2021-04-19,30,cfs
CLARIVCO,2021-04-20,29,cfs
CLARIVCO,2021-04-21,30,cfs
CLARIVCO,2021-04-22,30,cfs
CLARIVCO,2021-04-23,30,cfs
CLARIVCO,2021-04-24,29,cfs
CLARIVCO,2021-04-25,29,cfs
CLARIVCO,2021-04-26,28,cfs
CLARIVCO,2021-04-27,28,cfs
CLARIVCO,2021-04-28,33,cfs
CLARIVCO,2021-04-29,25,cfs
CLARIVCO,2021-04-30,62,cfs
CLARIVCO,2021-05-01,385,cfs
CLARIVCO,2021-05-02,530,cfs
CLARIVCO,2021-05-03,849,cfs
CLARIVCO,2021-05-04,1500,cfs
CLARIVCO,2021-05-05,1420,cfs
CLARIVCO,2021-05-06,1330,cfs
CLARIVCO,2021-05-07,1220,cfs
CLARIVCO,2021-05-08,1330,cfs
CLARIVCO,2021-05-09,1490,cfs
CLARIVCO,2021-05-10,1230,cfs
CLARIVCO,2021-05-11,1370,cfs
CLARIVCO,2021-05-12,1130,cfs
CLARIVCO,2021-05-13,1070,cfs
CLARIVCO,2021-05-14,881,cfs
CLARIVCO,2021-05-15,886,cfs
CLARIVCO,2021-05-16,984,cfs
CLARIVCO,2021-05-17,1050,cfs
CLARIVCO,2021-05-18,1080,cfs
CLARIVCO,2021-05-19,1360,cfs
CLARIVCO,2021-05-20,978,cfs
CLARIVCO,2021-05-21,1060,cfs
CLARIVCO,2021-05-22,1060,cfs
CLARIVCO,2021-05-23,1630,cfs
CLARIVCO,2021-05-24,1610,cfs
CLARIVCO,2021-05-25,1060,cfs
CLARIVCO,2021-05-26,951,cfs
CLARIVCO,2021-05-27,710,cfs
CLARIVCO,2021-05-28,776,cfs
CLARIVCO,2021-05-29,823,cfs
CLARIVCO,2021-05-30,891,cfs
CLARIVCO,2021-05-31,1010,cfs
CLARIVCO,2021-06-01,1020,cfs
CLARIVCO,2021-06-02,908,cfs
CLARIVCO,2021-06-03,919,cfs
CLARIVCO,2021-06-04,1090,cfs
CLARIVCO,2021-06-05,1230,cfs
CLARIVCO,2021-06-06,1430,cfs
CLARIVCO,2021-06-07,1480,cfs
CLARIVCO,2021-06-08,1420,cfs
CLARIVCO,2021-06-09,1290,cfs
CLARIVCO,2021-06-10,1010,cfs
CLARIVCO,2021-06-11,760,cfs
CLARIVCO,2021-06-12,407,cfs
CLARIVCO,2021-06-13,251,cfs
CLARIVCO,2021-06-14,159,cfs
CLARIVCO,2021-06-15,102,cfs
CLARIVCO,2021-06-16,162,cfs
CLARIVCO,2021-06-17,58,cfs
CLARIVCO,2021-06-18,50,cfs
CLARIVCO,2021-06-19,55,cfs
CLARIVCO,2021-06-20,57,cfs
CLARIVCO,2021-06-21,58,cfs
CLARIVCO,2021-06-22,59,cfs
CLARIVCO,2021-06-23,58,cfs
CLARIVCO,2021-06-24,56,cfs
CLARIVCO,2021-06-25,72,cfs
CLARIVCO,2021-06-26,164,cfs
CLARIVCO,2021-06-27,123,cfs
CLARIVCO,2021-06-28,60,cfs
CLARIVCO,2021-06-29,59,cfs
CLARIVCO,2021-06-30,75,cfs
CLARIVCO,2021-07-01,210,cfs
CLARIVCO,2021-07-02,366,cfs
CLARIVCO,2021-07-03,132,cfs
CLARIVCO,2021-07-04,79,cfs
CLARIVCO,2021-07-05,271,cfs
CLARIVCO,2021-07-06,161,cfs
CLARIVCO,2021-07-07,108,cfs
CLARIVCO,2021-07-08,51,cfs
CLARIVCO,2021-07-09,58,cfs
CLARIVCO,2021-07-10,64,cfs
CLARIVCO,2021-07-11,63,cfs
CLARIVCO,2021-07-12,64,cfs
CLARIVCO,2021-07-13,63,cfs
CLARIVCO,2021-07-14,64,cfs
CLARIVCO,2021-07-15,64,cfs
CLARIVCO,2021-07-16,64,cfs
CLARIVCO,2021-07-17,65,cfs
CLARIVCO,2021-07-18,64,cfs
CLARIVCO,2021-07-19,64,cfs
CLARIVCO,2021-07-20,62,cfs
CLARIVCO,2021-07-21,64,cfs
CLARIVCO,2021-07-22,58,cfs
CLARIVCO,2021-07-23,53,cfs
CLARIVCO,2021-07-24,52,cfs
CLARIVCO,2021-07-25,54,cfs
CLARIVCO,2021-07-26,53,cfs
CLARIVCO,2021-07-27,52,cfs
CLARIVCO,2021-07-28,53,cfs
CLARIVCO,2021-07-29,51,cfs
CLARIVCO,2021-07-30,49,cfs
CLARIVCO,2021-07-31,50,cfs
CLARIVCO,2021-08-01,51,cfs
CLARIVCO,2021-08-02,52,cfs
CLARIVCO,2021-08-03,60,cfs
CLARIVCO,2021-08-04,109,cfs
CLARIVCO,2021-08-05,69,cfs
CLARIVCO,2021-08-06,56,cfs
CLARIVCO,2021-08-07,55,cfs
CLARIVCO,2021-08-08,56,cfs
CLARIVCO,2021-08-09,56,cfs
CLARIVCO,2021-08-10,62,cfs
CLARIVCO,2021-08-11,65,cfs
CLARIVCO,2021-08-12,65,cfs
CLARIVCO,2021-08-13,65,cfs
CLARIVCO,2021-08-14,65,cfs
CLARIVCO,2021-08-15,64,cfs
CLARIVCO,2021-08-16,64,cfs
CLARIVCO,2021-08-17,65,cfs
CLARIVCO,2021-08-18,59,cfs
CLARIVCO,2021-08-19,58,cfs
CLARIVCO,2021-08-20,60,cfs
CLARIVCO,2021-08-21,59,cfs
CLARIVCO,2021-08-22,59,cfs
CLARIVCO,2021-08-23,58,cfs
CLARIVCO,2021-08-24,56,cfs
CLARIVCO,2021-08-25,62,cfs
CLARIVCO,2021-08-26,52,cfs
CLARIVCO,2021-08-27,59,cfs
CLARIVCO,2021-08-28,61,cfs
CLARIVCO,2021-08-29,58,cfs
CLARIVCO,2021-08-30,54,cfs
CLARIVCO,2021-08-31,50,cfs
CLARIVCO,2021-09-01,50,cfs
CLARIVCO,2021-09-02,59,cfs
CLARIVCO,2021-09-03,60,cfs
CLARIVCO,2021-09-04,61,cfs
CLARIVCO,2021-09-05,59,cfs
CLARIVCO,2021-09-06,59,cfs
CLARIVCO,2021-09-07,55,cfs
CLARIVCO,2021-09-08,51,cfs
CLARIVCO,2021-09-09,51,cfs
CLARIVCO,2021-09-10,45,cfs
CLARIVCO,2021-09-11,38,cfs
CLARIVCO,2021-09-12,33,cfs
CLARIVCO,2021-09-13,28,cfs
CLARIVCO,2021-09-14,25,cfs
CLARIVCO,2021-09-15,39,cfs
CLARIVCO,2021-09-16,48,cfs
CLARIVCO,2021-09-17,51,cfs
CLARIVCO,2021-09-18,50,cfs
CLARIVCO,2021-09-19,48,cfs
CLARIVCO,2021-09-20,47,cfs
CLARIVCO,2021-09-21,48,cfs
CLARIVCO,2021-09-22,48,cfs
CLARIVCO,2021-09-23,46,cfs
CLARIVCO,2021-09-24,42,cfs
CLARIVCO,2021-09-25,36,cfs
CLARIVCO,2021-09-26,31,cfs
CLARIVCO,2021-09-27,30,cfs
CLARIVCO,2021-09-28,30,cfs
CLARIVCO,2021-09-29,34,cfs
CLARIVCO,2021-09-30,35,cfs
CLARIVCO,2021-10-01,35,cfs
CLARIVCO,2021-10-02,35,cfs
CLARIVCO,2021-10-03,36,cfs
CLARIVCO,2021-10-04,35,cfs
CLARIVCO,2021-10-05,31,cfs
CLARIVCO,2021-10-06,38,cfs
CLARIVCO,2021-10-07,48,cfs
CLARIVCO,2021-10-08,46,cfs
CLARIVCO,2021-10-09,55,cfs
CLARIVCO,2021-10-10,54,cfs
CLARIVCO,2021-10-11,56,cfs
CLARIVCO,2021-10-12,50,cfs
CLARIVCO,2021-10-13,51,cfs
CLARIVCO,2021-10-14,58,cfs
CLARIVCO,2021-10-15,60,cfs
CLARIVCO,2021-10-16,71,cfs
CLARIVCO,2021-10-17,65,cfs
CLARIVCO,2021-10-18,56,cfs
CLARIVCO,2021-10-19,49,cfs
CLARIVCO,2021-10-20,44,cfs
CLARIVCO,2021-10-21,52,cfs
CLARIVCO,2021-10-22,52,cfs
CLARIVCO,2021-10-23,54,cfs
CLARIVCO,2021-10-24,54,cfs
CLARIVCO,2021-10-25,51,cfs
CLARIVCO,2021-10-26,36,cfs
CLARIVCO,2021-10-27,41,cfs
CLARIVCO,2021-10-28,41,cfs
CLARIVCO,2021-10-29,36,cfs
CLARIVCO,2021-10-30,55,cfs
CLARIVCO,2021-10-31,113,cfs
CLARIVCO,2021-11-01,99,cfs
CLARIVCO,2021-11-02,64,cfs
CLARIVCO,2021-11-03,29,cfs
CLARIVCO,2021-11-04,36,cfs
CLARIVCO,2021-11-05,31,cfs
CLARIVCO,2021-11-06,28,cfs
CLARIVCO,2021-11-07,27,cfs
CLARIVCO,2021-11-08,27,cfs
CLARIVCO,2021-11-09,28,cfs
CLARIVCO,2021-11-10,28,cfs
CLARIVCO,2021-11-11,28,cfs
CLARIVCO,2021-11-12,40,cfs
CLARIVCO,2021-11-13,22,cfs
CLARIVCO,2021-11-14,19,cfs
CLARIVCO,2021-11-15,19,cfs
CLARIVCO,2021-11-16,18,cfs
CLARIVCO,2021-11-17,19,cfs
CLARIVCO,2021-11-18,19,cfs
CLARIVCO,2021-11-19,19,cfs
CLARIVCO,2021-11-20,19,cfs
CLARIVCO,2021-11-21,19,cfs
CLARIVCO,2021-11-22,19,cfs
CLARIVCO,2021-11-23,20,cfs
CLARIVCO,2021-11-24,19,cfs
CLARIVCO,2021-11-25,14,cfs
CLARIVCO,2021-12-11,0,cfs
CLARIVCO,2021-12-12,1.58,cfs
CLARIVCO,2022-01-01,21,cfs
CLARIVCO,2022-01-02,31,cfs
CLARIVCO,2022-01-03,30,cfs
CLARIVCO,2022-01-04,31,cfs
CLARIVCO,2022-01-05,23,cfs
CLARIVCO,2022-01-06,23,cfs
CLARIVCO,2022-01-07,21,cfs
CLARIVCO,2022-01-08,23,cfs
CLARIVCO,2022-01-09,22,cfs
CLARIVCO,2022-01-10,20,cfs
CLARIVCO,2022-01-11,20,cfs
CLARIVCO,2022-01-12,21,cfs
CLARIVCO,2022-01-13,21,cfs
CLARIVCO,2022-01-14,21,cfs
CLARIVCO,2022-01-15,20,cfs
CLARIVCO,2022-01-16,20,cfs
CLARIVCO,2022-01-17,20,cfs
CLARIVCO,2022-01-18,20,cfs
CLARIVCO,2022-01-19,20,cfs
CLARIVCO,2022-01-20,21,cfs
CLARIVCO,2022-01-21,21,cfs
CLARIVCO,2022-01-22,21.4,cfs
CLARIVCO,2022-01-23,21,cfs
CLARIVCO,2022-01-24,20,cfs
CLARIVCO,2022-01-25,21,cfs
CLARIVCO,2022-01-26,20,cfs
CLARIVCO,2022-01-27,20,cfs
CLARIVCO,2022-01-28,20,cfs
CLARIVCO,2022-01-29,20,cfs
CLARIVCO,2022-01-30,20,cfs
CLARIVCO,2022-01-31,20,cfs
CLARIVCO,2022-02-01,20,cfs
CLARIVCO,2022-02-02,22,cfs
CLARIVCO,2022-02-03,20,cfs
CLARIVCO,2022-02-04,24,cfs
CLARIVCO,2022-02-05,21,cfs
CLARIVCO,2022-02-06,21,cfs
CLARIVCO,2022-02-07,20,cfs
CLARIVCO,2022-02-08,20,cfs
CLARIVCO,2022-02-09,24,cfs
CLARIVCO,2022-02-10,26,cfs
CLARIVCO,2022-02-11,23,cfs
CLARIVCO,2022-02-12,22,cfs
CLARIVCO,2022-02-13,22,cfs
CLARIVCO,2022-02-14,22,cfs
CLARIVCO,2022-02-15,29,cfs
CLARIVCO,2022-02-16,44,cfs
CLARIVCO,2022-02-17,45,cfs
CLARIVCO,2022-02-18,45,cfs
CLARIVCO,2022-02-19,47,cfs
CLARIVCO,2022-02-20,47,cfs
CLARIVCO,2022-02-21,47,cfs
CLARIVCO,2022-02-22,46,cfs
CLARIVCO,2022-02-23,45,cfs
CLARIVCO,2022-02-24,44,cfs
CLARIVCO,2022-02-25,43,cfs
CLARIVCO,2022-02-26,44,cfs
CLARIVCO,2022-02-27,52,cfs
CLARIVCO,2022-02-28,55,cfs
CLARIVCO,2022-03-01,47,cfs
CLARIVCO,2022-03-02,51,cfs
CLARIVCO,2022-03-03,49.7,cfs
CLARIVCO,2022-03-04,40,cfs
CLARIVCO,2022-03-05,40,cfs
CLARIVCO,2022-03-06,39,cfs
CLARIVCO,2022-03-07,40,cfs
CLARIVCO,2022-03-08,41,cfs
CLARIVCO,2022-03-09,42,cfs
CLARIVCO,2022-03-10,41,cfs
CLARIVCO,2022-03-11,37,cfs
CLARIVCO,2022-03-12,40,cfs
CLARIVCO,2022-03-13,42,cfs
CLARIVCO,2022-03-14,41,cfs
CLARIVCO,2022-03-15,41,cfs
CLARIVCO,2022-03-16,41,cfs
CLARIVCO,2022-03-17,46,cfs
CLARIVCO,2022-03-18,46,cfs
CLARIVCO,2022-03-19,43,cfs
CLARIVCO,2022-03-20,41,cfs
CLARIVCO,2022-03-21,44,cfs
CLARIVCO,2022-03-22,49,cfs
CLARIVCO,2022-03-23,51,cfs
CLARIVCO,2022-03-24,51,cfs
CLARIVCO,2022-03-25,50,cfs
CLARIVCO,2022-03-26,51,cfs
CLARIVCO,2022-03-27,51,cfs
CLARIVCO,2022-03-28,50,cfs
CLARIVCO,2022-03-29,46,cfs
CLARIVCO,2022-03-30,47,cfs
CLARIVCO,2022-03-31,46,cfs
CLARIVCO,2022-04-01,46,cfs
CLARIVCO,2022-04-02,45,cfs
CLARIVCO,2022-04-03,44,cfs
CLARIVCO,2022-04-04,38,cfs
CLARIVCO,2022-04-05,36,cfs
CLARIVCO,2022-04-06,36,cfs
CLARIVCO,2022-04-07,44,cfs
CLARIVCO,2022-04-08,36,cfs
CLARIVCO,2022-04-09,31,cfs
CLARIVCO,2022-04-10,34,cfs
CLARIVCO,2022-04-11,39,cfs
CLARIVCO,2022-04-12,39,cfs
CLARIVCO,2022-04-13,43,cfs
CLARIVCO,2022-04-14,43,cfs
CLARIVCO,2022-04-15,40,cfs
CLARIVCO,2022-04-16,36,cfs
CLARIVCO,2022-04-17,31,cfs
CLARIVCO,2022-04-18,32,cfs
CLARIVCO,2022-04-19,35,cfs
CLARIVCO,2022-04-20,35,cfs
CLARIVCO,2022-04-21,36,cfs
CLARIVCO,2022-04-22,48,cfs
CLARIVCO,2022-04-23,55,cfs
CLARIVCO,2022-04-24,55,cfs
CLARIVCO,2022-04-25,59,cfs
CLARIVCO,2022-04-26,96,cfs
CLARIVCO,2022-04-27,139,cfs
CLARIVCO,2022-04-28,202,cfs
CLARIVCO,2022-04-29,138,cfs
CLARIVCO,2022-04-30,92,cfs
CLARIVCO,2022-05-01,71,cfs
CLARIVCO,2022-05-02,59,cfs
CLARIVCO,2022-05-03,57,cfs
CLARIVCO,2022-05-04,54,cfs
CLARIVCO,2022-05-05,78,cfs
CLARIVCO,2022-05-06,76,cfs
CLARIVCO,2022-05-07,66,cfs
CLARIVCO,2022-05-08,59,cfs
CLARIVCO,2022-05-09,168,cfs
CLARIVCO,2022-05-10,77,cfs
CLARIVCO,2022-05-11,239,cfs
CLARIVCO,2022-05-12,134,cfs
CLARIVCO,2022-05-13,53,cfs
CLARIVCO,2022-05-14,52,cfs
CLARIVCO,2022-05-15,92,cfs
CLARIVCO,2022-05-16,214,cfs
CLARIVCO,2022-05-17,212,cfs
CLARIVCO,2022-05-18,200,cfs
CLARIVCO,2022-05-19,474,cfs
CLARIVCO,2022-05-20,694,cfs
CLARIVCO,2022-05-21,362,cfs
CLARIVCO,2022-05-22,57,cfs
CLARIVCO,2022-05-23,54,cfs
CLARIVCO,2022-05-24,55,cfs
CLARIVCO,2022-05-25,51,cfs
CLARIVCO,2022-05-26,53,cfs
CLARIVCO,2022-05-27,59,cfs
CLARIVCO,2022-05-28,52,cfs
CLARIVCO,2022-05-29,54,cfs
CLARIVCO,2022-05-30,51,cfs
CLARIVCO,2022-05-31,47,cfs
CLARIVCO,2022-06-01,45,cfs
CLARIVCO,2022-06-02,49,cfs
CLARIVCO,2022-06-03,116,cfs
CLARIVCO,2022-06-04,319,cfs
CLARIVCO,2022-06-05,325,cfs
CLARIVCO,2022-06-06,320,cfs
CLARIVCO,2022-06-07,562,cfs
CLARIVCO,2022-06-08,594,cfs
CLARIVCO,2022-06-09,555,cfs
CLARIVCO,2022-06-10,780,cfs
CLARIVCO,2022-06-11,985,cfs
CLARIVCO,2022-06-12,1260,cfs
CLARIVCO,2022-06-13,1120,cfs
CLARIVCO,2022-06-14,645,cfs
CLARIVCO,2022-06-15,290,cfs
CLARIVCO,2022-06-16,51,cfs
CLARIVCO,2022-06-17,60,cfs
CLARIVCO,2022-06-18,150,cfs
CLARIVCO,2022-06-19,119,cfs
CLARIVCO,2022-06-20,75,cfs
CLARIVCO,2022-06-21,66,cfs
CLARIVCO,2022-06-22,60,cfs
CLARIVCO,2022-06-23,59,cfs
CLARIVCO,2022-06-24,64,cfs
CLARIVCO,2022-06-25,67,cfs
CLARIVCO,2022-06-26,65,cfs
CLARIVCO,2022-06-27,65,cfs
CLARIVCO,2022-06-28,65,cfs
CLARIVCO,2022-06-29,64,cfs
CLARIVCO,2022-06-30,64,cfs
CLARIVCO,2022-07-01,65,cfs
CLARIVCO,2022-07-02,64,cfs
CLARIVCO,2022-07-03,64,cfs
CLARIVCO,2022-07-04,65,cfs
CLARIVCO,2022-07-05,68,cfs
CLARIVCO,2022-07-06,70,cfs
CLARIVCO,2022-07-07,69,cfs
CLARIVCO,2022-07-08,70,cfs
CLARIVCO,2022-07-09,70,cfs
CLARIVCO,2022-07-10,70,cfs
CLARIVCO,2022-07-11,70,cfs
CLARIVCO,2022-07-12,71,cfs
CLARIVCO,2022-07-13,71,cfs
CLARIVCO,2022-07-14,69,cfs
CLARIVCO,2022-07-15,70,cfs
CLARIVCO,2022-07-16,69,cfs
CLARIVCO,2022-07-17,69,cfs
CLARIVCO,2022-07-18,71,cfs
CLARIVCO,2022-07-19,69,cfs
CLARIVCO,2022-07-20,71,cfs
CLARIVCO,2022-07-21,75,cfs
CLARIVCO,2022-07-22,75,cfs
CLARIVCO,2022-07-23,75,cfs
CLARIVCO,2022-07-24,75,cfs
CLARIVCO,2022-07-25,75,cfs
CLARIVCO,2022-07-26,75,cfs
CLARIVCO,2022-07-27,73,cfs
CLARIVCO,2022-07-28,129,cfs
CLARIVCO,2022-07-29,73,cfs
CLARIVCO,2022-07-30,56,cfs
CLARIVCO,2022-07-31,48,cfs
CLARIVCO,2022-08-01,52,cfs
CLARIVCO,2022-08-02,65,cfs
CLARIVCO,2022-08-03,71,cfs
CLARIVCO,2022-08-04,70,cfs
CLARIVCO,2022-08-05,69,cfs
CLARIVCO,2022-08-06,69,cfs
CLARIVCO,2022-08-07,69,cfs
CLARIVCO,2022-08-08,69,cfs
CLARIVCO,2022-08-09,66,cfs
CLARIVCO,2022-08-10,64,cfs
CLARIVCO,2022-08-11,65,cfs
CLARIVCO,2022-08-12,66,cfs
CLARIVCO,2022-08-13,66,cfs
CLARIVCO,2022-08-14,67,cfs
CLARIVCO,2022-08-15,66,cfs
CLARIVCO,2022-08-16,70,cfs
CLARIVCO,2022-08-17,70,cfs
CLARIVCO,2022-08-18,71,cfs
CLARIVCO,2022-08-19,69,cfs
CLARIVCO,2022-08-20,63,cfs
CLARIVCO,2022-08-21,64,cfs
CLARIVCO,2022-08-22,64,cfs
CLARIVCO,2022-08-23,64,cfs
CLARIVCO,2022-08-24,67,cfs
CLARIVCO,2022-08-25,69,cfs
CLARIVCO,2022-08-26,66,cfs
CLARIVCO,2022-08-27,65,cfs
CLARIVCO,2022-08-28,65,cfs
CLARIVCO,2022-08-29,64,cfs
CLARIVCO,2022-08-30,65,cfs
CLARIVCO,2022-08-31,66,cfs
CLARIVCO,2022-09-01,64,cfs
CLARIVCO,2022-09-02,59,cfs
CLARIVCO,2022-09-03,64,cfs
CLARIVCO,2022-09-04,62,cfs
CLARIVCO,2022-09-05,59,cfs
CLARIVCO,2022-09-06,61,cfs
CLARIVCO,2022-09-07,62,cfs
CLARIVCO,2022-09-08,62,cfs
CLARIVCO,2022-09-09,60,cfs
CLARIVCO,2022-09-10,57,cfs
CLARIVCO,2022-09-11,53,cfs
CLARIVCO,2022-09-12,52,cfs
CLARIVCO,2022-09-13,50,cfs
CLARIVCO,2022-09-14,49,cfs
CLARIVCO,2022-09-15,49,cfs
CLARIVCO,2022-09-16,49,cfs
CLARIVCO,2022-09-17,49,cfs
CLARIVCO,2022-09-18,49,cfs
CLARIVCO,2022-09-19,49,cfs
CLARIVCO,2022-09-20,48,cfs
CLARIVCO,2022-09-21,48,cfs
CLARIVCO,2022-09-22,50,cfs
CLARIVCO,2022-09-23,50,cfs
CLARIVCO,2022-09-24,48,cfs
CLARIVCO,2022-09-25,48,cfs
CLARIVCO,2022-09-26,48,cfs
CLARIVCO,2022-09-27,46,cfs
CLARIVCO,2022-09-28,46,cfs
CLARIVCO,2022-09-29,45,cfs
CLARIVCO,2022-09-30,44,cfs
CLARIVCO,2022-10-01,44,cfs
CLARIVCO,2022-10-02,46,cfs
CLARIVCO,2022-10-03,46,cfs
CLARIVCO,2022-10-04,56,cfs
CLARIVCO,2022-10-05,66,cfs
CLARIVCO,2022-10-06,67,cfs
CLARIVCO,2022-10-07,63,cfs
CLARIVCO,2022-10-08,57,cfs
CLARIVCO,2022-10-09,49,cfs
CLARIVCO,2022-10-10,47,cfs
CLARIVCO,2022-10-11,48,cfs
CLARIVCO,2022-10-12,46,cfs
CLARIVCO,2022-10-13,52,cfs
CLARIVCO,2022-10-14,50,cfs
CLARIVCO,2022-10-15,49,cfs
CLARIVCO,2022-10-16,48,cfs
CLARIVCO,2022-10-17,46,cfs
CLARIVCO,2022-10-18,45,cfs
CLARIVCO,2022-10-19,48,cfs
CLARIVCO,2022-10-20,51,cfs
CLARIVCO,2022-10-21,55,cfs
CLARIVCO,2022-10-22,84,cfs
CLARIVCO,2022-10-23,243,cfs
CLARIVCO,2022-10-24,240,cfs
CLARIVCO,2022-10-25,233,cfs
CLARIVCO,2022-10-26,284,cfs
CLARIVCO,2022-10-27,272,cfs
CLARIVCO,2022-10-28,247,cfs
CLARIVCO,2022-10-29,294,cfs
CLARIVCO,2022-10-30,235,cfs
CLARIVCO,2022-10-31,54,cfs
CLARIVCO,2022-11-01,34,cfs
CLARIVCO,2022-11-02,22,cfs
CLARIVCO,2022-11-03,20,cfs
CLARIVCO,2022-11-04,20,cfs
CLARIVCO,2022-11-05,22,cfs
CLARIVCO,2022-11-06,20,cfs
CLARIVCO,2022-11-07,21,cfs
CLARIVCO,2022-11-08,25,cfs
CLARIVCO,2022-11-09,24,cfs
CLARIVCO,2022-11-10,20,cfs
CLARIVCO,2022-11-11,20,cfs
CLARIVCO,2022-11-12,20,cfs
CLARIVCO,2022-11-13,20,cfs
CLARIVCO,2022-11-14,21,cfs
CLARIVCO,2022-11-15,23,cfs
CLARIVCO,2022-11-16,22,cfs
CLARIVCO,2022-11-17,21,cfs
CLARIVCO,2022-11-18,21,cfs
CLARIVCO,2022-11-19,23,cfs
CLARIVCO,2022-11-20,20,cfs
CLARIVCO,2022-11-21,20,cfs
CLARIVCO,2022-11-22,19,cfs
CLARIVCO,2022-11-23,20,cfs
CLARIVCO,2022-11-24,20,cfs
CLARIVCO,2022-11-25,20,cfs
CLARIVCO,2022-11-26,21,cfs
CLARIVCO,2022-11-27,21,cfs
CLARIVCO,2022-11-28,21,cfs
CLARIVCO,2022-11-29,22,cfs
CLARIVCO,2022-11-30,23,cfs
CLARIVCO,2022-12-01,20,cfs
CLARIVCO,2022-12-02,21,cfs
CLARIVCO,2022-12-03,21,cfs
CLARIVCO,2022-12-04,21,cfs
CLARIVCO,2022-12-05,21,cfs
CLARIVCO,2022-12-06,21,cfs
CLARIVCO,2022-12-07,22,cfs
CLARIVCO,2022-12-08,22,cfs
CLARIVCO,2022-12-09,22,cfs
CLARIVCO,2022-12-10,22,cfs
CLARIVCO,2022-12-11,21,cfs
CLARIVCO,2022-12-12,21,cfs
CLARIVCO,2022-12-13,20,cfs
CLARIVCO,2022-12-14,19,cfs
CLARIVCO,2022-12-15,21,cfs
CLARIVCO,2022-12-16,22,cfs
CLARIVCO,2022-12-17,24,cfs
CLARIVCO,2022-12-18,24,cfs
CLARIVCO,2022-12-19,24,cfs
CLARIVCO,2022-12-20,22,cfs
CLARIVCO,2022-12-21,21,cfs
CLARIVCO,2022-12-22,20,cfs
CLARIVCO,2022-12-23,20,cfs
CLARIVCO,2022-12-24,22,cfs
CLARIVCO,2022-12-25,24,cfs
CLARIVCO,2022-12-26,26,cfs
CLARIVCO,2022-12-27,28,cfs
CLARIVCO,2022-12-28,30,cfs
CLARIVCO,2022-12-29,32,cfs
CLARIVCO,2022-12-30,34,cfs
CLARIVCO,2022-12-31,35,cfs
CLARIVCO,2023-01-01,33,cfs
CLARIVCO,2023-01-02,32,cfs
CLARIVCO,2023-01-03,31,cfs
CLARIVCO,2023-01-04,30,cfs
CLARIVCO,2023-01-05,29,cfs
CLARIVCO,2023-01-06,30,cfs
CLARIVCO,2023-01-07,32,cfs
CLARIVCO,2023-01-08,30,cfs
CLARIVCO,2023-01-09,29,cfs
CLARIVCO,2023-01-10,28,cfs
CLARIVCO,2023-01-11,28,cfs
CLARIVCO,2023-01-12,28,cfs
CLARIVCO,2023-01-13,28,cfs
CLARIVCO,2023-01-14,28,cfs
CLARIVCO,2023-01-15,28,cfs
CLARIVCO,2023-01-16,28,cfs
CLARIVCO,2023-01-17,29,cfs
CLARIVCO,2023-01-18,29,cfs
CLARIVCO,2023-01-19,28,cfs
CLARIVCO,2023-01-20,27,cfs
CLARIVCO,2023-01-21,28,cfs
CLARIVCO,2023-01-22,29,cfs
CLARIVCO,2023-01-23,29,cfs
CLARIVCO,2023-01-24,28,cfs
CLARIVCO,2023-01-25,29,cfs
CLARIVCO,2023-01-26,27,cfs
CLARIVCO,2023-01-27,26,cfs
CLARIVCO,2023-01-28,25,cfs
CLARIVCO,2023-01-29,26,cfs
CLARIVCO,2023-01-30,27,cfs
CLARIVCO,2023-01-31,28,cfs
CLARIVCO,2023-02-01,34,cfs
CLARIVCO,2023-02-02,30,cfs
CLARIVCO,2023-02-03,29,cfs
CLARIVCO,2023-02-04,29,cfs
CLARIVCO,2023-02-05,29,cfs
CLARIVCO,2023-02-06,28,cfs
CLARIVCO,2023-02-07,28,cfs
CLARIVCO,2023-02-08,27,cfs
CLARIVCO,2023-02-09,26,cfs
CLARIVCO,2023-02-10,24,cfs
CLARIVCO,2023-02-11,26,cfs
CLARIVCO,2023-02-12,27,cfs
CLARIVCO,2023-02-13,27,cfs
CLARIVCO,2023-02-14,27,cfs
CLARIVCO,2023-02-15,26,cfs
CLARIVCO,2023-02-16,25,cfs
CLARIVCO,2023-02-17,26,cfs
CLARIVCO,2023-02-18,27,cfs
CLARIVCO,2023-02-19,27,cfs
CLARIVCO,2023-02-20,27,cfs
CLARIVCO,2023-02-21,27,cfs
CLARIVCO,2023-02-22,27,cfs
CLARIVCO,2023-02-23,26,cfs
CLARIVCO,2023-02-24,25,cfs
CLARIVCO,2023-02-25,26,cfs
CLARIVCO,2023-02-26,27,cfs
CLARIVCO,2023-02-27,28,cfs
CLARIVCO,2023-02-28,27,cfs
CLARIVCO,2023-03-01,28,cfs
CLARIVCO,2023-03-02,28,cfs
CLARIVCO,2023-03-03,28,cfs
CLARIVCO,2023-03-04,28,cfs
CLARIVCO,2023-03-05,27,cfs
CLARIVCO,2023-03-06,27,cfs
CLARIVCO,2023-03-07,27,cfs
CLARIVCO,2023-03-08,27,cfs
CLARIVCO,2023-03-09,27,cfs
CLARIVCO,2023-03-10,28,cfs
CLARIVCO,2023-03-11,27,cfs
CLARIVCO,2023-03-12,27,cfs
CLARIVCO,2023-03-13,27,cfs
CLARIVCO,2023-03-14,27,cfs
CLARIVCO,2023-03-15,28,cfs
CLARIVCO,2023-03-16,29,cfs
CLARIVCO,2023-03-17,28,cfs
CLARIVCO,2023-03-18,28,cfs
CLARIVCO,2023-03-19,28,cfs
CLARIVCO,2023-03-20,28,cfs
CLARIVCO,2023-03-21,27,cfs
CLARIVCO,2023-03-22,25,cfs
CLARIVCO,2023-03-23,25,cfs
CLARIVCO,2023-03-24,25,cfs
CLARIVCO,2023-03-25,26,cfs
CLARIVCO,2023-03-26,25,cfs
CLARIVCO,2023-03-27,28,cfs
CLARIVCO,2023-03-28,23,cfs
CLARIVCO,2023-03-29,15,cfs
CLARIVCO,2023-03-30,14,cfs
CLARIVCO,2023-03-31,17,cfs
CLARIVCO,2023-04-01,32,cfs
CLARIVCO,2023-04-02,43,cfs
CLARIVCO,2023-04-03,42,cfs
CLARIVCO,2023-04-04,46,cfs
CLARIVCO,2023-04-05,48,cfs
CLARIVCO,2023-04-06,50,cfs
CLARIVCO,2023-04-07,34,cfs
CLARIVCO,2023-04-08,23,cfs
CLARIVCO,2023-04-09,23,cfs
CLARIVCO,2023-04-10,44,cfs
CLARIVCO,2023-04-11,64,cfs
CLARIVCO,2023-04-12,66,cfs
CLARIVCO,2023-04-13,67,cfs
CLARIVCO,2023-04-14,64,cfs
CLARIVCO,2023-04-15,65,cfs
CLARIVCO,2023-04-16,64,cfs
CLARIVCO,2023-04-17,70,cfs
CLARIVCO,2023-04-18,80,cfs
CLARIVCO,2023-04-19,83,cfs
CLARIVCO,2023-04-20,83,cfs
CLARIVCO,2023-04-21,80,cfs
CLARIVCO,2023-04-22,81,cfs
CLARIVCO,2023-04-23,79,cfs
CLARIVCO,2023-04-24,74,cfs
CLARIVCO,2023-04-25,76,cfs
CLARIVCO,2023-04-26,76,cfs
CLARIVCO,2023-04-27,76,cfs
CLARIVCO,2023-04-28,74,cfs
CLARIVCO,2023-04-29,75,cfs
CLARIVCO,2023-04-30,76,cfs
CLARIVCO,2023-05-01,89,cfs
CLARIVCO,2023-05-02,92,cfs
CLARIVCO,2023-05-03,82,cfs
CLARIVCO,2023-05-04,132,cfs
CLARIVCO,2023-05-05,273,cfs
CLARIVCO,2023-05-06,473,cfs
CLARIVCO,2023-05-07,352,cfs
CLARIVCO,2023-05-08,478,cfs
CLARIVCO,2023-05-09,486,cfs
CLARIVCO,2023-05-10,487,cfs
CLARIVCO,2023-05-11,203,cfs
CLARIVCO,2023-05-12,156,cfs
CLARIVCO,2023-05-13,127,cfs
CLARIVCO,2023-05-14,178,cfs
CLARIVCO,2023-05-15,368,cfs
CLARIVCO,2023-05-16,452,cfs
CLARIVCO,2023-05-17,690,cfs
CLARIVCO,2023-05-18,766,cfs
CLARIVCO,2023-05-19,939,cfs
CLARIVCO,2023-05-20,901,cfs
CLARIVCO,2023-05-21,947,cfs
CLARIVCO,2023-05-22,964,cfs
CLARIVCO,2023-05-23,1000,cfs
CLARIVCO,2023-05-24,892,cfs
CLARIVCO,2023-05-25,901,cfs
CLARIVCO,2023-05-26,1100,cfs
CLARIVCO,2023-05-27,1130,cfs
CLARIVCO,2023-05-28,1070,cfs
CLARIVCO,2023-05-29,914,cfs
CLARIVCO,2023-05-30,776,cfs
CLARIVCO,2023-05-31,748,cfs
CLARIVCO,2023-06-01,619,cfs
CLARIVCO,2023-06-02,682,cfs
CLARIVCO,2023-06-03,857,cfs
CLARIVCO,2023-06-04,1260,cfs
CLARIVCO,2023-06-05,2140,cfs
CLARIVCO,2023-06-06,2290,cfs
CLARIVCO,2023-06-07,1850,cfs
CLARIVCO,2023-06-08,1920,cfs
CLARIVCO,2023-06-09,1850,cfs
CLARIVCO,2023-06-10,1610,cfs
CLARIVCO,2023-06-11,1590,cfs
CLARIVCO,2023-06-12,2160,cfs
CLARIVCO,2023-06-13,1900,cfs
CLARIVCO,2023-06-14,2240,cfs
CLARIVCO,2023-06-15,2050,cfs
CLARIVCO,2023-06-16,2150,cfs
CLARIVCO,2023-06-17,2540,cfs
CLARIVCO,2023-06-18,2480,cfs
CLARIVCO,2023-06-19,2050,cfs
CLARIVCO,2023-06-20,1670,cfs
CLARIVCO,2023-06-21,1520,cfs
CLARIVCO,2023-06-22,1620,cfs
CLARIVCO,2023-06-23,1730,cfs
CLARIVCO,2023-06-24,1610,cfs
CLARIVCO,2023-06-25,1300,cfs
CLARIVCO,2023-06-26,892,cfs
CLARIVCO,2023-06-27,610,cfs
CLARIVCO,2023-06-28,462,cfs
CLARIVCO,2023-06-29,350,cfs
CLARIVCO,2023-06-30,200,cfs
CLARIVCO,2023-07-01,232,cfs
CLARIVCO,2023-07-02,275,cfs
CLARIVCO,2023-07-03,163,cfs
CLARIVCO,2023-07-04,27,cfs
CLARIVCO,2023-07-05,134,cfs
CLARIVCO,2023-07-06,332,cfs
CLARIVCO,2023-07-07,350,cfs
CLARIVCO,2023-07-08,335,cfs
CLARIVCO,2023-07-09,659,cfs
CLARIVCO,2023-07-10,658,cfs
CLARIVCO,2023-07-11,500,cfs
CLARIVCO,2023-07-12,263,cfs
CLARIVCO,2023-07-13,63,cfs
CLARIVCO,2023-07-14,64,cfs
CLARIVCO,2023-07-15,64,cfs
CLARIVCO,2023-07-16,65,cfs
CLARIVCO,2023-07-17,64,cfs
CLARIVCO,2023-07-18,59,cfs
CLARIVCO,2023-07-19,66,cfs
CLARIVCO,2023-07-20,71,cfs
CLARIVCO,2023-07-21,192,cfs
CLARIVCO,2023-07-22,102,cfs
CLARIVCO,2023-07-23,82,cfs
CLARIVCO,2023-07-24,69,cfs
CLARIVCO,2023-07-25,70,cfs
CLARIVCO,2023-07-26,69,cfs
CLARIVCO,2023-07-27,70,cfs
CLARIVCO,2023-07-28,70,cfs
CLARIVCO,2023-07-29,68,cfs
CLARIVCO,2023-07-30,69,cfs
CLARIVCO,2023-07-31,74,cfs
CLARIVCO,2023-08-01,354,cfs
CLARIVCO,2023-08-02,79,cfs
CLARIVCO,2023-08-03,137,cfs
CLARIVCO,2023-08-04,230,cfs
CLARIVCO,2023-08-05,67,cfs
CLARIVCO,2023-08-06,68,cfs
CLARIVCO,2023-08-07,69,cfs
CLARIVCO,2023-08-08,68,cfs
CLARIVCO,2023-08-09,68,cfs
CLARIVCO,2023-08-10,69,cfs
CLARIVCO,2023-08-11,69,cfs
CLARIVCO,2023-08-12,68,cfs
CLARIVCO,2023-08-13,69,cfs
CLARIVCO,2023-08-14,66,cfs
CLARIVCO,2023-08-15,59,cfs
CLARIVCO,2023-08-16,60,cfs
CLARIVCO,2023-08-17,61,cfs
CLARIVCO,2023-08-18,60,cfs
CLARIVCO,2023-08-19,61,cfs
CLARIVCO,2023-08-20,61,cfs
CLARIVCO,2023-08-21,54,cfs
CLARIVCO,2023-08-22,53,cfs
CLARIVCO,2023-08-23,51,cfs
CLARIVCO,2023-08-24,62,cfs
CLARIVCO,2023-08-25,147,cfs
CLARIVCO,2023-08-26,64,cfs
CLARIVCO,2023-08-27,41,cfs
CLARIVCO,2023-08-28,41,cfs
CLARIVCO,2023-08-29,40,cfs
CLARIVCO,2023-08-30,41,cfs
CLARIVCO,2023-08-31,43,cfs
CLARIVCO,2023-09-01,43,cfs
CLARIVCO,2023-09-02,43,cfs
CLARIVCO,2023-09-03,43,cfs
CLARIVCO,2023-09-04,55,cfs
CLARIVCO,2023-09-05,60,cfs
CLARIVCO,2023-09-06,60,cfs
CLARIVCO,2023-09-07,59,cfs
CLARIVCO,2023-09-08,59,cfs
CLARIVCO,2023-09-09,53,cfs
CLARIVCO,2023-09-10,60,cfs
CLARIVCO,2023-09-11,92,cfs
CLARIVCO,2023-09-12,100,cfs
CLARIVCO,2023-09-13,112,cfs
CLARIVCO,2023-09-14,105,cfs
CLARIVCO,2023-09-15,101,cfs
CLARIVCO,2023-09-16,130,cfs
CLARIVCO,2023-09-17,92,cfs
CLARIVCO,2023-09-18,68,cfs
CLARIVCO,2023-09-19,54,cfs
CLARIVCO,2023-09-20,55,cfs
CLARIVCO,2023-09-21,55,cfs
CLARIVCO,2023-09-22,54,cfs
CLARIVCO,2023-09-23,54,cfs
CLARIVCO,2023-09-24,55,cfs
CLARIVCO,2023-09-25,92,cfs
CLARIVCO,2023-09-26,104,cfs
CLARIVCO,2023-09-27,98,cfs
CLARIVCO,2023-09-28,76,cfs
CLARIVCO,2023-09-29,64,cfs
CLARIVCO,2023-09-30,57,cfs
CLARIVCO,2023-10-01,60,cfs
CLARIVCO,2023-10-02,67,cfs
CLARIVCO,2023-10-03,74,cfs
CLARIVCO,2023-10-04,83,cfs
CLARIVCO,2023-10-05,82,cfs
CLARIVCO,2023-10-06,73,cfs
CLARIVCO,2023-10-07,65,cfs
CLARIVCO,2023-10-08,59,cfs
CLARIVCO,2023-10-09,50,cfs
CLARIVCO,2023-10-10,44,cfs
CLARIVCO,2023-10-11,42,cfs
CLARIVCO,2023-10-12,42,cfs
CLARIVCO,2023-10-13,43,cfs
CLARIVCO,2023-10-14,44,cfs
CLARIVCO,2023-10-15,47,cfs
CLARIVCO,2023-10-16,57,cfs
CLARIVCO,2023-10-17,54,cfs
CLARIVCO,2023-10-18,55,cfs
CLARIVCO,2023-10-19,53,cfs
CLARIVCO,2023-10-20,72,cfs
CLARIVCO,2023-10-21,130,cfs
CLARIVCO,2023-10-22,133,cfs
CLARIVCO,2023-10-23,162,cfs
CLARIVCO,2023-10-24,144,cfs
CLARIVCO,2023-10-25,146,cfs
CLARIVCO,2023-10-26,144,cfs
CLARIVCO,2023-10-27,76,cfs
CLARIVCO,2023-10-28,52,cfs
CLARIVCO,2023-10-29,40,cfs
CLARIVCO,2023-10-30,42,cfs
CLARIVCO,2023-10-31,38,cfs
CLARIVCO,2023-11-01,35,cfs
CLARIVCO,2023-11-02,31,cfs
CLARIVCO,2023-11-03,30,cfs
CLARIVCO,2023-11-04,23,cfs
CLARIVCO,2023-11-05,16,cfs
CLARIVCO,2023-11-06,14,cfs
CLARIVCO,2023-11-07,14,cfs
CLARIVCO,2023-11-08,13,cfs
CLARIVCO,2023-11-09,15,cfs
CLARIVCO,2023-11-10,11,cfs
CLARIVCO,2023-11-11,9.4,cfs
CLARIVCO,2023-11-12,12,cfs
CLARIVCO,2023-11-13,17,cfs
CLARIVCO,2023-11-14,22,cfs
CLARIVCO,2023-11-15,21,cfs
CLARIVCO,2023-11-16,21,cfs
CLARIVCO,2023-11-17,21,cfs
CLARIVCO,2023-11-18,21,cfs
CLARIVCO,2023-11-19,20,cfs
CLARIVCO,2023-11-20,20,cfs
CLARIVCO,2023-11-21,20,cfs
CLARIVCO,2023-11-22,20,cfs
CLARIVCO,2023-11-23,20,cfs
CLARIVCO,2023-11-24,21,cfs
CLARIVCO,2023-11-25,22,cfs
CLARIVCO,2023-11-26,34,cfs
CLARIVCO,2023-11-27,33,cfs
CLARIVCO,2023-11-28,20,cfs
CLARIVCO,2023-11-29,21,cfs
CLARIVCO,2023-11-30,21,cfs
CLARIVCO,2023-12-01,21,cfs
CLARIVCO,2023-12-02,30,cfs
CLARIVCO,2023-12-03,35,cfs
CLARIVCO,2023-12-04,45,cfs
CLARIVCO,2023-12-05,58,cfs
CLARIVCO,2023-12-06,57,cfs
CLARIVCO,2023-12-07,57,cfs
CLARIVCO,2023-12-08,59,cfs
CLARIVCO,2023-12-09,74,cfs
CLARIVCO,2023-12-10,73,cfs
CLARIVCO,2023-12-11,72,cfs
CLARIVCO,2023-12-12,66,cfs
CLARIVCO,2023-12-13,56,cfs
CLARIVCO,2023-12-14,57,cfs
CLARIVCO,2023-12-15,57,cfs
CLARIVCO,2023-12-16,54,cfs
CLARIVCO,2023-12-17,54,cfs
CLARIVCO,2023-12-18,50,cfs
CLARIVCO,2023-12-19,49,cfs
CLARIVCO,2023-12-20,50,cfs
CLARIVCO,2023-12-21,39,cfs
CLARIVCO,2023-12-22,34,cfs
CLARIVCO,2023-12-23,33,cfs
CLARIVCO,2023-12-24,33,cfs
CLARIVCO,2023-12-25,33,cfs
CLARIVCO,2023-12-26,26,cfs
CLARIVCO,2023-12-27,32,cfs
CLARIVCO,2023-12-28,31,cfs
CLARIVCO,2023-12-29,31,cfs
CLARIVCO,2023-12-30,30,cfs
CLARIVCO,2023-12-31,30,cfs
CLARIVCO,2024-01-01,30,cfs
CLARIVCO,2024-01-02,30,cfs
CLARIVCO,2024-01-03,30,cfs
CLARIVCO,2024-01-04,30,cfs
CLARIVCO,2024-01-05,29,cfs
CLARIVCO,2024-01-06,29,cfs
CLARIVCO,2024-01-07,29,cfs
CLARIVCO,2024-01-08,27,cfs
CLARIVCO,2024-01-09,26,cfs
CLARIVCO,2024-01-10,26,cfs
CLARIVCO,2024-01-11,26,cfs
CLARIVCO,2024-01-12,28,cfs
CLARIVCO,2024-01-13,25,cfs
CLARIVCO,2024-01-14,25,cfs
CLARIVCO,2024-01-15,25,cfs
CLARIVCO,2024-01-16,25,cfs
CLARIVCO,2024-01-17,25,cfs
CLARIVCO,2024-01-18,25,cfs
CLARIVCO,2024-01-19,25,cfs
CLARIVCO,2024-01-20,25,cfs
CLARIVCO,2024-01-21,25,cfs
CLARIVCO,2024-01-22,25,cfs
CLARIVCO,2024-01-23,25,cfs
CLARIVCO,2024-01-24,27,cfs
CLARIVCO,2024-01-25,31,cfs
CLARIVCO,2024-01-26,31,cfs
CLARIVCO,2024-01-27,31,cfs
CLARIVCO,2024-01-28,31,cfs
CLARIVCO,2024-01-29,29,cfs
CLARIVCO,2024-01-30,27,cfs
CLARIVCO,2024-01-31,26,cfs
CLARIVCO,2024-02-01,26,cfs
CLARIVCO,2024-02-02,29,cfs
CLARIVCO,2024-02-03,39,cfs
CLARIVCO,2024-02-04,37,cfs
CLARIVCO,2024-02-05,33,cfs
CLARIVCO,2024-02-06,56,cfs
CLARIVCO,2024-02-07,55,cfs
CLARIVCO,2024-02-08,61,cfs
CLARIVCO,2024-02-09,62,cfs
CLARIVCO,2024-02-10,61,cfs
CLARIVCO,2024-02-11,60,cfs
CLARIVCO,2024-02-12,59,cfs
CLARIVCO,2024-02-13,59,cfs
CLARIVCO,2024-02-14,54,cfs
CLARIVCO,2024-02-15,44,cfs
CLARIVCO,2024-02-16,45,cfs
CLARIVCO,2024-02-17,46,cfs
CLARIVCO,2024-02-18,48,cfs
CLARIVCO,2024-02-19,43,cfs
CLARIVCO,2024-02-20,33,cfs
CLARIVCO,2024-02-21,27,cfs
CLARIVCO,2024-02-22,32,cfs
CLARIVCO,2024-02-23,35,cfs
CLARIVCO,2024-02-24,31,cfs
CLARIVCO,2024-02-25,28,cfs
CLARIVCO,2024-02-26,28,cfs
CLARIVCO,2024-02-27,29,cfs
CLARIVCO,2024-02-28,32,cfs
CLARIVCO,2024-02-29,34,cfs
CLARIVCO,2024-03-01,37,cfs
CLARIVCO,2024-03-02,40,cfs
CLARIVCO,2024-03-03,42,cfs
CLARIVCO,2024-03-04,43,cfs
CLARIVCO,2024-03-05,39,cfs
CLARIVCO,2024-03-06,35,cfs
CLARIVCO,2024-03-07,52,cfs
CLARIVCO,2024-03-08,58,cfs
CLARIVCO,2024-03-09,59,cfs
CLARIVCO,2024-03-10,56,cfs
CLARIVCO,2024-03-11,52,cfs
CLARIVCO,2024-03-12,51,cfs
CLARIVCO,2024-03-13,53,cfs
CLARIVCO,2024-03-14,74,cfs
CLARIVCO,2024-03-15,113,cfs
CLARIVCO,2024-03-16,127,cfs
CLARIVCO,2024-03-17,169,cfs
CLARIVCO,2024-03-18,179,cfs
CLARIVCO,2024-03-19,168,cfs
CLARIVCO,2024-03-20,171,cfs
CLARIVCO,2024-03-21,183,cfs
CLARIVCO,2024-03-22,122,cfs
CLARIVCO,2024-03-23,92,cfs
CLARIVCO,2024-03-24,94,cfs
CLARIVCO,2024-03-25,97,cfs
CLARIVCO,2024-03-26,97,cfs
CLARIVCO,2024-03-27,89,cfs
CLARIVCO,2024-03-28,98,cfs
CLARIVCO,2024-03-29,92,cfs
CLARIVCO,2024-03-30,97,cfs
CLARIVCO,2024-03-31,92,cfs
CLARIVCO,2024-04-01,92,cfs
CLARIVCO,2024-04-02,95,cfs
CLARIVCO,2024-04-03,83,cfs
CLARIVCO,2024-04-04,68,cfs
CLARIVCO,2024-04-05,77,cfs
CLARIVCO,2024-04-06,90,cfs
CLARIVCO,2024-04-07,116,cfs
CLARIVCO,2024-04-08,87,cfs
CLARIVCO,2024-04-09,87,cfs
CLARIVCO,2024-04-10,59,cfs
CLARIVCO,2024-04-11,41,cfs
CLARIVCO,2024-04-12,40,cfs
CLARIVCO,2024-04-13,39,cfs
CLARIVCO,2024-04-14,42,cfs
CLARIVCO,2024-04-15,82,cfs
CLARIVCO,2024-04-16,174,cfs
CLARIVCO,2024-04-17,136,cfs
CLARIVCO,2024-04-18,122,cfs
CLARIVCO,2024-04-19,129,cfs
CLARIVCO,2024-04-20,125,cfs
CLARIVCO,2024-04-21,134,cfs
CLARIVCO,2024-04-22,122,cfs
CLARIVCO,2024-04-23,90,cfs
CLARIVCO,2024-04-24,134,cfs
CLARIVCO,2024-04-25,210,cfs
CLARIVCO,2024-04-26,266,cfs
CLARIVCO,2024-04-27,375,cfs
CLARIVCO,2024-04-28,396,cfs
CLARIVCO,2024-04-29,357,cfs
CLARIVCO,2024-04-30,319,cfs
CLARIVCO,2024-05-01,347,cfs
CLARIVCO,2024-05-02,354,cfs
CLARIVCO,2024-05-03,363,cfs
CLARIVCO,2024-05-04,336,cfs
CLARIVCO,2024-05-05,319,cfs
CLARIVCO,2024-05-06,338,cfs
CLARIVCO,2024-05-07,330,cfs
CLARIVCO,2024-05-08,277,cfs
CLARIVCO,2024-05-09,202,cfs
CLARIVCO,2024-05-10,84,cfs
CLARIVCO,2024-05-11,69,cfs
CLARIVCO,2024-05-12,68,cfs
CLARIVCO,2024-05-13,60,cfs
CLARIVCO,2024-05-14,58,cfs
CLARIVCO,2024-05-15,62,cfs
CLARIVCO,2024-05-16,53,cfs
CLARIVCO,2024-05-17,65,cfs
CLARIVCO,2024-05-18,98,cfs
CLARIVCO,2024-05-19,108,cfs
CLARIVCO,2024-05-20,135,cfs
CLARIVCO,2024-05-21,216,cfs
CLARIVCO,2024-05-22,49,cfs
CLARIVCO,2024-05-23,55,cfs
CLARIVCO,2024-05-24,54,cfs
CLARIVCO,2024-05-25,64,cfs
CLARIVCO,2024-05-26,86,cfs
CLARIVCO,2024-05-27,59,cfs
CLARIVCO,2024-05-28,81,cfs
CLARIVCO,2024-05-29,303,cfs
CLARIVCO,2024-05-30,78,cfs
CLARIVCO,2024-05-31,118,cfs
CLARIVCO,2024-06-01,150,cfs
CLARIVCO,2024-06-02,154,cfs
CLARIVCO,2024-06-03,152,cfs
CLARIVCO,2024-06-04,56,cfs
CLARIVCO,2024-06-05,286,cfs
CLARIVCO,2024-06-06,638,cfs
CLARIVCO,2024-06-07,743,cfs
CLARIVCO,2024-06-08,832,cfs
CLARIVCO,2024-06-09,792,cfs
CLARIVCO,2024-06-10,757,cfs
CLARIVCO,2024-06-11,703,cfs
CLARIVCO,2024-06-12,594,cfs
CLARIVCO,2024-06-13,436,cfs
CLARIVCO,2024-06-14,258,cfs
CLARIVCO,2024-06-15,188,cfs
CLARIVCO,2024-06-16,77,cfs
CLARIVCO,2024-06-17,117,cfs
CLARIVCO,2024-06-18,98,cfs
CLARIVCO,2024-06-19,70,cfs
CLARIVCO,2024-06-20,61,cfs
CLARIVCO,2024-06-21,63,cfs
CLARIVCO,2024-06-22,66,cfs
CLARIVCO,2024-06-23,62,cfs
CLARIVCO,2024-06-24,61,cfs
CLARIVCO,2024-06-25,64,cfs
CLARIVCO,2024-06-26,70,cfs
CLARIVCO,2024-06-27,74,cfs
CLARIVCO,2024-06-28,70,cfs
CLARIVCO,2024-06-29,68,cfs
CLARIVCO,2024-06-30,65,cfs
CLARIVCO,2024-07-01,63,cfs
CLARIVCO,2024-07-02,67,cfs
CLARIVCO,2024-07-03,67,cfs
CLARIVCO,2024-07-04,68,cfs
CLARIVCO,2024-07-05,68,cfs
CLARIVCO,2024-07-06,63,cfs
CLARIVCO,2024-07-07,54,cfs
CLARIVCO,2024-07-08,48,cfs
CLARIVCO,2024-07-09,47,cfs
CLARIVCO,2024-07-10,53,cfs
CLARIVCO,2024-07-11,68,cfs
CLARIVCO,2024-07-12,70,cfs
CLARIVCO,2024-07-13,67,cfs
CLARIVCO,2024-07-14,65,cfs
CLARIVCO,2024-07-15,67,cfs
CLARIVCO,2024-07-16,72,cfs
CLARIVCO,2024-07-17,72,cfs
CLARIVCO,2024-07-18,72,cfs
CLARIVCO,2024-07-19,68,cfs
CLARIVCO,2024-07-20,67,cfs
CLARIVCO,2024-07-21,69,cfs
CLARIVCO,2024-07-22,66,cfs
CLARIVCO,2024-07-23,67,cfs
CLARIVCO,2024-07-24,65,cfs
CLARIVCO,2024-07-25,68,cfs
CLARIVCO,2024-07-26,70,cfs
CLARIVCO,2024-07-27,70,cfs
CLARIVCO,2024-07-28,71,cfs
CLARIVCO,2024-07-29,70,cfs
CLARIVCO,2024-07-30,67,cfs
CLARIVCO,2024-07-31,66,cfs
CLARIVCO,2024-08-01,87,cfs
CLARIVCO,2024-08-02,70,cfs
CLARIVCO,2024-08-03,68,cfs
CLARIVCO,2024-08-04,67,cfs
CLARIVCO,2024-08-05,67,cfs
CLARIVCO,2024-08-06,69,cfs
CLARIVCO,2024-08-07,68,cfs
CLARIVCO,2024-08-08,66,cfs
CLARIVCO,2024-08-09,69,cfs
CLARIVCO,2024-08-10,69,cfs
CLARIVCO,2024-08-11,88,cfs
CLARIVCO,2024-08-12,67,cfs
CLARIVCO,2024-08-13,65,cfs
CLARIVCO,2024-08-14,70,cfs
CLARIVCO,2024-08-15,67,cfs
CLARIVCO,2024-08-16,66,cfs
CLARIVCO,2024-08-17,62,cfs
CLARIVCO,2024-08-18,62,cfs
CLARIVCO,2024-08-19,61,cfs
CLARIVCO,2024-08-20,61,cfs
CLARIVCO,2024-08-21,62,cfs
CLARIVCO,2024-08-22,61,cfs
CLARIVCO,2024-08-23,63,cfs
CLARIVCO,2024-08-24,62,cfs
CLARIVCO,2024-08-25,62,cfs
CLARIVCO,2024-08-26,60,cfs
CLARIVCO,2024-08-27,56,cfs
CLARIVCO,2024-08-28,52,cfs
CLARIVCO,2024-08-29,53,cfs
CLARIVCO,2024-08-30,54,cfs
CLARIVCO,2024-08-31,54,cfs
CLARIVCO,2024-09-01,53,cfs
CLARIVCO,2024-09-02,54,cfs
CLARIVCO,2024-09-03,55,cfs
CLARIVCO,2024-09-04,54,cfs
CLARIVCO,2024-09-05,54,cfs
CLARIVCO,2024-09-06,56,cfs
CLARIVCO,2024-09-07,50,cfs
CLARIVCO,2024-09-08,55,cfs
CLARIVCO,2024-09-09,55,cfs
CLARIVCO,2024-09-10,46,cfs
CLARIVCO,2024-09-11,44,cfs
CLARIVCO,2024-09-12,43,cfs
CLARIVCO,2024-09-13,43,cfs
CLARIVCO,2024-09-14,43,cfs
CLARIVCO,2024-09-15,49,cfs
CLARIVCO,2024-09-16,46,cfs
CLARIVCO,2024-09-17,46,cfs
CLARIVCO,2024-09-18,47,cfs
CLARIVCO,2024-09-19,43,cfs
CLARIVCO,2024-09-20,36,cfs
CLARIVCO,2024-09-21,35,cfs
CLARIVCO,2024-09-22,35,cfs
CLARIVCO,2024-09-23,34,cfs
CLARIVCO,2024-09-24,32,cfs
CLARIVCO,2024-09-25,32,cfs
CLARIVCO,2024-09-26,33,cfs
CLARIVCO,2024-09-27,35,cfs
CLARIVCO,2024-09-28,35,cfs
CLARIVCO,2024-09-29,35,cfs
CLARIVCO,2024-09-30,36,cfs
CLARIVCO,2024-10-01,36,cfs
CLARIVCO,2024-10-02,36,cfs
CLARIVCO,2024-10-03,36,cfs
CLARIVCO,2024-10-04,36,cfs
CLARIVCO,2024-10-05,35,cfs
CLARIVCO,2024-10-06,35,cfs
CLARIVCO,2024-10-07,41,cfs
CLARIVCO,2024-10-08,42,cfs
CLARIVCO,2024-10-09,45,cfs
CLARIVCO,2024-10-10,42,cfs
CLARIVCO,2024-10-11,43,cfs
CLARIVCO,2024-10-12,43,cfs
CLARIVCO,2024-10-13,42,cfs
CLARIVCO,2024-10-14,43,cfs
CLARIVCO,2024-10-15,50,cfs
CLARIVCO,2024-10-16,88,cfs
CLARIVCO,2024-10-17,116,cfs
CLARIVCO,2024-10-18,109,cfs
CLARIVCO,2024-10-19,118,cfs
CLARIVCO,2024-10-20,103,cfs
CLARIVCO,2024-10-21,73,cfs
CLARIVCO,2024-10-22,72,cfs
CLARIVCO,2024-10-23,76,cfs
CLARIVCO,2024-10-24,77,cfs
CLARIVCO,2024-10-25,71,cfs
CLARIVCO,2024-10-26,40,cfs
CLARIVCO,2024-10-27,37,cfs
CLARIVCO,2024-10-28,35,cfs
CLARIVCO,2024-10-29,36,cfs
CLARIVCO,2024-10-30,28,cfs
CLARIVCO,2024-10-31,26,cfs
CLARIVCO,2024-11-01,32,cfs
CLARIVCO,2024-11-02,22.5,cfs
CLARIVCO,2024-11-03,18.9,cfs
CLARIVCO,2024-11-04,18.4,cfs
CLARIVCO,2024-11-05,19.8,cfs
CLARIVCO,2024-11-06,20.3,cfs
CLARIVCO,2024-11-07,20.1,cfs
CLARIVCO,2024-11-08,21,cfs
CLARIVCO,2024-11-09,40.8,cfs
CLARIVCO,2024-11-10,29.6,cfs
CLARIVCO,2024-11-11,24,cfs
CLARIVCO,2024-11-12,22.2,cfs
CLARIVCO,2024-11-13,22.2,cfs
CLARIVCO,2024-11-14,21.8,cfs
CLARIVCO,2024-11-15,19.5,cfs
CLARIVCO,2024-11-16,19.5,cfs
CLARIVCO,2024-11-17,17.9,cfs
CLARIVCO,2024-11-18,19.6,cfs
CLARIVCO,2024-11-19,17.1,cfs
CLARIVCO,2024-11-20,21.7,cfs
CLARIVCO,2024-11-21,45.4,cfs
CLARIVCO,2024-11-22,47.1,cfs
CLARIVCO,2024-11-23,68,cfs
CLARIVCO,2024-11-24,62.7,cfs
CLARIVCO,2024-11-25,57.3,cfs
CLARIVCO,2024-11-26,50.8,cfs
CLARIVCO,2024-11-27,53.9,cfs
CLARIVCO,2024-11-28,65.3,cfs
CLARIVCO,2024-11-29,48.8,cfs
CLARIVCO,2024-11-30,40.7,cfs
CLARIVCO,2024-12-01,35.2,cfs
CLARIVCO,2024-12-02,42.4,cfs
CLARIVCO,2024-12-03,51.7,cfs
CLARIVCO,2024-12-04,59.3,cfs
CLARIVCO,2024-12-05,58.2,cfs
CLARIVCO,2024-12-06,51.6,cfs
CLARIVCO,2024-12-07,47.9,cfs
CLARIVCO,2024-12-08,47.7,cfs
CLARIVCO,2024-12-09,54.2,cfs
CLARIVCO,2024-12-10,49.8,cfs
CLARIVCO,2024-12-11,43.5,cfs
CLARIVCO,2024-12-12,40.1,cfs
CLARIVCO,2024-12-13,35.6,cfs
CLARIVCO,2024-12-14,37.9,cfs
CLARIVCO,2024-12-15,45.3,cfs
CLARIVCO,2024-12-16,46.7,cfs
CLARIVCO,2024-12-17,45.5,cfs
CLARIVCO,2024-12-18,36.6,cfs
CLARIVCO,2024-12-19,27.1,cfs
CLARIVCO,2024-12-20,24.7,cfs
CLARIVCO,2024-12-21,21.6,cfs
CLARIVCO,2024-12-22,21.6,cfs
CLARIVCO,2024-12-23,21,cfs
CLARIVCO,2024-12-24,21.6,cfs
CLARIVCO,2024-12-25,23,cfs
CLARIVCO,2024-12-26,24.9,cfs
CLARIVCO,2024-12-27,24.2,cfs
CLARIVCO,2024-12-28,23,cfs
CLARIVCO,2024-12-29,21.5,cfs
CLARIVCO,2024-12-30,22.2,cfs
CLARIVCO,2024-12-31,19.5,cfs
CLARIVCO,2025-01-01,21.8,cfs
CLARIVCO,2025-01-02,22.3,cfs
CLARIVCO,2025-01-03,15.6,cfs
CLARIVCO,2025-01-04,15.3,cfs
CLARIVCO,2025-01-05,18.6,cfs
CLARIVCO,2025-01-06,25.4,cfs
CLARIVCO,2025-01-07,16.9,cfs
CLARIVCO,2025-01-08,26.6,cfs
CLARIVCO,2025-01-09,27.4,cfs
CLARIVCO,2025-01-10,41.2,cfs
CLARIVCO,2025-01-11,29.3,cfs
CLARIVCO,2025-01-12,52.6,cfs
CLARIVCO,2025-01-13,53.2,cfs
CLARIVCO,2025-01-14,47.5,cfs
CLARIVCO,2025-01-15,43.8,cfs
CLARIVCO,2025-01-16,40.2,cfs
CLARIVCO,2025-01-17,22.8,cfs
CLARIVCO,2025-01-18,20.1,cfs
CLARIVCO,2025-01-19,23.7,cfs
CLARIVCO,2025-01-20,23.7,cfs
CLARIVCO,2025-01-21,23.7,cfs
CLARIVCO,2025-01-22,23.4,cfs
CLARIVCO,2025-01-23,22.9,cfs
CLARIVCO,2025-01-24,22.9,cfs
CLARIVCO,2025-01-25,22.9,cfs
CLARIVCO,2025-01-26,22.9,cfs
CLARIVCO,2025-01-27,22.9,cfs
CLARIVCO,2025-01-28,22.9,cfs
CLARIVCO,2025-01-29,22.6,cfs
CLARIVCO,2025-01-30,21.9,cfs
CLARIVCO,2025-01-31,21.2,cfs
CLARIVCO,2025-02-01,20.1,cfs
CLARIVCO,2025-02-02,16,cfs
CLARIVCO,2025-02-03,14.8,cfs
CLARIVCO,2025-02-04,14.4,cfs
CLARIVCO,2025-02-05,14.4,cfs
CLARIVCO,2025-02-06,14.4,cfs
CLARIVCO,2025-02-07,14.4,cfs
CLARIVCO,2025-02-08,13.9,cfs
CLARIVCO,2025-02-09,13.7,cfs
CLARIVCO,2025-02-10,13.7,cfs
CLARIVCO,2025-02-11,13.7,cfs
CLARIVCO,2025-02-12,13.7,cfs
CLARIVCO,2025-02-13,13.7,cfs
CLARIVCO,2025-02-14,13.7,cfs
CLARIVCO,2025-02-15,13.7,cfs
CLARIVCO,2025-02-16,13.7,cfs
CLARIVCO,2025-02-17,13.7,cfs
CLARIVCO,2025-02-18,13.7,cfs
CLARIVCO,2025-02-19,13.7,cfs
CLARIVCO,2025-02-20,13.7,cfs
CLARIVCO,2025-02-21,13.7,cfs
CLARIVCO,2025-02-22,13.7,cfs
CLARIVCO,2025-02-23,13.7,cfs
CLARIVCO,2025-02-24,13.7,cfs
CLARIVCO,2025-02-25,13.7,cfs
CLARIVCO,2025-02-26,13.8,cfs
CLARIVCO,2025-02-27,14.4,cfs
CLARIVCO,2025-02-28,14.5,cfs
CLARIVCO,2025-03-01,14.5,cfs
CLARIVCO,2025-03-02,14.6,cfs
CLARIVCO,2025-03-03,15.2,cfs
CLARIVCO,2025-03-04,17.5,cfs
CLARIVCO,2025-03-05,17.3,cfs
CLARIVCO,2025-03-06,16.4,cfs
CLARIVCO,2025-03-07,16.1,cfs
CLARIVCO,2025-03-08,15.6,cfs
CLARIVCO,2025-03-09,15,cfs
CLARIVCO,2025-03-10,15.3,cfs
CLARIVCO,2025-03-11,14,cfs
CLARIVCO,2025-03-12,14.3,cfs
CLARIVCO,2025-03-13,14.7,cfs
CLARIVCO,2025-03-14,16.3,cfs
CLARIVCO,2025-03-15,14,cfs
CLARIVCO,2025-03-16,14.2,cfs
CLARIVCO,2025-03-17,14.5,cfs
CLARIVCO,2025-03-18,15.1,cfs
CLARIVCO,2025-03-19,14.9,cfs
CLARIVCO,2025-03-20,13.9,cfs
CLARIVCO,2025-03-21,18.3,cfs
CLARIVCO,2025-03-22,24.2,cfs
CLARIVCO,2025-03-23,25.6,cfs
CLARIVCO,2025-03-24,32,cfs
CLARIVCO,2025-03-25,43.6,cfs
CLARIVCO,2025-03-26,45.9,cfs
CLARIVCO,2025-03-27,46.9,cfs
CLARIVCO,2025-03-28,54.6,cfs
CLARIVCO,2025-03-29,60.2,cfs
CLARIVCO,2025-03-30,82.5,cfs
CLARIVCO,2025-03-31,47,cfs
CLARIVCO,2025-04-01,32.6,cfs
CLARIVCO,2025-04-02,25.6,cfs
CLARIVCO,2025-04-03,20,cfs
CLARIVCO,2025-04-04,16.5,cfs
CLARIVCO,2025-04-05,14.3,cfs
CLARIVCO,2025-04-06,13.2,cfs
CLARIVCO,2025-04-07,12.3,cfs
CLARIVCO,2025-04-08,12.3,cfs
CLARIVCO,2025-04-09,16.8,cfs
CLARIVCO,2025-04-10,37.3,cfs
CLARIVCO,2025-04-11,42.3,cfs
CLARIVCO,2025-04-12,44.8,cfs
CLARIVCO,2025-04-13,55.3,cfs
CLARIVCO,2025-04-14,52.2,cfs
CLARIVCO,2025-04-15,42.3,cfs
CLARIVCO,2025-04-16,60.1,cfs
CLARIVCO,2025-04-17,53.1,cfs
CLARIVCO,2025-04-18,48.1,cfs
CLARIVCO,2025-04-19,51.3,cfs
CLARIVCO,2025-04-20,49.3,cfs
CLARIVCO,2025-04-21,45.6,cfs
CLARIVCO,2025-04-22,43.3,cfs
CLARIVCO,2025-04-23,45,cfs
CLARIVCO,2025-04-24,49.8,cfs
CLARIVCO,2025-04-25,53,cfs
CLARIVCO,2025-04-26,68.1,cfs
CLARIVCO,2025-04-27,65.2,cfs
CLARIVCO,2025-04-28,104,cfs
CLARIVCO,2025-04-29,99.9,cfs
CLARIVCO,2025-04-30,168,cfs
CLARIVCO,2025-05-01,279,cfs
CLARIVCO,2025-05-02,58.1,cfs
CLARIVCO,2025-05-03,102,cfs
CLARIVCO,2025-05-04,332,cfs
CLARIVCO,2025-05-05,463,cfs
CLARIVCO,2025-05-06,468,cfs
CLARIVCO,2025-05-07,135,cfs
CLARIVCO,2025-05-08,78.1,cfs
CLARIVCO,2025-05-09,57.6,cfs
CLARIVCO,2025-05-10,46.7,cfs
CLARIVCO,2025-05-11,51.7,cfs
CLARIVCO,2025-05-12,73.6,cfs
CLARIVCO,2025-05-13,305,cfs
CLARIVCO,2025-05-14,326,cfs
CLARIVCO,2025-05-15,375,cfs
CLARIVCO,2025-05-16,102,cfs
CLARIVCO,2025-05-17,61.4,cfs
CLARIVCO,2025-05-18,57.5,cfs
CLARIVCO,2025-05-19,61,cfs
CLARIVCO,2025-05-20,64.9,cfs
CLARIVCO,2025-05-21,37.8,cfs
CLARIVCO,2025-05-22,37.4,cfs
CLARIVCO,2025-05-23,32.2,cfs
CLARIVCO,2025-05-24,45.3,cfs
CLARIVCO,2025-05-25,129,cfs
CLARIVCO,2025-05-26,192,cfs
CLARIVCO,2025-05-27,145,cfs
CLARIVCO,2025-05-28,98.6,cfs
CLARIVCO,2025-05-29,297,cfs
CLARIVCO,2025-05-30,261,cfs
CLARIVCO,2025-05-31,303,cfs
CLARIVCO,2025-06-01,408,cfs
CLARIVCO,2025-06-02,303,cfs
CLARIVCO,2025-06-03,408,cfs
CLARIVCO,2025-06-04,747,cfs
CLARIVCO,2025-06-05,434,cfs
CLARIVCO,2025-06-06,322,cfs
CLARIVCO,2025-06-07,374,cfs
CLARIVCO,2025-06-08,248,cfs
CLARIVCO,2025-06-09,103,cfs
CLARIVCO,2025-06-10,55.3,cfs
CLARIVCO,2025-06-11,95.2,cfs
CLARIVCO,2025-06-12,88.7,cfs
CLARIVCO,2025-06-13,203,cfs
CLARIVCO,2025-06-14,290,cfs
CLARIVCO,2025-06-15,252,cfs
CLARIVCO,2025-06-16,130,cfs
CLARIVCO,2025-06-17,228,cfs
CLARIVCO,2025-06-18,229,cfs
CLARIVCO,2025-06-19,163,cfs
CLARIVCO,2025-06-20,76.7,cfs
CLARIVCO,2025-06-21,64.4,cfs
CLARIVCO,2025-06-22,71.7,cfs
CLARIVCO,2025-06-23,65.7,cfs
CLARIVCO,2025-06-24,56,cfs
CLARIVCO,2025-06-25,57.8,cfs
CLARIVCO,2025-06-26,53.4,cfs
CLARIVCO,2025-06-27,55.8,cfs
CLARIVCO,2025-06-28,54.4,cfs
CLARIVCO,2025-06-29,53.9,cfs
CLARIVCO,2025-06-30,54.5,cfs
CLARIVCO,2025-07-01,124,cfs
CLARIVCO,2025-07-02,63,cfs
CLARIVCO,2025-07-03,67.7,cfs
CLARIVCO,2025-07-04,66,cfs
CLARIVCO,2025-07-05,85.6,cfs
CLARIVCO,2025-07-06,72.1,cfs
CLARIVCO,2025-07-07,70.9,cfs
CLARIVCO,2025-07-08,71,cfs
CLARIVCO,2025-07-09,73.2,cfs
CLARIVCO,2025-07-10,67.8,cfs
CLARIVCO,2025-07-11,71.4,cfs
CLARIVCO,2025-07-12,76.9,cfs
CLARIVCO,2025-07-13,77.4,cfs
CLARIVCO,2025-07-14,71.2,cfs
CLARIVCO,2025-07-15,65.6,cfs
CLARIVCO,2025-07-16,67.4,cfs
CLARIVCO,2025-07-17,70.9,cfs
CLARIVCO,2025-07-18,72.6,cfs
CLARIVCO,2025-07-19,71.9,cfs
CLARIVCO,2025-07-20,69.9,cfs
CLARIVCO,2025-07-21,67.5,cfs
CLARIVCO,2025-07-22,65.8,cfs
CLARIVCO,2025-07-23,66.8,cfs
CLARIVCO,2025-07-24,65.9,cfs
CLARIVCO,2025-07-25,65.8,cfs
CLARIVCO,2025-07-26,64.1,cfs
CLARIVCO,2025-07-27,63.7,cfs
CLARIVCO,2025-07-28,64.2,cfs
CLARIVCO,2025-07-29,62.7,cfs
CLARIVCO,2025-07-30,62.3,cfs
CLARIVCO,2025-07-31,59.7,cfs
CLARIVCO,2025-08-01,57.6,cfs
CLARIVCO,2025-08-02,56.6,cfs
CLARIVCO,2025-08-03,55.7,cfs
CLARIVCO,2025-08-04,57,cfs
CLARIVCO,2025-08-05,56.4,cfs
CLARIVCO,2025-08-06,55.1,cfs
CLARIVCO,2025-08-07,54.4,cfs
CLARIVCO,2025-08-08,54.3,cfs
CLARIVCO,2025-08-09,54.1,cfs
CLARIVCO,2025-08-10,54.5,cfs
CLARIVCO,2025-08-11,55.1,cfs
CLARIVCO,2025-08-12,53.4,cfs
CLARIVCO,2025-08-13,52.7,cfs
CLARIVCO,2025-08-14,54.6,cfs
CLARIVCO,2025-08-15,60.9,cfs
CLARIVCO,2025-08-16,58.4,cfs
CLARIVCO,2025-08-17,60.1,cfs
CLARIVCO,2025-08-18,65.2,cfs
CLARIVCO,2025-08-19,59.4,cfs
CLARIVCO,2025-08-20,58.8,cfs
CLARIVCO,2025-08-21,58.3,cfs
CLARIVCO,2025-08-22,58.7,cfs
CLARIVCO,2025-08-23,59,cfs
CLARIVCO,2025-08-24,57.9,cfs
CLARIVCO,2025-08-25,62.8,cfs
CLARIVCO,2025-08-26,65.1,cfs
CLARIVCO,2025-08-27,55.8,cfs
CLARIVCO,2025-08-28,68,cfs
CLARIVCO,2025-08-29,69.2,cfs
CLARIVCO,2025-08-30,55.6,cfs
CLARIVCO,2025-08-31,55.3,cfs
CLARIVCO,2025-09-01,51.2,cfs
CLARIVCO,2025-09-02,49.5,cfs
CLARIVCO,2025-09-03,51.1,cfs
CLARIVCO,2025-09-04,51,cfs
CLARIVCO,2025-09-05,50.1,cfs
CLARIVCO,2025-09-06,51.4,cfs
CLARIVCO,2025-09-07,52.9,cfs
CLARIVCO,2025-09-08,41.5,cfs
CLARIVCO,2025-09-09,44.3,cfs
CLARIVCO,2025-09-10,48.4,cfs
CLARIVCO,2025-09-11,48,cfs
CLARIVCO,2025-09-12,47.1,cfs
CLARIVCO,2025-09-13,64.5,cfs
CLARIVCO,2025-09-14,55.8,cfs
CLARIVCO,2025-09-15,51.7,cfs
CLARIVCO,2025-09-16,56.3,cfs
CLARIVCO,2025-09-17,117,cfs
CLARIVCO,2025-09-18,94,cfs
CLARIVCO,2025-09-19,72.4,cfs
CLARIVCO,2025-09-20,61.7,cfs
CLARIVCO,2025-09-21,57,cfs
CLARIVCO,2025-09-22,55.5,cfs
CLARIVCO,2025-09-23,99.5,cfs
CLARIVCO,2025-09-24,208,cfs
CLARIVCO,2025-09-25,138,cfs
CLARIVCO,2025-09-26,44.7,cfs
CLARIVCO,2025-09-27,44,cfs
CLARIVCO,2025-09-28,44.7,cfs
CLARIVCO,2025-09-29,44.3,cfs
CLARIVCO,2025-09-30,43.9,cfs
CLARIVCO,2025-10-01,44.8,cfs
CLARIVCO,2025-10-02,46.7,cfs
CLARIVCO,2025-10-03,55.7,cfs
CLARIVCO,2025-10-04,56.4,cfs
CLARIVCO,2025-10-05,61.8,cfs
CLARIVCO,2025-10-06,55.3,cfs
CLARIVCO,2025-10-07,74.3,cfs
CLARIVCO,2025-10-08,44.4,cfs
CLARIVCO,2025-10-09,44.2,cfs
CLARIVCO,2025-10-10,79.4,cfs
CLARIVCO,2025-10-11,46.7,cfs
CLARIVCO,2025-10-12,41.2,cfs
CLARIVCO,2025-10-13,40.8,cfs
CLARIVCO,2025-10-14,42.2,cfs
CLARIVCO,2025-10-15,40.7,cfs
CLARIVCO,2025-10-16,38.8,cfs
CLARIVCO,2025-10-17,31.8,cfs
CLARIVCO,2025-10-18,81,cfs
CLARIVCO,2025-10-19,135,cfs
CLARIVCO,2025-10-20,162,cfs
CLARIVCO,2025-10-21,332,cfs
CLARIVCO,2025-10-22,322,cfs
CLARIVCO,2025-10-23,289,cfs
CLARIVCO,2025-10-24,333,cfs
CLARIVCO,2025-10-25,347,cfs
CLARIVCO,2025-10-26,351,cfs
CLARIVCO,2025-10-27,336,cfs
CLARIVCO,2025-10-28,179,cfs
CLARIVCO,2025-10-29,130,cfs
CLARIVCO,2025-10-30,115,cfs
CLARIVCO,2025-10-31,126,cfs
CLARIVCO,2025-11-01,116,cfs
CLARIVCO,2025-11-02,29.9,cfs
CLARIVCO,2025-11-03,17.2,cfs
CLARIVCO,2025-11-04,15.8,cfs
CLARIVCO,2025-11-05,17.8,cfs
CLARIVCO,2025-11-06,17.2,cfs
CLARIVCO,2025-11-07,14.9,cfs
CLARIVCO,2025-11-08,14.1,cfs
CLARIVCO,2025-11-09,13.8,cfs
CLARIVCO,2025-11-10,16.3,cfs
CLARIVCO,2025-11-11,15.8,cfs
CLARIVCO,2025-11-12,12.9,cfs
CLARIVCO,2025-11-13,12.8,cfs
CLARIVCO,2025-11-14,14.8,cfs
CLARIVCO,2025-11-15,14.4,cfs
CLARIVCO,2025-11-16,12.9,cfs
CLARIVCO,2025-11-17,13.9,cfs
CLARIVCO,2025-11-18,13,cfs
CLARIVCO,2025-11-19,13,cfs
CLARIVCO,2025-11-20,12.6,cfs
CLARIVCO,2025-11-21,12.4,cfs
CLARIVCO,2025-11-22,12.1,cfs
CLARIVCO,2025-11-23,11.9,cfs
CLARIVCO,2025-11-24,12,cfs
CLARIVCO,2025-11-25,12.1,cfs
CLARIVCO,2025-11-26,12.2,cfs
CLARIVCO,2025-11-27,12.3,cfs
CLARIVCO,2025-11-28,11.7,cfs
CLARIVCO,2025-11-29,8.96,cfs
CLARIVCO,2025-11-30,7.33,cfs
CLARIVCO,2025-12-01,6.1,cfs
CLARIVCO,2025-12-02,7.36,cfs
CLARIVCO,2025-12-03,9.99,cfs
CLARIVCO,2025-12-04,10.5,cfs
CLARIVCO,2025-12-05,11.6,cfs
CLARIVCO,2025-12-06,12.5,cfs
CLARIVCO,2025-12-07,14.4,cfs
CLARIVCO,2025-12-08,16.2,cfs
CLARIVCO,2025-12-09,19.5,cfs
CLARIVCO,2025-12-10,23.7,cfs
CLARIVCO,2025-12-11,26.5,cfs
CLARIVCO,2025-12-12,32,cfs
CLARIVCO,2025-12-13,31.3,cfs
CLARIVCO,2025-12-14,29.7,cfs
CLARIVCO,2025-12-15,30.8,cfs
CLARIVCO,2025-12-16,29.8,cfs
CLARIVCO,2025-12-17,31.7,cfs
CLARIVCO,2025-12-18,29,cfs
CLARIVCO,2025-12-19,25.9,cfs
CLARIVCO,2025-12-20,23.7,cfs
CLARIVCO,2025-12-21,23.6,cfs
CLARIVCO,2025-12-22,21.7,cfs
CLARIVCO,2025-12-23,13.8,cfs
CLARIVCO,2025-12-24,16.4,cfs
CLARIVCO,2025-12-25,13.1,cfs
CLARIVCO,2025-12-26,12.7,cfs
CLARIVCO,2025-12-27,14.3,cfs
CLARIVCO,2025-12-28,13.4,cfs
CLARIVCO,2025-12-29,16.8,cfs
CLARIVCO,2025-12-30,22.8,cfs
CLARIVCO,2025-12-31,12.9,cfs
CLARIVCO,2026-01-01,12.2,cfs
CLARIVCO,2026-01-02,16,cfs
CLARIVCO,2026-01-03,14.1,cfs
CLARIVCO,2026-01-04,12.8,cfs
CLARIVCO,2026-01-05,14.8,cfs
CLARIVCO,2026-01-06,15.3,cfs
CLARIVCO,2026-01-07,16.1,cfs
CLARIVCO,2026-01-08,13.3,cfs
CLARIVCO,2026-01-09,13.3,cfs
CLARIVCO,2026-01-10,18.8,cfs
CLARIVCO,2026-01-11,13.6,cfs
CLARIVCO,2026-01-12,12.9,cfs
CLARIVCO,2026-01-13,11.4,cfs
CLARIVCO,2026-01-14,11.3,cfs
CLARIVCO,2026-01-15,14.5,cfs
CLARIVCO,2026-01-16,16.1,cfs
CLARIVCO,2026-01-17,17.1,cfs
CLARIVCO,2026-01-18,18.1,cfs
CLARIVCO,2026-01-19,10.7,cfs
CLARIVCO,2026-01-20,18.5,cfs
CLARIVCO,2026-01-21,16.7,cfs
CLARIVCO,2026-01-22,16.9,cfs
CLARIVCO,2026-01-23,23,cfs
CLARIVCO,2026-01-24,28.7,cfs
CLARIVCO,2026-01-25,28.7,cfs
CLARIVCO,2026-01-26,30.2,cfs
CLARIVCO,2026-01-27,24.2,cfs
CLARIVCO,2026-01-28,3.58,cfs
CLARIVCO,2026-01-29,0,cfs
CLARIVCO,2026-01-30,0.184,cfs
CLARIVCO,2026-01-31,0.528,cfs
CLARIVCO,2026-02-01,0.528,cfs
CLARIVCO,2026-02-02,0.528,cfs
CLARIVCO,2026-02-03,6.16,cfs
CLARIVCO,2026-02-04,10.2,cfs
CLARIVCO,2026-02-05,9.54,cfs
CLARIVCO,2026-02-06,11.6,cfs
CLARIVCO,2026-02-07,10.6,cfs
CLARIVCO,2026-02-08,9.74,cfs
CLARIVCO,2026-02-09,12.7,cfs
CLARIVCO,2026-02-10,11.4,cfs
CLARIVCO,2026-02-11,10.7,cfs
CLARIVCO,2026-02-12,12.4,cfs
CLARIVCO,2026-02-13,11.4,cfs
CLARIVCO,2026-02-14,10.9,cfs
CLARIVCO,2026-02-15,13.1,cfs
CLARIVCO,2026-02-16,11.9,cfs
CLARIVCO,2026-02-17,11.9,cfs
CLARIVCO,2026-02-18,13.1,cfs
CLARIVCO,2026-02-19,11.4,cfs
CLARIVCO,2026-02-20,10.8,cfs
CLARIVCO,2026-02-21,14.9,cfs
CLARIVCO,2026-02-22,10.9,cfs
CLARIVCO,2026-02-23,10.9,cfs
CLARIVCO,2026-02-24,12.8,cfs
CLARIVCO,2026-02-25,11.5,cfs
CLARIVCO,2026-02-26,11.1,cfs
CLARIVCO,2026-02-27,18.3,cfs
CLARIVCO,2026-02-28,21.1,cfs
CLARIVCO,2026-03-01,21.1,cfs
CLARIVCO,2026-03-02,23.4,cfs
CLARIVCO,2026-03-03,22.4,cfs
CLARIVCO,2026-03-04,18.3,cfs
CLARIVCO,2026-03-05,12.4,cfs
CLARIVCO,2026-03-06,15.2,cfs
CLARIVCO,2026-03-07,13.4,cfs
CLARIVCO,2026-03-08,12.7,cfs
CLARIVCO,2026-03-09,15.2,cfs
CLARIVCO,2026-03-10,12.8,cfs
CLARIVCO,2026-03-11,10.9,cfs
CLARIVCO,2026-03-12,12.9,cfs
CLARIVCO,2026-03-13,10,cfs
CLARIVCO,2026-03-14,10.7,cfs
CLARIVCO,2026-03-15,11.6,cfs
CLARIVCO,2026-03-16,10,cfs
CLARIVCO,2026-03-17,19.4,cfs
CLARIVCO,2026-03-18,22.8,cfs
CLARIVCO,2026-03-19,10.8,cfs
CLARIVCO,2026-03-20,9.32,cfs
CLARIVCO,2026-03-21,9.38,cfs
CLARIVCO,2026-03-22,11.7,cfs
CLARIVCO,2026-03-23,10.7,cfs
CLARIVCO,2026-03-24,10.2,cfs
CLARIVCO,2026-03-25,12.3,cfs
CLARIVCO,2026-03-26,10.8,cfs
CLARIVCO,2026-03-27,10.3,cfs
CLARIVCO,2026-03-28,10,cfs
CLARIVCO,2026-03-29,12.5,cfs
CLARIVCO,2026-03-30,11.2,cfs
CLARIVCO,2026-03-31,9.62,cfs
CLARIVCO,2026-04-01,9.34,cfs
CLARIVCO,2026-04-02,10.2,cfs
CLARIVCO,2026-04-03,11.8,cfs
CLARIVCO,2026-04-04,11.7,cfs
CLARIVCO,2026-04-05,12.3,cfs
CLARIVCO,2026-04-06,11.5,cfs
CLARIVCO,2026-04-07,20.3,cfs
CLARIVCO,2026-04-08,27.3,cfs
CLARIVCO,2026-04-09,24.5,cfs
CLARIVCO,2026-04-10,24.7,cfs
CLARIVCO,2026-04-11,29,cfs
CLARIVCO,2026-04-12,33.3,cfs
CLARIVCO,2026-04-13,36,cfs
CLARIVCO,2026-04-14,44.2,cfs
CLARIVCO,2026-04-15,64.1,cfs
CLARIVCO,2026-04-16,57.4,cfs
CLARIVCO,2026-04-17,46.2,cfs
CLARIVCO,2026-04-18,47.9,cfs
CLARIVCO,2026-04-19,34.8,cfs
CLARIVCO,2026-04-20,40.5,cfs
CLARIVCO,2026-04-21,40.1,cfs
CLARIVCO,2026-04-22,36.8,cfs
CLARIVCO,2026-04-23,42.3,cfs
CLARIVCO,2026-04-24,68.5,cfs
CLARIVCO,2026-04-25,58.6,cfs
CLARIVCO,2026-04-26,54.6,cfs
CLARIVCO,2026-04-27,56.5,cfs
CLARIVCO,2026-04-28,55.5,cfs
CLARIVCO,2026-04-29,54,cfs
CLARIVCO,2026-04-30,44.9,cfs
CLARIVCO,2026-05-01,35.6,cfs
CLARIVCO,2026-05-02,32.3,cfs
CLARIVCO,2026-05-03,32.1,cfs
CLARIVCO,2026-05-04,31.3,cfs
CLARIVCO,2026-05-05,32.2,cfs
CLARIVCO,2026-05-06,31.8,cfs
CLARIVCO,2026-05-07,32.4,cfs
CLARIVCO,2026-05-08,32.6,cfs
CLARIVCO,2026-05-09,32.9,cfs
CLARIVCO,2026-05-10,37.5,cfs
CLARIVCO,2026-05-11,39.9,cfs
CLARIVCO,2026-05-12,39.3,cfs
CLARIVCO,2026-05-13,44.4,cfs
CLARIVCO,2026-05-14,47.4,cfs
CLARIVCO,2026-05-15,57.1,cfs
CLARIVCO,2026-05-16,66.4,cfs
CLARIVCO,2026-05-17,66.6,cfs
CLARIVCO,2026-05-18,72.7,cfs
CLARIVCO,2026-05-19,64.8,cfs
CLARIVCO,2026-05-20,57.8,cfs
CLARIVCO,2026-05-21,63.1,cfs
CLARIVCO,2026-05-22,57.3,cfs
CLARIVCO,2026-05-23,57.4,cfs
CLARIVCO,2026-05-24,57.4,cfs
CLARIVCO,2026-05-25,57.3,cfs
CLARIVCO,2026-05-26,57.6,cfs
CLARIVCO,2026-05-27,57.1,cfs
CLARIVCO,2026-05-28,57.5,cfs
CLARIVCO,2026-05-29,97.4,cfs
CLARIVCO,2026-05-30,69,cfs
CLARIVCO,2026-05-31,57.4,cfs
CLARIVCO,2026-06-01,57,cfs
CLARIVCO,2026-06-02,57.6,cfs
CLARIVCO,2026-06-03,75.5,cfs
CLARIVCO,2026-06-04,82.8,cfs
CLARIVCO,2026-06-05,82.4,cfs
CLARIVCO,2026-06-06,82.5,cfs
CLARIVCO,2026-06-07,92.4,cfs
CLARIVCO,2026-06-08,106,cfs
CLARIVCO,2026-06-09,92.8,cfs
CLARIVCO,2026-06-10,93,cfs
CLARIVCO,2026-06-11,93.3,cfs
CLARIVCO,2026-06-12,90.7,cfs
CLARIVCO,2026-06-13,83.3,cfs
CLARIVCO,2026-06-14,83.1,cfs
CLARIVCO,2026-06-15,89.7,cfs
CLARIVCO,2026-06-16,93.4,cfs
CLARIVCO,2026-06-17,92.8,cfs
CLARIVCO,2026-06-18,89.5,cfs
CLARIVCO,2026-06-19,79.7,cfs
CLARIVCO,2026-06-20,72.7,cfs
CLARIVCO,2026-06-21,72.2,cfs
CLARIVCO,2026-06-22,65.1,cfs
CLARIVCO,2026-06-23,62.4,cfs
CLARIVCO,2026-06-24,58.8,cfs
CLARIVCO,2026-06-25,53.5,cfs
CLARIVCO,2026-06-26,59.7,cfs
CLARIVCO,2026-06-27,65.2,cfs
CLARIVCO,2026-06-28,63.2,cfs
CLARIVCO,2026-06-29,62.7,cfs
CLARIVCO,2026-06-30,65.1,cfs
CLARIVCO,2026-07-01,63.9,cfs
CLARIVCO,2026-07-02,41.9,cfs
CLARIVCO,2026-07-03,67.4,cfs
CLARIVCO,2026-07-04,61.9,cfs
CLARIVCO,2026-07-05,48.3,cfs
CLARIVCO,2026-07-06,19,cfs
CLARIVCO,2026-07-07,40.6,cfs
CLARIVCO,2026-07-08,48.5,cfs
CLARIVCO,2026-07-09,41.2,cfs
CLARIVCO,2026-07-10,62.4,cfs
CLARIVCO,2026-07-11,65,cfs
CLARIVCO,2026-07-12,67.3,cfs
CLARIVCO,2026-07-13,52.7,cfs
CLARIVCO,2026-07-14,60,cfs
CLARIVCO,2026-07-15,67.5,cfs
CLARIVCO,2026-07-16,77.1,cfs
CLARIVCO,2026-07-17,96.5,cfs
CLARIVCO,2026-07-18,79.1,cfs
CLARIVCO,2026-07-19,74.2,cfs
CLARIVCO,2026-07-20,56.3,cfs
CLARIVCO,2026-07-21,78.1,cfs
CLARIVCO,2026-07-22,68.7,cfs
CLARIVCO,2026-07-23,81.9,cfs
CLARIVCO,2026-07-24,71.7,cfs
CLARIVCO,2026-07-25,121,cfs
CLARIVCO,2026-07-26,79.2,cfs
CLARIVCO,2026-07-27,70.1,cfs
CLARIVCO,2026-07-28,79.9,cfs
CLARIVCO,2026-07-29,63.6,cfs
CLARIVCO,2026-07-30,62.9,cfs
CLARIVCO,2026-07-31,227,cfs
CLARIVCO,2026-08-01,55.4,cfs
CLARIVCO,2026-08-02,61.3,cfs
CLARIVCO,2026-08-03,56,cfs
CLARIVCO,2026-08-04,49.1,cfs
CLARIVCO,2026-08-05,55.8,cfs
CLARIVCO,2026-08-06,82.9,cfs
CLARIVCO,2026-08-07,86.4,cfs
CLARIVCO,2026-08-08,77.3,cfs
CLARIVCO,2026-08-09,71.6,cfs
CLARIVCO,2026-08-10,68.2,cfs
CLARIVCO,2026-08-11,67.2,cfs
CLARIVCO,2026-08-12,76.5,cfs
CLARIVCO,2026-08-13,74.2,cfs
CLARIVCO,2026-08-14,150,cfs
CLARIVCO,2026-08-15,72.8,cfs
CLARIVCO,2026-08-16,72.4,cfs
CLARIVCO,2026-08-17,67.1,cfs
CLARIVCO,2026-08-18,52.1,cfs
CLARIVCO,2026-08-19,49.3,cfs
CLARIVCO,2026-08-20,65.3,cfs
CLARIVCO,2026-08-21,68.2,cfs
CLARIVCO,2026-08-22,55,cfs
CLARIVCO,2026-08-23,54.7,cfs
CLARIVCO,2026-08-24,54.3,cfs
CLARIVCO,2026-08-25,60.7,cfs
CLARIVCO,2026-08-26,63.6,cfs
CLARIVCO,2026-08-27,57.1,cfs
CLARIVCO,2026-08-28,50.5,cfs
CLARIVCO,2026-08-29,56.9,cfs
CLARIVCO,2026-08-30,65.3,cfs
CLARIVCO,2026-08-31,67.6,cfs
CLARIVCO,2026-09-01,454,cfs
CLARIVCO,2026-09-02,1310,cfs
CLARIVCO,2026-09-03,69.5,cfs
CLARIVCO,2026-09-04,54.3,cfs
CLARIVCO,2026-09-05,58.5,cfs
CLARIVCO,2026-09-06,54.2,cfs
CLARIVCO,2026-09-07,52,cfs
CLARIVCO,2026-09-08,51.7,cfs
CLARIVCO,2026-09-09,50.9,cfs
CLARIVCO,2026-09-10,49.8,cfs
CLARIVCO,2026-09-11,43.6,cfs
CLARIVCO,2026-09-12,44.9,cfs
CLARIVCO,2026-09-13,48.1,cfs
CLARIVCO,2026-09-14,48.8,cfs
CLARIVCO,2026-09-15,48.4,cfs
CLARIVCO,2026-09-16,50.1,cfs
CLARIVCO,2026-09-17,49.8,cfs
CLARIVCO,2026-09-18,49.7,cfs
CLARIVCO,2026-09-19,61,cfs
CLARIVCO,2026-09-20,70.5,cfs
CLARIVCO,2026-09-21,49.7,cfs
CLARIVCO,2026-09-22,39.9,cfs
CLARIVCO,2026-09-23,37.9,cfs
CLARIVCO,2026-09-24,44.5,cfs
CLARIVCO,2026-09-25,51.1,cfs
CLARIVCO,2026-09-26,51.3,cfs
CLARIVCO,2026-09-27,45.6,cfs
CLARIVCO,2026-09-28,47.1,cfs
CLARIVCO,2026-09-29,52.7,cfs
CLARIVCO,2026-09-30,54,cfs
